stock,minmax,BOP,TSF,SIN,STDDEV,CORREL,TAN,COS
1101,min,-1.0,28.16938681318681,-0.9872383999318818,0.11881053825587365,0.6317811287485238,-459.3180304841846,-0.9982434072632106
1101,max,1.0,37.572678021978014,0.999997630037509,0.9910035975723196,0.9976789880275442,21.855653472831285,0.9991647962529323
