stock,minmax,BOP,TSF,SIN,STDDEV,CORREL,TAN,COS
1102,min,-1.0,34.59643626373623,-0.9991555477206706,0.055308299531631765,0.3046816679085607,-24.317686468219996,-0.9954238191628022
1102,max,2.0,7.696116483516512,1.9982394179332392,0.8816014485219789,0.6867368123648356,47.6634422402975,1.9947278130982768
