stock,minmax,BOP,TSF,SIN,STDDEV,CORREL,TAN,COS
1215,min,-1.0,68.57960879120876,-0.9995889680003397,0.03672000005932716,0.7189019696442815,-34.86689480153631,-0.9992830563371309
1215,max,2.0,4.962570329670342,1.9984863012745602,1.0019108371541952,0.24761997081915732,38.83402315140466,1.997706406977224
