stock,minmax,BOP,TSF,SIN,STDDEV,CORREL,TAN,COS
1301,min,-1.0,73.39755604395599,-0.9993197394548243,0.1570530407539366,0.8915315867620525,-27.097279923247605,-0.9854658180385885
1301,max,1.0,85.96201538461541,0.9999703141677267,2.5834366653768686,0.9941759043986084,129.77789273647826,0.999478109876054
