stock,minmax,BOP,TSF,SIN,STDDEV,CORREL,TAN,COS
1301,min,-1.0,74.63735274725269,-0.9975438590527831,0.1596825425227409,0.8915297999998206,-16.00620383743945,-0.999995548889043
1301,max,2.0,12.776747252747299,1.996995927987732,2.4673886910732206,0.10264516171788485,46.20179320658123,1.9964183427832176
