stock,minmax,BOP,TSF,SIN,STDDEV,CORREL,TAN,COS
1304,min,-1.0,19.004068131868138,-0.9999887429739887,0.036262013179290654,0.7557511843536455,-28.85035144653566,-0.9871712340354931
1304,max,1.8235436893203896,5.406424175824167,1.9998928021161873,0.7317398967140716,0.22891855323099108,239.6012819028736,1.946845278748441
