stock,minmax,BOP,TSF,SIN,STDDEV,CORREL,TAN,COS
1305,min,-1.0,19.096696703296722,-0.986622068970298,0.11839833444375202,0.7662354127930954,-1825.6446514617342,-0.999966777320242
1305,max,2.0,9.861370329670315,1.986621918954358,1.6416337932175644,0.22044030260718028,1846.140272648786,1.9999418844091381
