stock,minmax,BOP,TSF,SIN,STDDEV,CORREL,TAN,COS
1305,min,-1.0,18.732449450549442,-0.9999987908352298,0.11611333428226811,0.766234637253551,-643.0457403092705,-0.9998462854237921
1305,max,1.0,28.405713186813202,0.9990567377134524,1.7264375304072004,0.9866742840872673,23.007072305398122,0.9996148291384058
