stock,minmax,BOP,TSF,SIN,STDDEV,CORREL,TAN,COS
1308,min,-1.0,21.576068131868134,-0.9999982981689292,0.05112077466463312,0.7234744646377359,-34.398979848644665,-0.999851247016072
1308,max,1.0,27.672850549450512,0.9995777168840793,1.6320510268988162,0.9800499755763536,542.033618554055,0.9968303132466042
