stock,minmax,BOP,TSF,SIN,STDDEV,CORREL,TAN,COS
1319,min,-1.0,36.48401868131867,-0.9996051978412324,0.17193307303167985,0.8586967893998103,-59.5471727689009,-0.9995851791684314
1319,max,1.0,45.46943296703291,0.9998590205331427,2.8640670136018835,0.9802773904298021,35.576778336298126,0.9998232316288613
