stock,minmax,BOP,TSF,SIN,STDDEV,CORREL,TAN,COS
1326,min,-1.0,63.67248241758247,-0.9958114982902078,0.0768450024955285,0.8234126899881303,-10.891508328426204,-0.999575044237167
1326,max,0.9444283814260068,72.23361538461536,0.997428169136351,1.5331054844364407,0.9854160857378956,13.916333958718225,0.9999999695132311
