stock,minmax,BOP,TSF,SIN,STDDEV,CORREL,TAN,COS
1402,min,-0.8888354186718028,28.385649450549458,-0.9998824946457521,0.07387750402911798,0.7636925575858766,-32.38383878783301,-0.9998943849916673
1402,max,0.8570765661252832,30.94008021978022,0.014533370639170914,0.7595385535979079,0.967986808039373,65.2255721767978,0.7883791349730943
