stock,minmax,BOP,TSF,SIN,STDDEV,CORREL,TAN,COS
1402,min,-0.8889146567718033,29.451584615384604,-0.9989863114411273,0.07664000000506155,0.7637140041772897,-19.641072923549434,-0.5004601642884688
1402,max,1.7460788136228536,2.6503758241758675,1.4716169337172627,0.7114240770857118,0.20427522175229895,41.833374979010316,1.5003733954650784
