stock,minmax,BOP,TSF,SIN,STDDEV,CORREL,TAN,COS
1476,min,-0.9545458933933211,364.5478373626369,-0.9936317134789376,2.2480391882662265,0.7029819923930983,-24.322565222523192,-0.9965993369484849
1476,max,0.9512200176138398,473.3865241758244,0.9991558860277107,17.069879073040315,0.9900986784426605,8.818438289509926,0.9992355462570971
