stock,minmax,BOP,TSF,SIN,STDDEV,CORREL,TAN,COS
1477,min,-1.0,163.25411428571434,-0.9851605467131429,0.7526952169801635,0.9109843837882914,-5.393846458913571,-0.9999856200946781
1477,max,1.0,223.00262307692304,0.9832447918472065,6.500015383190294,0.9931226439245954,5.739846032111297,0.9999982988687319
