stock,minmax,BOP,TSF,SIN,STDDEV,CORREL,TAN,COS
1477,min,-1.0,157.09443516483515,-0.9990628796734311,0.7243085376574291,0.9109849407567471,-23.082450693841142,-0.9931273278720331
1477,max,1.0,214.5885890109891,0.9991449814359755,6.254762703932523,0.9931225998448013,24.16676915889326,0.9999699264356323
