stock,minmax,BOP,TSF,SIN,STDDEV,CORREL,TAN,COS
1477,min,-1.0,163.25411428571434,-0.9851605467131429,0.7526952169801635,0.9109843837882914,-5.393846458913571,-0.9999856200946781
1477,max,2.0,59.74850879120871,1.9684053385603493,5.74732016621013,0.08213826013630399,11.133692491024867,1.99998391896341
