stock,minmax,BOP,TSF,SIN,STDDEV,CORREL,TAN,COS
1504,min,-1.0,25.16021648351647,-0.6110339811195512,0.04579321350366269,0.8807487177152133,-12.767803268310756,-0.9999952994648323
1504,max,1.9375501470981575,3.744280219780226,1.6109163631207282,0.5888992209886116,0.09904712675728666,77.96212868544897,1.9999100349228403
