stock,minmax,BOP,TSF,SIN,STDDEV,CORREL,TAN,COS
1504,min,-1.0,25.16021648351647,-0.6110339811195512,0.04579321350366269,0.8807487177152133,-12.767803268310756,-0.9999952994648323
1504,max,0.9375501470981574,28.904496703296697,0.999882382001177,0.6346924344922743,0.9797958444725,65.19432541713822,0.9999147354580079
