stock,minmax,BOP,TSF,SIN,STDDEV,CORREL,TAN,COS
1513,min,-0.8570788530465944,46.58340439560437,-0.9999298837194739,0.23117515435949465,0.9077785495655609,-114.66000535063121,-0.9994983856125059
1513,max,0.9795822576859905,94.34409670329673,0.9999619704388041,3.585934608772323,0.9891078175812275,84.44087558331366,0.9989105719502348
