stock,minmax,BOP,TSF,SIN,STDDEV,CORREL,TAN,COS
1513,min,-0.8570788530465944,46.58340439560437,-0.9999298837194739,0.23117515435949465,0.9077785495655609,-114.66000535063121,-0.9994983856125059
1513,max,1.8366611107325848,47.76069230769236,1.999891854158278,3.3547594544128287,0.08132926801566653,199.10088093394486,1.9984089575627406
