stock,minmax,BOP,TSF,SIN,STDDEV,CORREL,TAN,COS
1519,min,-1.0,35.18781538461535,-0.9998486094914204,0.19616076467188714,0.8426158295593762,-41.63459689574563,-0.9997646617988282
1519,max,2.0,28.628695604395666,1.998381298135255,3.5657848941587797,0.14964683531079248,99.09734114930842,1.9985930373792171
