stock,minmax,BOP,TSF,SIN,STDDEV,CORREL,TAN,COS
1532,min,-1.0,25.405486813186815,-0.9998666650984636,0.023662070821262038,0.2858612755590777,-4.3617730427793315,-0.9999728702777461
1532,max,2.0,6.110554945054947,1.98673499408797,0.8245751686327831,0.701903162698542,65.59253256342792,1.996065791017799
