stock,minmax,BOP,TSF,SIN,STDDEV,CORREL,TAN,COS
1532,min,-1.0,25.405486813186815,-0.9998666650984636,0.023662070821262038,0.2858612755590777,-4.3617730427793315,-0.9999728702777461
1532,max,1.0,31.516041758241762,0.9868683289895064,0.8482372394540452,0.9877644382576197,61.23075952064859,0.9960929207400528
