stock,minmax,BOP,TSF,SIN,STDDEV,CORREL,TAN,COS
1536,min,-1.0,62.69759780219781,-0.999998601136971,0.2604812822778277,0.8417736274287579,-597.8564932575747,-0.999338721998152
1536,max,1.0,87.34177582417585,0.9996891463304088,3.572361861629027,0.99000899059181,40.096432422348826,0.9999523557558204
