stock,minmax,BOP,TSF,SIN,STDDEV,CORREL,TAN,COS
1565,min,-1.0,195.30835934065922,-0.9872799084833889,0.5122301359736828,0.8609592692031166,-18.723138234831996,-0.9984874529449024
1565,max,1.0,246.5211142857142,0.9995017914680437,10.150818713471693,0.9941904091970178,31.667741977777904,0.9999661585908831
