stock,minmax,BOP,TSF,SIN,STDDEV,CORREL,TAN,COS
1589,min,-1.0,46.80721978021981,-0.9997523288751539,0.21092287311495175,0.9339251827770971,-52.019438171960154,-0.997760382675221
1589,max,1.0,69.78320879120878,0.9998152781195011,3.6588140759541776,0.9894444624145562,44.92278064936352,0.9988562567204013
