stock,minmax,BOP,TSF,SIN,STDDEV,CORREL,TAN,COS
1589,min,-1.0,47.389010989010934,-0.9944596180045154,0.2135415650383144,0.9339252189346894,-9.460294887279662,-0.9814476440973232
1589,max,2.0,23.2615384615385,1.9942701985575408,3.4907262438546605,0.05551923014762117,60.830466351755845,1.980263602173968
