stock,minmax,BOP,TSF,SIN,STDDEV,CORREL,TAN,COS
1589,min,-1.0,47.389010989010934,-0.9944596180045154,0.2135415650383144,0.9339252189346894,-9.460294887279662,-0.9814476440973232
1589,max,1.0,70.65054945054943,0.9998105805530253,3.704267808892975,0.9894444490823106,51.37017146447617,0.9988159580766447
