stock,minmax,BOP,TSF,SIN,STDDEV,CORREL,TAN,COS
1590,min,-1.0,660.0744835164833,-0.9997590355121415,3.451798899246369,0.8930190135140723,-45.54387537383189,-0.9993716260060316
1590,max,1.0,1111.2769802197806,0.9952378075410703,39.1062556226134,0.9959442921150023,12.212266263264986,0.9999634135237732
