stock,minmax,BOP,TSF,SIN,STDDEV,CORREL,TAN,COS
1605,min,-1.0,31.7506901098901,-0.9999621480743368,0.10802156453440245,0.5549473752121398,-18.469046039849545,-0.999964038142072
1605,max,2.0,23.083446153846175,1.9999388724369673,2.8608234879405545,0.4354822186126769,165.032816676942,1.9999428946891906
