stock,minmax,BOP,TSF,SIN,STDDEV,CORREL,TAN,COS
1605,min,-1.0,31.7506901098901,-0.9999621480743368,0.10802156453440245,0.5549473752121398,-18.469046039849545,-0.999964038142072
1605,max,1.0,54.834136263736276,0.9999767243626305,2.968845052474957,0.9904295938248167,146.56377063709243,0.9999788565471187
