stock,minmax,BOP,TSF,SIN,STDDEV,CORREL,TAN,COS
1707,min,-1.0,110.18735934065933,-0.9977636857098829,0.22530406657538188,0.8578189938862091,-14.927573448266727,-0.9990904254065586
1707,max,2.0,54.489808791208645,1.9977620130783547,6.700004547603719,0.13181548141360322,561.6719413312653,1.9987533674718192
