stock,minmax,BOP,TSF,SIN,STDDEV,CORREL,TAN,COS
1712,min,-1.0,29.06513186813186,-0.999236872799911,0.08056402669979248,0.8724037319609868,-40.18925845404831,-0.9976191211055716
1712,max,1.0,34.570547252747225,0.999828456683574,1.1128642152565613,0.9880409052982784,53.981160929865695,0.9994888923410985
