stock,minmax,BOP,TSF,SIN,STDDEV,CORREL,TAN,COS
1717,min,-1.0,27.986089010989016,-0.999123588351279,0.0,0.6961694929828267,-23.869609818595666,-0.9995639065978337
1717,max,2.0,3.5079538461537965,1.2601968746791112,0.8834621766639502,0.29300031480701194,43.07186699643583,1.9931666226430678
