stock,minmax,BOP,TSF,SIN,STDDEV,CORREL,TAN,COS
1720,min,-1.0,39.887380219780205,-0.999957417122278,0.12070495266165651,0.8117860498574613,-292.2926135373905,-0.999979997956417
1720,max,1.0,58.59230000000002,0.9999941476470413,4.631555164045417,0.9930518953051761,71.41970333573526,0.9983532357418515
