stock,minmax,BOP,TSF,SIN,STDDEV,CORREL,TAN,COS
1720,min,-1.0,41.38939670329669,-0.9994432252428942,0.12524538477591565,0.8117789803948938,-38.59168117695015,-0.9954361747239877
1720,max,2.0,19.409285714285758,1.999107670045161,4.680713842101568,0.18127255094263972,68.54630165708043,1.995367697159479
