stock,minmax,BOP,TSF,SIN,STDDEV,CORREL,TAN,COS
1722,min,-1.0,48.24904725274724,-0.9880776015120679,0.11519999998152428,0.8970437508116246,-94.14763979122114,-0.999712610792115
1722,max,0.7500325478453407,55.304424175824195,0.9999435954180546,1.141538508503518,0.9874015650015604,6.417894469005383,0.9987108480890468
