stock,minmax,BOP,TSF,SIN,STDDEV,CORREL,TAN,COS
1736,min,-0.9697108485237104,61.297078021977995,-0.9999307032665367,0.18193262051670617,0.7059848908259485,-84.93878576665664,-0.9999852519788884
1736,max,1.942682717481528,22.21803956043952,1.989396114345265,5.49867462286929,0.2821502191543295,96.33459414632291,1.9995683601979324
