stock,minmax,BOP,TSF,SIN,STDDEV,CORREL,TAN,COS
1736,min,-0.9696960364633064,60.773184615384665,-0.9998917706739663,0.18037017939554978,0.7059824528026079,-6.779354182142289,-0.999470912622279
1736,max,0.9729722306149922,82.80131318681313,0.9993472125537193,5.6320788506563275,0.9881348877889916,67.96374009246728,0.9985448860516596
