stock,minmax,BOP,TSF,SIN,STDDEV,CORREL,TAN,COS
1752,min,-1.0,31.28407142857143,-0.9861351264239478,0.08939768229147531,0.9134344547452153,-59.040492843600916,-0.9862353951800464
1752,max,2.0,34.50274945054945,1.985991717351908,5.010178499941558,0.08366850644118828,68.07625002420903,1.9861320987233084
