stock,minmax,BOP,TSF,SIN,STDDEV,CORREL,TAN,COS
1760,min,-1.0,132.31002857142866,-0.9959778985954415,0.6577710045617053,0.7124606567170264,-11.115917870404603,-0.9881353411001562
1760,max,1.9523739382334155,43.739198901098916,1.9952521958399148,13.779647614154444,0.26374103365245416,37.35019726523628,1.9881204240594978
