stock,minmax,BOP,TSF,SIN,STDDEV,CORREL,TAN,COS
1795,min,-0.9285817530064753,138.43421538461553,-0.9999147520096164,1.4185651389929081,0.8279583289344546,-76.57996417163534,-0.999294352663557
1795,max,1.9285817530064753,153.14532527472528,1.9996788102591485,19.653004749327067,0.16741662488295472,122.60623004482183,1.99697866688857
