stock,minmax,BOP,TSF,SIN,STDDEV,CORREL,TAN,COS
2002,min,-0.9090909090909066,25.079648351648377,-0.9989315741929873,0.030547602172605125,0.7926347689930631,-19.836376801474067,-0.9997808942874409
2002,max,1.9090909090909065,6.067841758241691,1.9979664750767623,0.9664512275145622,0.1942333009096282,42.58130201553681,1.9170505194174243
