stock,minmax,BOP,TSF,SIN,STDDEV,CORREL,TAN,COS
2027,min,-1.0,28.868915384615377,-0.9997725197148802,0.09181366780955812,0.7481070565903307,-20.194860201601447,-0.9998989090284328
2027,max,2.0,6.875434065934094,1.9985487758298217,1.0872296012848197,0.21300121661439664,67.06961568554391,1.9998825124665456
