stock,minmax,BOP,TSF,SIN,STDDEV,CORREL,TAN,COS
2031,min,-0.958363116511796,30.290682417582396,-0.9999049955086697,0.11035179378403492,0.7115751572498716,-72.54074090614444,-0.9999339274291743
2031,max,0.9286151960784239,45.29590879120883,0.999994528011038,1.4769701440416307,0.9750950890339127,302.28083519491736,0.9979069192550754
