stock,minmax,BOP,TSF,SIN,STDDEV,CORREL,TAN,COS
2059,min,-1.0,369.88241868131865,-0.9963339203820017,1.1188841127077482,0.8310845683286621,-11.646284014639637,-0.9788231174525867
2059,max,0.8571386343482007,460.7079593406593,0.9886512013088001,23.34496883104751,0.9773505111317107,6.580953827256344,0.9995673091725226
