stock,minmax,BOP,TSF,SIN,STDDEV,CORREL,TAN,COS
2059,min,-1.0,374.09549010989053,-0.9995403202270037,1.1316538154737066,0.8310849663616736,-8.906661107295527,-0.9999319952202231
2059,max,0.85714285714285,465.95555494505487,0.9996627808678072,23.610869169474025,0.9773505439556703,38.496304247879365,0.9999732750885141
