stock,minmax,BOP,TSF,SIN,STDDEV,CORREL,TAN,COS
2103,min,-1.0,23.721868131868156,-0.7325368750794806,0.029598918884994732,0.33705204773412173,-23.26182038767207,-0.9655795737003361
2103,max,0.8748665955176168,28.166135164835165,0.9990772561261665,0.7134797645336965,0.9809738735942488,3.414043602647204,0.9997761615500325
