stock,minmax,BOP,TSF,SIN,STDDEV,CORREL,TAN,COS
2106,min,-1.0,26.996565934065945,-0.9101169064793536,0.04636970562738202,0.7189566652010977,-1.699461839177483,-0.9999764283065254
2106,max,2.0,1.9601340659340565,1.7719809533454491,0.5481294563577355,0.26967154069169574,3.8959466385197667,0.5856248667788156
