stock,minmax,BOP,TSF,SIN,STDDEV,CORREL,TAN,COS
2201,min,-0.9687685704853087,38.50691648351647,-0.9999848705087692,0.17300381035848822,0.6879062018060018,-13.10774873211462,-0.9983838819146922
2201,max,0.9607664422578976,78.94638571428578,0.9999998409004441,5.8198119818426,0.9917552892461684,1772.7621341450629,0.9992447435247422
