stock,minmax,BOP,TSF,SIN,STDDEV,CORREL,TAN,COS
2201,min,-0.9687258687258683,39.51265384615387,-0.9979645858988858,0.1775059728564256,0.6879133857587729,-15.649297528647969,-0.999732149656341
2201,max,0.9607752094478654,81.00839670329673,0.9946435497944356,5.971801446263283,0.9917553214379352,14.250783160728453,0.9978554552884372
