stock,minmax,BOP,TSF,SIN,STDDEV,CORREL,TAN,COS
2204,min,-1.0,36.213490109890074,-0.9990621010063762,0.11759922448557412,0.6976302709183649,-203.20017943887035,-0.9980468738034526
2204,max,1.0,55.27834065934071,0.999987890842119,2.55619584961642,0.9891045552753035,41.81873663043357,0.9997091861668943
