stock,minmax,BOP,TSF,SIN,STDDEV,CORREL,TAN,COS
2204,min,-1.0,37.98003846153846,-0.9996159953017165,0.12333032070235475,0.697630831876856,-41.84734757603679,-0.9999836128678771
2204,max,2.0,19.99477692307694,1.999330599104492,2.5575615798414506,0.2914736333489796,56.533560939821264,1.9838420646310095
