stock,minmax,BOP,TSF,SIN,STDDEV,CORREL,TAN,COS
2207,min,-1.0,526.1998450549452,-0.9999964445535351,2.209152164701238,0.9162693523463873,-22.581352358267917,-0.9973367059957109
2207,max,1.0,630.2012186813189,0.9990208890422311,15.696756748765909,0.9806368501869561,375.0047529761593,0.9996599974540066
