stock,minmax,BOP,TSF,SIN,STDDEV,CORREL,TAN,COS
2301,min,-0.9629750315669432,57.3234153846154,-0.9997061466862821,0.18544545719668484,0.8265351518427793,-41.24050506249747,-0.9991323302816114
2301,max,1.0,64.46074065934067,0.9998611572417243,1.3628114857151976,0.9801568297234862,60.00371755252537,0.9999996361342777
