stock,minmax,BOP,TSF,SIN,STDDEV,CORREL,TAN,COS
2301,min,-0.9629407531782199,58.40498461538472,-0.9997154413556073,0.1889559355863975,0.8265368165570005,-12.952790326660635,-0.9979115895475509
2301,max,1.96294075317822,7.271984615384454,1.999594551893129,1.1995590547523018,0.1536205165971133,77.25877607046735,1.9769821260302158
