stock,minmax,BOP,TSF,SIN,STDDEV,CORREL,TAN,COS
2303,min,-0.9583765927324207,30.943119780219774,-0.9946160074671264,0.13272804374963895,0.9352886247694693,-46.52214460420298,-0.9994214031776233
2303,max,1.0,45.844139560439594,0.9997690595083494,1.7303589014996146,0.9980077110697032,44.22426155625229,0.9984659702401015
