stock,minmax,BOP,TSF,SIN,STDDEV,CORREL,TAN,COS
2303,min,-0.9583765927324207,30.943119780219774,-0.9946160074671264,0.13272804374963895,0.9352886247694693,-46.52214460420298,-0.9994214031776233
2303,max,1.9583765927324208,14.90101978021982,1.9943850669754757,1.5976308577499756,0.06271908630023393,90.74640616045527,1.9978873734177247
