stock,minmax,BOP,TSF,SIN,STDDEV,CORREL,TAN,COS
2317,min,-1.0,91.16069230769227,-0.9990977211392127,0.22780254609518924,0.8681897504906744,-19.778584728401505,-0.9991915644213865
2317,max,2.0,7.308652747252808,1.998858452426531,2.3597109843835957,0.11360414756141735,65.48362542463977,1.9873845157100334
