stock,minmax,BOP,TSF,SIN,STDDEV,CORREL,TAN,COS
2327,min,-0.9333355593769286,260.7009813186813,-0.9998537205557848,0.0,0.9155326779872652,-11.243084014433117,-0.9990536660557019
2327,max,1.0,449.2062989010995,0.9999254007762776,20.4947399442291,0.989898418229923,81.86411071455719,0.9999558286739852
