stock,minmax,BOP,TSF,SIN,STDDEV,CORREL,TAN,COS
2330,min,-0.9285693269584421,356.62884615384604,-0.9999164313713368,2.24821066666208,0.9278560905588352,-16.59575744706896,-0.9871276764980418
2330,max,1.0,536.6804615384616,0.9974313048766246,27.810397804631847,0.9973889083707618,77.34569442715622,0.9994423966686555
