stock,minmax,BOP,TSF,SIN,STDDEV,CORREL,TAN,COS
2330,min,-0.9285677343086203,355.0419318681315,-0.9995245836564284,2.238169060051495,0.927856277611605,-25.15423252192358,-0.9999006725566651
2330,max,1.0,534.2923780219776,0.9978832507666306,27.686666157222703,0.997388918256695,32.41851016558816,0.9994852821944485
