stock,minmax,BOP,TSF,SIN,STDDEV,CORREL,TAN,COS
2338,min,-1.0,49.81148021978017,-0.9999818996002335,0.18780118206535412,0.8589602899592094,-166.20153213026208,-0.999024438444235
2338,max,1.0,97.10601538461542,0.9993304894233317,5.439197431458731,0.9953368006383909,9.693528047434645,0.999630257796901
