stock,minmax,BOP,TSF,SIN,STDDEV,CORREL,TAN,COS
2338,min,-1.0,49.81148021978017,-0.9999818996002335,0.18780118206535412,0.8589602899592094,-166.20153213026208,-0.999024438444235
2338,max,2.0,47.294535164835246,1.9993123890235651,5.251396249393377,0.13637651067918155,175.89506017769673,1.998654696241136
