stock,minmax,BOP,TSF,SIN,STDDEV,CORREL,TAN,COS
2345,min,-1.0,202.80598131868157,-0.9999985528446798,0.843850909561949,0.9035599055623749,-95.58052751401223,-0.9999904062104132
2345,max,1.9166652508537356,80.4465274725273,1.999943826617863,12.244182124470408,0.08753579125051902,683.3769764342004,1.9999601195850834
