stock,minmax,BOP,TSF,SIN,STDDEV,CORREL,TAN,COS
2347,min,-1.0,46.73913846153849,-0.9985950939113197,0.10627081632692977,0.8988580782492357,-18.84531374661118,-0.99992342929074
2347,max,0.9000219490781418,58.12480659340657,0.9969778964563816,1.1268992742928796,0.9936244186580162,12.833473875491833,0.9920432853718957
