stock,minmax,BOP,TSF,SIN,STDDEV,CORREL,TAN,COS
2351,min,-1.0,84.19083956043957,-0.9952063519487602,0.4849250152280068,0.8705258603613227,-6.838487390317532,-0.9999944630826272
2351,max,1.969699338638814,42.30738571428574,1.9925228716984558,9.852958912616698,0.11511200304045777,20.46109866705656,1.9996023291116387
