stock,minmax,BOP,TSF,SIN,STDDEV,CORREL,TAN,COS
2354,min,-1.0,42.59118131868128,-0.9969740281846258,0.08501530690390764,0.8523630757839832,-13.558491828000022,-0.9998846371477126
2354,max,2.0,11.578558241758259,1.9967433679664937,1.351322425806811,0.13834712689987072,60.10890199548726,1.999218482101602
