stock,minmax,BOP,TSF,SIN,STDDEV,CORREL,TAN,COS
2354,min,-1.0,42.59118131868128,-0.9969740281846258,0.08501530690390764,0.8523630757839832,-13.558491828000022,-0.9998846371477126
2354,max,1.0,54.16973956043954,0.9997693397818679,1.4363377327107187,0.9907102026838539,46.550410167487236,0.9993338449538893
