stock,minmax,BOP,TSF,SIN,STDDEV,CORREL,TAN,COS
2357,min,-1.0,210.93924175824162,-0.9985440082593785,0.5033570303473941,0.735639682849034,-18.51104328703935,-0.9991051589194361
2357,max,0.8999978236740697,257.993621978022,0.9999481630908326,7.001095049945551,0.9948120654944159,98.2083847350256,0.9870831117801226
