stock,minmax,BOP,TSF,SIN,STDDEV,CORREL,TAN,COS
2360,min,-1.0,159.86295934065922,-0.9985704148919434,0.8264472396678602,0.7892945551204495,-77.00353672147725,-0.9998959566869917
2360,max,1.9444424909455305,26.28273076923071,1.9984861020493425,6.309165299137073,0.19220547051966008,95.68513203481453,1.999076077140691
