stock,minmax,BOP,TSF,SIN,STDDEV,CORREL,TAN,COS
2360,min,-1.0,159.86295934065922,-0.9985704148919434,0.8264472396678602,0.7892945551204495,-77.00353672147725,-0.9998959566869917
2360,max,0.9444424909455305,186.14569010988993,0.999915687157399,7.135612538804932,0.9815000256401096,18.68159531333728,0.9991801204536993
