stock,minmax,BOP,TSF,SIN,STDDEV,CORREL,TAN,COS
2368,min,-0.9031983957037523,71.90975384615383,-0.9995008255631321,0.19541106002465305,0.8417470876947064,-13.656512663006152,-0.9997837220511465
2368,max,1.0,96.79016923076934,0.9997622734266091,3.3695101115722093,0.989548078177264,45.853099077433384,0.9803872132894396
