stock,minmax,BOP,TSF,SIN,STDDEV,CORREL,TAN,COS
2376,min,-1.0,78.19281318681318,-0.99710817980036,0.27690950868996134,0.9003441457423026,-18.79573269073366,-0.9999343627805092
2376,max,1.0,114.19149780219779,0.9998013671338347,4.871603243287006,0.9900061558677027,50.16429823798604,0.9818433924488507
