stock,minmax,BOP,TSF,SIN,STDDEV,CORREL,TAN,COS
2376,min,-1.0,80.13440329670333,-0.9999212986602408,0.28376186071974996,0.9003441945394584,-79.70183190484373,-0.9988679545518688
2376,max,2.0,36.89256153846149,1.9984360306205482,4.7088371933197495,0.08966187710888851,94.2629059977329,1.99883237568613
