stock,minmax,BOP,TSF,SIN,STDDEV,CORREL,TAN,COS
2377,min,-1.0,96.21571208791218,-0.9976290209287255,0.3727599999720878,0.8493178308825345,-14.495987127096697,-0.9999976734081559
2377,max,1.0,128.80475824175815,0.9992968647727619,3.1379748205448426,0.9855034589305787,26.6524080672839,0.995899400078739
