stock,minmax,BOP,TSF,SIN,STDDEV,CORREL,TAN,COS
2377,min,-1.0,99.27918901098911,-0.9999561880544167,0.38459500043114014,0.8493180527851348,-106.82538373392703,-0.9992856196055036
2377,max,1.0,132.90581868131866,0.9861878446431723,3.237874697135679,0.9855037629547524,41.616150180439746,0.9963171324949862
