stock,minmax,BOP,TSF,SIN,STDDEV,CORREL,TAN,COS
2379,min,-1.0,224.28802527472516,-0.9999771874116049,0.6642561102839778,0.964133833804917,-148.04382220824093,-0.9996999085985127
2379,max,2.0,132.42877912087914,1.9964994547496646,13.93297593245696,0.030848456065365237,257.8071259053846,1.9985769879111404
