stock,minmax,BOP,TSF,SIN,STDDEV,CORREL,TAN,COS
2379,min,-1.0,224.28802527472516,-0.9999771874116049,0.6642561102839778,0.964133833804917,-148.04382220824093,-0.9996999085985127
2379,max,1.0,356.7168043956043,0.9965222673380596,14.597232042740938,0.9949822898702823,109.76330369714371,0.9988770793126276
