stock,minmax,BOP,TSF,SIN,STDDEV,CORREL,TAN,COS
2379,min,-1.0,217.47150219780224,-0.9999656639289104,0.6440611412900473,0.9641334718724083,-120.66977924893806,-0.9996259073048102
2379,max,1.0,345.87547692307743,0.9995516223176099,14.153584611317354,0.9949822793488784,33.38235137234806,0.9996293686767936
