stock,minmax,BOP,TSF,SIN,STDDEV,CORREL,TAN,COS
2383,min,-1.0,129.45070329670338,-0.9987818999898582,0.7208467282488528,0.7334113254054916,-17.80181521762165,-0.9990678344829009
2383,max,1.0,192.27073846153849,0.9993155921193859,9.402002503851241,0.9917495021627978,27.014969801904627,0.9980601876712831
