stock,minmax,BOP,TSF,SIN,STDDEV,CORREL,TAN,COS
2385,min,-1.0,69.90138571428564,-0.9994546463424931,0.1260347157928485,0.767012431704865,-29.50465569539928,-0.9997430699606489
2385,max,2.0,11.95041868131878,1.9993970299417887,1.4447626659182142,0.21541533417265568,122.65686776295858,1.9997429565232117
