stock,minmax,BOP,TSF,SIN,STDDEV,CORREL,TAN,COS
2393,min,-1.0,32.05136153846153,-0.9998690341021785,0.07119839883182078,0.8086006884781559,-61.7821799837326,-0.9936582318339254
2393,max,2.0,4.885464835164832,1.9994594279337359,0.6655760062586091,0.17991927638907845,96.70974493029836,1.9804074246632015
