stock,minmax,BOP,TSF,SIN,STDDEV,CORREL,TAN,COS
2395,min,-1.0,246.50409560439553,-0.9991199262597251,1.0095298518594593,0.7734732766760858,-37.13313102055351,-0.9999771929734259
2395,max,1.0,320.2517406593408,0.999637581198558,9.92307246924173,0.9846993514533773,23.81983041496272,0.997075485605133
