stock,minmax,BOP,TSF,SIN,STDDEV,CORREL,TAN,COS
2408,min,-1.0,44.59947472527473,-0.999965317726497,0.1371362913343414,0.9482463255087307,-120.06596778629705,-0.9975875750640836
2408,max,0.9230586182279675,59.640052747252795,0.9995511102006475,2.306331305254133,0.989120698476324,83.42576435342845,0.9999409464273524
