stock,minmax,BOP,TSF,SIN,STDDEV,CORREL,TAN,COS
2409,min,-1.0,14.065978021978022,-0.9998823382907408,0.0,0.8813712404821984,-65.18221255539923,-0.9999996499397578
2409,max,2.0,4.064870329670335,1.997981534956062,0.6540490318012386,0.112996557620206,95.79019874887459,1.7393065040451408
