stock,minmax,BOP,TSF,SIN,STDDEV,CORREL,TAN,COS
2412,min,-1.0,98.63612747252743,-0.9999597824835169,0.18496000009893232,0.6144367387891569,-11.580448798977589,-0.9952547688005973
2412,max,1.0,107.0252153846154,0.9962923505352331,1.8725328308017066,0.9901013555506534,111.49728131649782,0.9999972382294221
