stock,minmax,BOP,TSF,SIN,STDDEV,CORREL,TAN,COS
2420,min,-1.0,33.122775824175825,-0.9934309393156946,0.035555005332344354,0.727679810709289,-10.080580860154534,-0.9999902353980271
2420,max,1.0,37.785724175824186,0.9951156372126982,0.4908627628983332,0.9812233883053425,2.5440946812896774,0.9949753562785297
