stock,minmax,BOP,TSF,SIN,STDDEV,CORREL,TAN,COS
2420,min,-1.0,34.6657769230769,-0.9999266080303505,0.03724500508320229,0.7276490818823488,-29.071423016748543,-0.9975941168979885
2420,max,1.0,39.5459824175824,0.9917541823739608,0.5137514511920812,0.9812225409520001,82.53474698202746,0.9731652138357926
