stock,minmax,BOP,TSF,SIN,STDDEV,CORREL,TAN,COS
2420,min,-1.0,34.6657769230769,-0.9999266080303505,0.03724500508320229,0.7276490818823488,-29.07142301674854,-0.9975941168979885
2420,max,2.0,4.880205494505503,1.9916807904043115,0.47650644610887893,0.25357345906965134,111.606169998776,1.970759330733781
