stock,minmax,BOP,TSF,SIN,STDDEV,CORREL,TAN,COS
2421,min,-1.0,33.08937252747256,-0.9998844697076453,0.10094896929699981,0.8379726289383118,-31.142746694782275,-0.999192859835872
2421,max,1.0,45.47580219780216,0.9993046788782071,1.8058166024272206,0.9779292119247879,65.7808427037683,0.9978694852284637
