stock,minmax,BOP,TSF,SIN,STDDEV,CORREL,TAN,COS
2439,min,-1.0,70.85011428571431,-0.999777980124189,0.17384094565529729,0.748848181616083,-47.447873001676676,-0.9998285774790643
2439,max,0.9375170532060033,81.50464835164841,0.9999858487644826,3.5479120870715612,0.9886922521248657,187.96769391620015,0.9904392382923225
