stock,minmax,BOP,TSF,SIN,STDDEV,CORREL,TAN,COS
2439,min,-1.0,73.48250989010994,-0.9999975520543908,0.180291992085043,0.7488460195739902,-295.857995040399,-0.9993266910118379
2439,max,0.9375205524498527,84.53287362637364,0.9999942878492089,3.6797415503826247,0.9886922835113142,451.94264480521684,0.9991504241736706
