stock,minmax,BOP,TSF,SIN,STDDEV,CORREL,TAN,COS
2449,min,-1.0,27.354032967032996,-0.9926000227591332,0.09649041403285256,0.9198696365054241,-20.194860201601447,-0.9988036950503095
2449,max,0.9375084906942001,38.102527472527484,0.9987762561149414,0.7779038845519847,0.9943218377217367,11.266993689034576,0.9980902561909983
