stock,minmax,BOP,TSF,SIN,STDDEV,CORREL,TAN,COS
2449,min,-1.0,28.05264065934063,-0.9998624806019604,0.09896941750366914,0.9198677114299413,-60.291796456169884,-0.999855177090338
2449,max,1.9376076301496883,11.022970329670361,1.9989000334365505,0.6987766563825849,0.07445252622046639,69.7707428624126,1.9988735680066574
