stock,minmax,BOP,TSF,SIN,STDDEV,CORREL,TAN,COS
2455,min,-1.0,50.431657142857155,-0.9999421338374477,0.3149812794137722,0.8399402059010457,-238.39581702476414,-0.9998751565749712
2455,max,0.981822274748156,86.46339670329668,0.999991202343292,5.145967417150392,0.991540464402306,79.86794847670122,0.999972052495824
