stock,minmax,BOP,TSF,SIN,STDDEV,CORREL,TAN,COS
2457,min,-1.0,33.11331868131866,-0.9979453043007622,0.03636890981530485,0.7417130235380062,-19.67127218858639,-0.9952816601648979
2457,max,1.9875009644317585,12.717128571428603,1.9966556765822148,2.3023662979414894,0.2335433719074399,35.2467430847238,1.993085404684995
