stock,minmax,BOP,TSF,SIN,STDDEV,CORREL,TAN,COS
2457,min,-1.0,33.11331868131866,-0.9979453043007622,0.03636890981530485,0.7417130235380062,-19.67127218858639,-0.9952816601648979
2457,max,0.9875009644317585,45.83044725274726,0.9987103722814527,2.338735207756794,0.9752563954454461,15.57547089613742,0.9978037445200971
