stock,minmax,BOP,TSF,SIN,STDDEV,CORREL,TAN,COS
2458,min,-1.0,72.7648010989011,-0.9998557187206029,0.38111299639116747,0.7746569383383168,-58.86172839634473,-0.999537905525078
2458,max,0.9302349232177362,101.12748901098904,0.9998933442079208,5.471897045670916,0.9870122480917225,68.46333288117177,0.9994295233008902
