stock,minmax,BOP,TSF,SIN,STDDEV,CORREL,TAN,COS
2458,min,-1.0,72.7648010989011,-0.9998557187206029,0.38111299639116747,0.7746569383383168,-58.86172839634472,-0.999537905525078
2458,max,1.930234923217736,28.362687912087935,1.9997490629285237,5.0907840492797485,0.21235530975340566,127.32506127751648,1.9989674288259682
