stock,minmax,BOP,TSF,SIN,STDDEV,CORREL,TAN,COS
2481,min,-1.0,48.762970329670324,-0.9998634064259011,0.21065409559105497,0.9016956361008461,-72.19441403669103,-0.9998853987205283
2481,max,1.9231138491079287,19.211883516483496,1.9997674883796202,2.8403728401133552,0.0913513061868243,92.81209045576779,1.9988115720825417
