stock,minmax,BOP,TSF,SIN,STDDEV,CORREL,TAN,COS
2497,min,-0.9749826446918457,59.54925164835163,-0.9995787357848682,0.39184013779886717,0.8939467469727119,-14.645909866287337,-0.9999535395911852
2497,max,0.9285583103764906,83.96282087912091,0.9982470074364799,4.97916532418736,0.987925168828575,34.440581014899394,0.9990267080838954
