stock,minmax,BOP,TSF,SIN,STDDEV,CORREL,TAN,COS
2504,min,-0.9091467157765506,19.079483516483528,-0.9998927653404265,0.02808102561398766,0.674853519103215,-59.34948487092321,-0.999999337110456
2504,max,1.0,24.381632967032957,0.9998580799889032,0.5956719352122903,0.9924028466263376,68.27826592173477,0.8682455660148614
