stock,minmax,BOP,TSF,SIN,STDDEV,CORREL,TAN,COS
2542,min,-0.928634516869814,31.45398791208792,-0.9951247793424244,0.039620499823683396,0.6635614366973863,-170.1489065385384,-0.9999294240009633
2542,max,1.0,36.77804945054942,0.9999827296782472,0.9060403558375034,0.9886540590925483,13.304253083723687,0.9991931549142028
