stock,minmax,BOP,TSF,SIN,STDDEV,CORREL,TAN,COS
2542,min,-0.9284578696343373,34.94886373626375,-0.9999593605083432,0.04402958097685756,0.663561311334026,-27.855235119521534,-0.9666514899677358
2542,max,1.9284578696343373,5.915661538461485,1.9986689030877263,0.9627049321899441,0.32509142351958686,138.77211168298814,1.9666240223845786
