stock,minmax,BOP,TSF,SIN,STDDEV,CORREL,TAN,COS
2542,min,-0.9284578696343373,34.94886373626375,-0.9999593605083432,0.04402958097685756,0.663561311334026,-27.85523511952153,-0.9666514899677358
2542,max,1.0,40.86452527472524,0.998709542579383,1.0067345131668017,0.9886527348536128,110.91687656346662,0.9999725324168427
