stock,minmax,BOP,TSF,SIN,STDDEV,CORREL,TAN,COS
2548,min,-1.0,68.51527252747255,-0.9181036358212755,0.07204611297047583,0.7813275497767851,-13.40424377104826,-0.9993886479603168
2548,max,1.0,73.72279120879122,0.9999817912183929,0.8857687070544402,0.9864442958343436,165.70615019203103,0.9994402121940671
