stock,minmax,BOP,TSF,SIN,STDDEV,CORREL,TAN,COS
2548,min,-1.0,68.51527252747255,-0.9181036358212755,0.07204611297047583,0.7813275497767851,-13.40424377104826,-0.9993886479603168
2548,max,2.0,5.207518681318675,1.9180854270396686,0.8137225940839644,0.20511674605755847,179.1103939630793,1.9988288601543838
