stock,minmax,BOP,TSF,SIN,STDDEV,CORREL,TAN,COS
2603,min,-1.0,69.27385054945054,-0.9916378611550802,0.3533947787089678,0.8663527399519686,-8.597342567709163,-0.9941630601972228
2603,max,2.0,18.69485274725281,1.988150866030019,2.6078942010457666,0.11938487881399396,20.54055697567013,1.9884947753589794
