stock,minmax,BOP,TSF,SIN,STDDEV,CORREL,TAN,COS
2609,min,-0.9411278319827977,41.8592538461538,-0.9915360539669812,0.20120016502413765,0.8419058353585998,-7.637091275958308,-0.9995740079240009
2609,max,1.8786607787408354,6.026561538461564,1.9870654260791336,1.3745839217096065,0.148213009906083,18.177094755656693,1.9994156428254577
