stock,minmax,BOP,TSF,SIN,STDDEV,CORREL,TAN,COS
2609,min,-0.9411213360599874,40.61897252747247,-0.9996671772178087,0.19526046808347994,0.8418993471676885,-23.08069257254785,-0.9990883015482301
2609,max,0.9375282933454093,46.466948351648384,0.9970287645996624,1.5291073571196148,0.9901191966977769,38.74985220733747,0.9999613053232259
