stock,minmax,BOP,TSF,SIN,STDDEV,CORREL,TAN,COS
2610,min,-1.0,15.378424175824161,-0.9999811477708799,0.043916375070853414,0.6526760926276173,-162.8536538002352,-0.8547451235215031
2610,max,2.0,5.392329670329698,1.999954882933746,1.2431023458493027,0.33308327490971834,169.89071813417905,1.8547230517133981
