stock,minmax,BOP,TSF,SIN,STDDEV,CORREL,TAN,COS
2615,min,-0.9687402204527278,58.5260175824176,-0.9990744659773652,0.3937896971975119,0.8499550892761281,-8.221122274036352,-0.99725291986943
2615,max,1.88808695412107,19.65119999999998,1.9979732348521981,3.7870686687386073,0.135957892578364,31.447804571000113,1.9972451644649771
