stock,minmax,BOP,TSF,SIN,STDDEV,CORREL,TAN,COS
2636,min,-1.0,47.007981318681345,-0.9969417061625041,0.20797347521847076,0.8618029087662261,-44.76351131579524,-0.9998983219594114
2636,max,1.9565304187253583,18.33332527472527,1.9968736814195216,3.4649405983741977,0.12226153780834415,130.49283338606057,1.9980106761097647
