stock,minmax,BOP,TSF,SIN,STDDEV,CORREL,TAN,COS
2637,min,-0.9333851535172982,44.30750109890111,-0.9998037117123795,0.18313999018366062,0.8853410179990776,-50.46309306673107,-0.999239993885721
2637,max,1.9333851535172983,12.683782417582428,1.9984767874338076,2.20264476071139,0.0947686022543004,65.59579108969919,1.9961590749519105
