stock,minmax,BOP,TSF,SIN,STDDEV,CORREL,TAN,COS
2637,min,-0.9333851535172982,44.30750109890111,-0.9998037117123795,0.18313999018366062,0.8853410179990776,-50.46309306673107,-0.999239993885721
2637,max,1.0,56.99128351648354,0.9986730757214282,2.3857847508950507,0.980109620253378,15.132698022968118,0.9969190810661895
