stock,minmax,BOP,TSF,SIN,STDDEV,CORREL,TAN,COS
2640,min,-1.0,73.89028681318675,-0.9999987232402678,0.15577967005301036,0.8164840286768695,-64.35002675383757,-0.9993876201527198
2640,max,2.0,35.3952318681319,1.9998779991641507,4.3735663425203235,0.15648284242334698,690.1420136567074,1.9993108526118584
