stock,minmax,BOP,TSF,SIN,STDDEV,CORREL,TAN,COS
2707,min,-1.0,156.68933406593405,-0.9988311414957268,1.1653941863620594,0.8667173375110172,-52.26818074029368,-0.9997981977563196
2707,max,0.9833353835466762,277.3107175824174,0.999834123978527,18.102383813918586,0.9932598210870552,54.89580556801914,0.999929539812914
