stock,minmax,BOP,TSF,SIN,STDDEV,CORREL,TAN,COS
2723,min,-1.0,90.54884725274728,-0.9986317925637311,0.3540356219020645,0.8641394713726487,-19.096906386369334,-0.9980936073990033
2723,max,1.0,154.28027472527478,0.9990736403751779,7.141277797535893,0.9903241349541487,23.2163154068316,0.9987247143785281
