stock,minmax,BOP,TSF,SIN,STDDEV,CORREL,TAN,COS
2723,min,-1.0,90.54884725274728,-0.9986317925637311,0.3540356219020645,0.8641394713726487,-19.096906386369334,-0.9980936073990033
2723,max,2.0,63.7314274725275,1.997705432938909,6.787242175633828,0.12618466358150005,42.31322179320094,1.9968183217775315
