stock,minmax,BOP,TSF,SIN,STDDEV,CORREL,TAN,COS
2727,min,-1.0,93.74133296703292,-0.9999327773031477,0.20600208748218754,0.7128143701212203,-76.21764380133384,-0.9973023365552309
2727,max,1.0,241.08873956043942,0.9937397550914144,12.968704058157245,0.9937656063956409,86.23928351243946,0.9999992805329148
