stock,minmax,BOP,TSF,SIN,STDDEV,CORREL,TAN,COS
2731,min,-1.0,70.26896153846144,-0.9999796010549868,0.43800099544387344,0.6168703645418769,-156.55772582393985,-0.9956601761416637
2731,max,1.950020420665716,65.11015934065944,1.9948063924133932,9.479660019130014,0.37024598650544926,275.6312695927154,1.9955057167139247
