stock,minmax,BOP,TSF,SIN,STDDEV,CORREL,TAN,COS
2732,min,-1.0,87.05194395604393,-0.9998626297045005,0.6560536715949706,0.7451056612311114,-60.324514867376934,-0.9998807611656663
2732,max,0.9523892624339161,150.42044395604384,0.9967525939284769,7.825200377397216,0.9932392965704414,39.99947110463656,0.9994067479377486
