stock,minmax,BOP,TSF,SIN,STDDEV,CORREL,TAN,COS
2732,min,-1.0,87.05194395604393,-0.9998626297045005,0.6560536715949706,0.7451056612311114,-60.32451486737692,-0.9998807611656663
2732,max,1.952389262433916,63.36849999999991,1.9966152236329773,7.169146705802246,0.24813363533932997,100.32398597201347,1.9992875091034148
