stock,minmax,BOP,TSF,SIN,STDDEV,CORREL,TAN,COS
2748,min,-1.0,42.67526153846151,-0.9993203255433444,0.11246515194542442,0.879767074612712,-23.729499322883754,-0.9998925379937472
2748,max,2.0,61.33940439560442,1.9963928823282866,6.349496921604212,0.11332755147528129,50.838471750874966,1.9998435051779402
