stock,minmax,BOP,TSF,SIN,STDDEV,CORREL,TAN,COS
2881,min,-1.0,45.0669813186813,-0.9999993631737721,0.09115776211167324,0.9162087596979356,-886.0828356609312,-0.999167379513446
2881,max,2.0,11.759293406593471,1.998022220305303,1.251272843319563,0.0779267698068088,901.9617657051472,1.999097379433042
