stock,minmax,BOP,TSF,SIN,STDDEV,CORREL,TAN,COS
2881,min,-1.0,43.8137307692308,-0.9999526779122031,0.08859804960216676,0.9162104693057173,-102.78686954288999,-0.9990745722357346
2881,max,1.0,55.24597802197805,0.999900895554272,1.305092527598192,0.9941354040228705,71.02416742503381,0.9980784390268446
