stock,minmax,BOP,TSF,SIN,STDDEV,CORREL,TAN,COS
2882,min,-0.9600169061707524,33.67987362637359,-0.9995353841086885,0.09176554905633613,0.9235904088053072,-32.793411302595715,-0.9999801833843441
2882,max,1.9600169061707524,7.889290109890155,1.9956122480776597,1.0164506872420374,0.07143222574827524,48.82000173300679,1.9948525267561399
