stock,minmax,BOP,TSF,SIN,STDDEV,CORREL,TAN,COS
2883,min,-1.0,10.568480219780222,-0.9995831667203775,0.03614441036044453,0.9030634607004036,-14.742858691666143,-0.22035098725413216
2883,max,2.0,2.513750549450556,1.459258323775321,0.28865542584702214,0.09037636715080866,49.36612252686648,1.220336023480718
