stock,minmax,BOP,TSF,SIN,STDDEV,CORREL,TAN,COS
2884,min,-1.0,20.74998791208793,-0.9998971136587183,0.06413725906827812,0.8193314632302235,-30.333332907548176,-0.9999922043873557
2884,max,2.0,3.4231714285714183,1.6541910363996835,0.52840157206496,0.17583095591367603,100.03972841479023,1.8551499617866494
