stock,minmax,BOP,TSF,SIN,STDDEV,CORREL,TAN,COS
2884,min,-1.0,19.517540659340675,-0.9070617314429605,0.06032145887555693,0.819393120224532,-25.928999695198122,-0.9997970243270369
2884,max,1.0,22.73740219780221,0.9999822854221886,0.557367471602774,0.9951625037975915,168.00175902683924,0.39516939557981795
