stock,minmax,BOP,TSF,SIN,STDDEV,CORREL,TAN,COS
2885,min,-1.0,17.481780219780237,-0.9746062630923459,0.029156200024431117,0.934207789100593,-12.721177940571316,-0.7280326243575744
2885,max,2.0,3.7635967032966597,1.9745117024155552,0.47208004527301595,0.058917521473902945,85.43197645875318,1.7273502695063798
