stock,minmax,BOP,TSF,SIN,STDDEV,CORREL,TAN,COS
2886,min,-0.9333983558589959,27.652960439560378,-0.9999065698633179,0.06492754113092407,0.9002283271528946,-73.14945188506674,-0.999985602425007
2886,max,1.8501521001989552,5.1194780219781,1.9208028110334727,0.5388205275172745,0.09556290006005208,102.35200210633788,1.9997463877469803
