stock,minmax,BOP,TSF,SIN,STDDEV,CORREL,TAN,COS
2886,min,-0.9333035581360748,25.875930769230806,-0.9996991495070608,0.06072249664354226,0.9002236482154657,-15.34641849094643,-0.9997829825238704
2886,max,0.9168062534896725,30.666481318681306,0.9998514370186029,0.5649494157874156,0.9957910918837807,58.00712014123786,0.6695758303402343
