stock,minmax,BOP,TSF,SIN,STDDEV,CORREL,TAN,COS
2890,min,-1.0,14.741456043956045,-0.986848609036382,0.03517157942809166,0.8755045478839047,-1.3772085228295048,-0.9999974388101889
2890,max,1.0,17.147903296703298,0.8091847575638988,0.3785041960132502,0.9892242296170227,6.104952660845679,-0.1616472172447084
