stock,minmax,BOP,TSF,SIN,STDDEV,CORREL,TAN,COS
2891,min,-1.0,18.69031318681319,-0.3076777527095897,0.042977231184000514,0.9300031430912421,-6.478512804913948,-0.9997203854788798
2891,max,2.0,3.849183516483496,1.306911401337212,0.4447719240182133,0.06432525642232445,32.00677808036449,1.99885755435943
