stock,minmax,BOP,TSF,SIN,STDDEV,CORREL,TAN,COS
2892,min,-1.0,22.198737362637353,-0.9999972507187445,0.03775999999503018,0.8252151417694716,-22.22943110711632,-0.9067218922072869
2892,max,1.9089333846746248,3.333468131868127,1.441307945887652,0.3661999405933526,0.1640202452810724,448.68571788997644,1.906608775059254
