stock,minmax,BOP,TSF,SIN,STDDEV,CORREL,TAN,COS
3003,min,-1.0,62.47095934065931,-0.9954869029242585,0.2118713949655031,0.8941839828655012,-425.422257594531,-0.9988117457527028
3003,max,2.0,9.162042857142872,1.9954841402620378,2.212332025212401,0.08625576502981602,436.1614189882258,1.9977279493022095
