stock,minmax,BOP,TSF,SIN,STDDEV,CORREL,TAN,COS
3005,min,-1.0,34.32837912087918,-0.9999336971750626,0.045918641118476676,0.9186420687171036,-29.764459314676074,-0.9998585607667899
3005,max,1.9333826794966664,9.247698901098836,1.999933446422789,0.9117618847358384,0.0709970960548365,1441.8547949539795,1.9899047255658024
