stock,minmax,BOP,TSF,SIN,STDDEV,CORREL,TAN,COS
3005,min,-1.0,34.32837912087918,-0.9999336971750626,0.045918641118476676,0.9186420687171036,-29.764459314676074,-0.9998585607667899
3005,max,0.9333826794966665,43.57607802197801,0.9999997492477264,0.9576805258543151,0.9896391647719401,1412.0903356393035,0.9900461647990125
