stock,minmax,BOP,TSF,SIN,STDDEV,CORREL,TAN,COS
3006,min,-1.0,59.30955274725281,-0.9996885665867922,0.21825087762346998,0.9059774703955455,-40.05907719485282,-0.998373333806162
3006,max,1.0,80.75713516483523,0.9991244417156869,3.6692673101850515,0.9904611781475955,23.88125456421914,0.9999533269026565
