stock,minmax,BOP,TSF,SIN,STDDEV,CORREL,TAN,COS
3006,min,-1.0,59.65704395604395,-0.9999871341860578,0.21956045543311684,0.9059763727883261,-197.1342923251508,-0.9993608840132133
3006,max,2.0,21.57323626373632,1.999111525578484,3.4712080121885753,0.08448461891460901,209.53991349416106,1.999085672807125
