stock,minmax,BOP,TSF,SIN,STDDEV,CORREL,TAN,COS
3008,min,-1.0,1572.9390450549458,-0.9999274182468507,1.903920003571687,0.8507731080331981,-14.998331804157253,-0.9881068237876471
3008,max,2.0,709.9985263736257,1.997712085018641,93.90935968361173,0.13838765915135376,97.9925107353605,1.9809848156637313
