stock,minmax,BOP,TSF,SIN,STDDEV,CORREL,TAN,COS
3017,min,-1.0,88.68057472527477,-0.9974151071369749,0.4454212163442284,0.8021485176340709,-60.40484550483625,-0.9982168023061924
3017,max,1.952381418859349,31.547669230769188,1.9972781018929724,5.2650084885359245,0.16957086605896488,111.2597792237039,1.9952817370286602
