stock,minmax,BOP,TSF,SIN,STDDEV,CORREL,TAN,COS
3017,min,-1.0,87.64668461538463,-0.9999496858093557,0.4402146494634422,0.8021501828076905,-99.68352057748571,-0.9979169124583174
3017,max,0.9523842562765754,118.82655604395592,0.987768225854039,5.643861444223664,0.9717198808320332,36.41555193494097,0.9928725499438633
