stock,minmax,BOP,TSF,SIN,STDDEV,CORREL,TAN,COS
3023,min,-1.0,234.02472857142888,-0.9999994096777169,0.6601684108226321,0.9003415359716135,-23.49967720910156,-0.9939988630262675
3023,max,1.9444533229834988,73.91160219780184,1.9844300561069326,17.09407127998426,0.08402945936283324,943.8225620925458,1.9936998907048835
