stock,minmax,BOP,TSF,SIN,STDDEV,CORREL,TAN,COS
3027,min,-1.0,21.764069230769252,-0.9993370283551225,0.26861953019019974,0.8275348798893577,-15.855925821852336,-0.9990764671510269
3027,max,1.0,42.963826373626404,0.9973601791170942,2.6346350209467184,0.989865044156181,27.448682128172738,0.9997522837784122
