stock,minmax,BOP,TSF,SIN,STDDEV,CORREL,TAN,COS
3027,min,-1.0,21.550516483516482,-0.9999949295360118,0.2659768967402674,0.827539765751577,-314.02158353887023,-0.9999992567885886
3027,max,1.0,42.54212527472523,0.9999280988667409,2.608790723227669,0.9898650871437984,26.863414088718766,0.9997697694024379
