stock,minmax,BOP,TSF,SIN,STDDEV,CORREL,TAN,COS
3029,min,-1.0,33.291110989010996,-0.9994724255544677,0.03962312458407434,0.861666919731674,-30.77309883456775,-0.9999681535008182
3029,max,2.0,10.351137362637353,1.986591602307712,1.0366373855162443,0.13467162198847904,38.12438153315052,1.9983390671830419
