stock,minmax,BOP,TSF,SIN,STDDEV,CORREL,TAN,COS
3034,min,-0.9230796573419043,178.6615230769233,-0.9999806230796889,0.971665661699518,0.8654105053442942,-160.63357095693493,-0.9999456659666399
3034,max,1.0,367.0208637362635,0.9960884900282915,14.693724688905915,0.9935508018364416,18.86552176827292,0.9980076704661297
