stock,minmax,BOP,TSF,SIN,STDDEV,CORREL,TAN,COS
3034,min,-0.9230652708115984,188.65650879120875,-0.9999785183325736,1.0260248164130994,0.8654094129888202,-152.5611700145245,-0.9999983332692975
3034,max,1.9230652708115983,198.89693516483533,1.9981547978855563,14.489745072493072,0.12814139231796384,163.63407814868498,1.999439638234335
