stock,minmax,BOP,TSF,SIN,STDDEV,CORREL,TAN,COS
3037,min,-1.0,105.02191098901092,-0.9999365657953525,0.8167314834166438,0.9362045072236758,-88.77743439813763,-0.9999005796869795
3037,max,1.0,157.9858065934065,0.9977334106667384,9.974892871887272,0.9963281315257876,25.4716367021373,0.9992297145199894
