stock,minmax,BOP,TSF,SIN,STDDEV,CORREL,TAN,COS
3044,min,-1.0,80.63516703296705,-0.998995898926009,0.3433746117660098,0.8543193055879948,-292.0493456154087,-0.9999711326541577
3044,max,1.9333617202469624,16.754936263736283,1.9989900368194236,2.487151075524189,0.12933729726604148,423.78823271002545,1.991816548070838
