stock,minmax,BOP,TSF,SIN,STDDEV,CORREL,TAN,COS
3045,min,-1.0,83.64454505494514,-0.9996192000938434,0.18436000006132286,0.7283771602930098,-17.552824090407334,-0.9997191291155957
3045,max,0.9374830485489523,89.88800769230767,0.9983810986455682,1.427245109439515,0.9834164643623415,36.22534446036318,0.9995040955098584
