stock,minmax,BOP,TSF,SIN,STDDEV,CORREL,TAN,COS
3105,min,-1.0,113.20909120879132,-0.9993822656093694,0.9132400700588755,0.9156359774512403,-28.951401877762777,-0.9993117236103204
3105,max,0.9285683199628619,198.57444725274732,0.9994040052725449,13.431709586704134,0.9933331272830136,28.436937965436975,0.9999458315405211
