stock,minmax,BOP,TSF,SIN,STDDEV,CORREL,TAN,COS
3105,min,-1.0,113.20909120879132,-0.9993822656093694,0.9132400700588755,0.9156359774512403,-28.951401877762777,-0.9993117236103204
3105,max,1.9285683199628618,85.365356043956,1.9987862708819142,12.518469516645258,0.07769714983177334,57.38833984319975,1.9992575551508414
