stock,minmax,BOP,TSF,SIN,STDDEV,CORREL,TAN,COS
3128,min,-1.0,23.75385934065936,-0.9973001512634129,0.157427862845947,0.9122586976181654,-13.581086054634945,-0.9998517534196791
3128,max,2.0,28.705207692307702,1.9962822876159003,4.241022783188486,0.08080611497303647,35.727757549042764,1.9998070195761233
