stock,minmax,BOP,TSF,SIN,STDDEV,CORREL,TAN,COS
3131,min,-1.0,158.4602351648353,-0.9998933617741218,1.1539666665758488,0.8420065588515376,-8.879429767627302,-0.9998696074226844
3131,max,1.0,246.73613186813188,0.9990409499511158,13.421742906688753,0.9927489669129526,68.46897243279776,0.9986477120789012
