stock,minmax,BOP,TSF,SIN,STDDEV,CORREL,TAN,COS
3152,min,-0.9166624208148634,143.07772417582405,-0.997338317902943,0.39256000013614095,0.84429729631242,-34.59198792963731,-0.999666714708282
3152,max,1.9166624208148635,93.18522747252788,1.9969207310058479,12.927814408569887,0.14234150210441188,48.27049176041393,1.9967680031690072
