stock,minmax,BOP,TSF,SIN,STDDEV,CORREL,TAN,COS
3189,min,-1.0,82.59485934065933,-0.9998360217494663,0.47567968624001744,0.9570737704137119,-19.967826304654896,-0.9952089096481586
3189,max,1.0,126.06357032967036,0.9987483225355799,7.873974250497284,0.994243265529113,55.212633402390615,0.9949535523455296
