stock,minmax,BOP,TSF,SIN,STDDEV,CORREL,TAN,COS
3218,min,-1.0,205.45372857142846,-0.9995453064344698,1.0448955098827293,0.8463987934157948,-13.117496654639062,-0.9996659327041245
3218,max,1.9583360259972855,107.27239780219796,1.999467808143902,11.993441148669845,0.13753494512859143,93.43564666130791,1.9977017014061702
