stock,minmax,BOP,TSF,SIN,STDDEV,CORREL,TAN,COS
3260,min,-1.0,45.52493736263738,-0.9999920553917727,0.23329703466794108,0.9094491978182614,-13.162357022994444,-0.9968870473713243
3260,max,1.937510589989496,18.390790109889984,1.9999402520148273,1.9802327190027926,0.07949257842683344,264.03087926777596,1.9968619668744922
