stock,minmax,BOP,TSF,SIN,STDDEV,CORREL,TAN,COS
3264,min,-1.0,34.266187912087894,-0.9997599007734308,0.07232000002396109,0.7349253698439344,-9387.648530586936,-0.9994155855886955
3264,max,1.0,52.03001648351643,0.9999999943264308,2.0450010444991555,0.9927516274920619,22.96968446015359,0.9994082803293551
