stock,minmax,BOP,TSF,SIN,STDDEV,CORREL,TAN,COS
3293,min,-1.0,328.19071318681307,-0.9988856742208155,1.7086356577083637,0.7004584262729273,-21.16487549474719,-0.9985678375671704
3293,max,1.9230781736451492,169.43790549450574,1.9968363151443185,13.770532159525617,0.288997470493215,34.88882093048761,1.994343614460136
