stock,minmax,BOP,TSF,SIN,STDDEV,CORREL,TAN,COS
3324,min,-1.0,108.02694285714288,-0.9996692163445673,0.362449006585878,0.9134537754668332,-5.384037101590286,-0.999999930875994
3324,max,1.0,164.6669747252749,0.9831852151683227,8.682347097644662,0.9939415651592687,38.86916554221638,0.9856274756047476
