stock,minmax,BOP,TSF,SIN,STDDEV,CORREL,TAN,COS
3376,min,-1.0,67.90421208791216,-0.9993850179834265,0.2023702745402213,0.8906580149233512,-28.500561066814267,-0.9990402177553157
3376,max,1.0,83.14436703296705,0.9998465284988612,4.188421908740812,0.9886118012830499,57.07174325795455,0.9999614884048404
