stock,minmax,BOP,TSF,SIN,STDDEV,CORREL,TAN,COS
3406,min,-1.0,260.8814912087913,-0.9998613196956642,1.3237310475646207,0.9017192901339909,-8.65527501514174,-0.9995449244249502
3406,max,1.0,397.19951648351645,0.9933917464895698,21.573174696459333,0.9945846648787764,60.03885958867847,0.9988069693753833
