stock,minmax,BOP,TSF,SIN,STDDEV,CORREL,TAN,COS
3413,min,-0.9444499357517047,146.36141758241766,-0.9984352654820693,0.6359011287929502,0.9358193753212547,-19.966687287090306,-0.9922603838020432
3413,max,1.9444499357517047,38.74842197802198,1.9971834454754984,8.404500645776617,0.05423830344190672,22.95758884506482,1.9865654636415147
