stock,minmax,BOP,TSF,SIN,STDDEV,CORREL,TAN,COS
3454,min,-0.9615354168645714,119.08935934065927,-0.9999999482674631,1.7758859479237745,0.8573029761136006,-233.17836307798152,-0.989945897175283
3454,max,1.9615354168645713,124.16681978021994,1.9999907525098497,13.307415832840642,0.1280294053392762,3342.0521929296533,1.9886172078887876
