stock,minmax,BOP,TSF,SIN,STDDEV,CORREL,TAN,COS
3455,min,-1.0,60.38673516483513,-0.9973263123858556,0.19402277599447648,0.7928974240343403,-9.056483620901227,-0.997941878174473
3455,max,1.0,76.82649890109893,0.9977807293399636,2.8735254483647807,0.9928432609245552,14.984976504617046,0.9983322613332878
