stock,minmax,BOP,TSF,SIN,STDDEV,CORREL,TAN,COS
3455,min,-1.0,60.38673516483513,-0.9973263123858556,0.19402277599447648,0.7928974240343403,-9.05648362090123,-0.997941878174473
3455,max,2.0,16.4397637362638,1.9951070417258192,2.679502672370304,0.19994583689021495,24.041460125518277,1.9962741395077608
