stock,minmax,BOP,TSF,SIN,STDDEV,CORREL,TAN,COS
3484,min,-1.0,35.56305274725275,-0.999643990290193,0.12155265526736929,0.8788125539703577,-37.46606625146441,-0.9979331782055624
3484,max,1.0,43.71270329670325,0.99942177792302,2.4579121421246324,0.9915478365429468,29.39336210924092,0.9999934773018826
