stock,minmax,BOP,TSF,SIN,STDDEV,CORREL,TAN,COS
3484,min,-1.0,36.28636483516486,-0.9978161359091029,0.12402723893640932,0.8788099622179009,-8.377929729502974,-0.9997815089663954
3484,max,2.0,8.315479120879104,1.9975783471970203,2.383883619606071,0.1127375004041824,54.22503513686394,1.9974011366858575
