stock,minmax,BOP,TSF,SIN,STDDEV,CORREL,TAN,COS
3484,min,-1.0,36.28636483516486,-0.9978161359091029,0.12402723893640932,0.8788099622179009,-8.377929729502974,-0.9997815089663954
3484,max,1.0,44.601843956043965,0.9997622112879175,2.50791085854248,0.9915474626220833,45.847105407360964,0.9976196277194621
