stock,minmax,BOP,TSF,SIN,STDDEV,CORREL,TAN,COS
3491,min,-1.0,102.57485714285724,-0.9998086936993573,0.3896800000811896,0.8377930707600307,-51.1161394089238,-0.9869897514008793
3491,max,1.8750000000000004,42.88101648351625,1.9998045663942183,9.301556742340644,0.15344384516337883,399.1731363083767,1.9861566967472295
