stock,minmax,BOP,TSF,SIN,STDDEV,CORREL,TAN,COS
3504,min,-1.0,68.29670329670333,-0.9999807674966553,0.49558046774025705,0.9157874973309872,-161.23555963803662,-0.9999808608605089
3504,max,0.9642857142857163,96.37802197802202,0.9986376117378207,4.892279632237652,0.9932215515308823,36.45080158643632,0.9998271922129018
