stock,minmax,BOP,TSF,SIN,STDDEV,CORREL,TAN,COS
3504,min,-1.0,68.29670329670333,-0.9999807674966553,0.49558046774025705,0.9157874973309872,-161.23555963803662,-0.9999808608605089
3504,max,1.9642857142857162,28.08131868131869,1.998618379234476,4.396699164497395,0.07743405419989513,197.68636122447293,1.9998080530734108
