stock,minmax,BOP,TSF,SIN,STDDEV,CORREL,TAN,COS
3515,min,-1.0,73.68500659340654,-0.999853630655393,0.9549718311744525,0.71845779240321,-8.134684279769164,-0.9996099664711551
3515,max,1.0,148.0779835164836,0.9999972189950521,10.309141747710171,0.9870059232516508,424.01694783482077,0.9999131560805692
