stock,minmax,BOP,TSF,SIN,STDDEV,CORREL,TAN,COS
3533,min,-1.0,644.9242065934068,-0.9999999530615277,0.7548799995102232,0.8900663093395683,-3263.777254539962,-0.9996202061354508
3533,max,0.9729721214134943,858.6477912087911,0.9994634482219222,37.31381714069413,0.9867359347044122,45.57634835238784,0.9999848495836386
