stock,minmax,BOP,TSF,SIN,STDDEV,CORREL,TAN,COS
3533,min,-1.0,656.1171362637365,-0.9999359494447255,0.7679600009130005,0.8900662109893875,-93.12861086451112,-0.9999343504825753
3533,max,0.972974190478602,873.5499780219778,0.9999423543951428,37.9614382809227,0.9867358823178238,13.34569664056179,0.9999275266696369
