stock,minmax,BOP,TSF,SIN,STDDEV,CORREL,TAN,COS
3551,min,-1.0,44.63189010989011,-0.9995674433324986,0.10822246713890157,0.7805035596400358,-33.98776200732152,-0.9990938168549386
3551,max,1.0,57.745832967032946,0.998776174661723,1.9771370341974879,0.9966374774990573,28.021741610977887,0.9993405905339678
