stock,minmax,BOP,TSF,SIN,STDDEV,CORREL,TAN,COS
3558,min,-0.8947321368705711,148.9168318681319,-0.9990850244608094,0.9606180144302204,0.8273596309360438,-23.360496795050132,-0.9987176575727325
3558,max,1.8947321368705712,145.77531318681338,1.9967074682005037,19.321815970376928,0.16474827240690892,33.670333836332865,1.997154201270376
