stock,minmax,BOP,TSF,SIN,STDDEV,CORREL,TAN,COS
3558,min,-0.8947321368705711,148.9168318681319,-0.9990850244608094,0.9606180144302204,0.8273596309360438,-23.360496795050132,-0.9987176575727325
3558,max,1.0,294.6921450549453,0.9976224437396943,20.28243398480715,0.9921079033429527,10.309837041282734,0.9984365436976435
