stock,minmax,BOP,TSF,SIN,STDDEV,CORREL,TAN,COS
3587,min,-1.0,104.90248571428575,-0.9988153417876663,0.3692000001202977,0.6478960258412008,-24.72251854630716,-0.9994801659617453
3587,max,1.0,174.00914725274743,0.9991829435493045,11.992487477918907,0.9778635958505877,20.52590585828292,0.9988236910153705
