stock,minmax,BOP,TSF,SIN,STDDEV,CORREL,TAN,COS
3594,min,-1.0,22.01414725274721,-0.9994848128089092,0.17588910824287016,0.841238618969801,-23.988543133307143,-0.999893487532104
3594,max,1.0,45.78090219780222,0.9991322458882758,3.7932624224535676,0.9887327045469002,31.141147826172844,0.9999505863927409
