stock,minmax,BOP,TSF,SIN,STDDEV,CORREL,TAN,COS
3594,min,-1.0,21.701531868131894,-0.9983027960353601,0.17340148326634564,0.8412386531234677,-17.142123540197122,-0.9977406538220371
3594,max,1.0,45.13077362637364,0.9988797871276612,3.739399406856215,0.988732723461514,21.109094660714767,0.9997782722704024
