stock,minmax,BOP,TSF,SIN,STDDEV,CORREL,TAN,COS
3617,min,-1.0,79.68952087912082,-0.9994113782124675,0.8460868716657544,0.8559690344978901,-14.966501142744905,-0.9991347762840634
3617,max,1.0,119.77387362637367,0.9999594523787037,5.040288049863569,0.9892054987206635,111.04246751270499,0.9999886499306239
