stock,minmax,BOP,TSF,SIN,STDDEV,CORREL,TAN,COS
3617,min,-1.0,82.2114802197802,-0.9998982054241926,0.8728918892835114,0.8559702039183515,-67.48638573207569,-0.9999991718746813
3617,max,2.0,41.352970329670384,1.9997469922761468,4.326874592625128,0.13323577733570857,137.5656486119252,1.999521174629579
