stock,minmax,BOP,TSF,SIN,STDDEV,CORREL,TAN,COS
3653,min,-1.0,294.31087692307665,-0.9999417913298235,1.5313594952819987,0.8493977797132817,-92.67705034653272,-0.9977923781806799
3653,max,2.0,110.59147582417592,1.986086816152019,20.825448996570124,0.12785508355543262,122.21939543949907,1.9967854376894905
