stock,minmax,BOP,TSF,SIN,STDDEV,CORREL,TAN,COS
3661,min,-0.9821423763133368,521.6540769230769,-0.9999982161216969,8.16440476632376,0.806420523404315,-529.4217868206367,-0.9999683018958017
3661,max,1.0,1008.6660043956044,0.9999500763492201,93.37600204676514,0.9954734055384654,100.07268959478239,0.9999310882077391
