stock,minmax,BOP,TSF,SIN,STDDEV,CORREL,TAN,COS
3669,min,-1.0,34.97804395604393,-0.9999255708767227,0.16975686613199534,0.6685047618902574,-12.197783379500693,-0.9985209293607945
3669,max,2.0,10.019997802197807,1.9986052167931396,2.545512029870762,0.30327123660900646,94.15539735314114,1.9973971984537395
