stock,minmax,BOP,TSF,SIN,STDDEV,CORREL,TAN,COS
3675,min,-0.9333375458106917,117.63413626373622,-0.9981160861514629,0.9843435693182085,0.8713755453570277,-12.666388092823066,-0.9993136580278975
3675,max,1.0,233.86771868131888,0.9998776398345728,15.219666505151368,0.9969580795217351,63.91828536534768,0.9999621838894056
