stock,minmax,BOP,TSF,SIN,STDDEV,CORREL,TAN,COS
3680,min,-0.9375089654812645,170.65001098901064,-0.9998628856901501,0.8245817009496449,0.8102600132263388,-509.68324299529013,-0.9980005036475326
3680,max,0.9200030045819863,281.56264725274707,0.9999980752778703,24.817191039969508,0.9900451610793422,60.38081164960001,0.9999364601829797
