stock,minmax,BOP,TSF,SIN,STDDEV,CORREL,TAN,COS
3707,min,-0.9722386130545962,78.73794945054945,-0.9985736662605865,0.5885421582344504,0.9297299183245069,-18.7029214924764,-0.9999990176931105
3707,max,0.9772863120143461,101.172589010989,0.9997221005287991,6.335838519913116,0.9880437587819635,42.408275214632845,0.9994056372138284
