stock,minmax,BOP,TSF,SIN,STDDEV,CORREL,TAN,COS
3708,min,-1.0,77.8995615384616,-0.9998770198708911,0.36065009636351486,0.7265463410213503,-44.988859383418294,-0.987856400814207
3708,max,1.8076800948368925,22.39067032967027,1.9996300754912228,3.557841219131003,0.24700335638112803,108.74580008147153,1.987486658611108
