stock,minmax,BOP,TSF,SIN,STDDEV,CORREL,TAN,COS
3711,min,-1.0,66.37258241758245,-0.9994853756891366,0.2844468766110385,0.9590361059141932,-22.305483022961205,-0.9981783472240615
3711,max,2.0,29.321584615384538,1.9987408498358858,3.73807394595882,0.03848010934273416,53.46366997080983,1.9967281607567742
