stock,minmax,BOP,TSF,SIN,STDDEV,CORREL,TAN,COS
3711,min,-1.0,66.37258241758245,-0.9994853756891366,0.2844468766110385,0.9590361059141932,-22.305483022961205,-0.9981783472240615
3711,max,1.0,95.69416703296699,0.9992554741467491,4.0225208225698585,0.9975162152569274,31.158186947848623,0.9985498135327125
