stock,minmax,BOP,TSF,SIN,STDDEV,CORREL,TAN,COS
4104,min,-1.0,52.43373846153853,-0.9998463786873877,0.10277224526975803,0.9007158207336242,-57.04390188325356,-0.9987778091601234
4104,max,2.0,18.11677252747247,1.9995807253375073,1.6593816803573254,0.0875094454520261,71.1904088850516,1.9987500809184282
