stock,minmax,BOP,TSF,SIN,STDDEV,CORREL,TAN,COS
4104,min,-1.0,52.43373846153853,-0.9998463786873877,0.10277224526975803,0.9007158207336242,-57.04390188325357,-0.9987778091601234
4104,max,1.0,70.550510989011,0.9997343466501197,1.7621539256270833,0.9882252661856503,14.146507001798046,0.9999722717583047
