stock,minmax,BOP,TSF,SIN,STDDEV,CORREL,TAN,COS
4105,min,-1.0,65.15882087912088,-0.9998317892769222,0.16993366945922392,0.8092098363967261,-6.007065080226897,-0.9983224669624032
4105,max,1.9629719459940174,11.777081318681283,1.97396694805424,3.2215652284338483,0.17536770684826808,60.52047742992374,1.9965193099589356
