stock,minmax,BOP,TSF,SIN,STDDEV,CORREL,TAN,COS
4105,min,-1.0,65.15882087912088,-0.9998317892769222,0.16993366945922392,0.8092098363967261,-6.007065080226897,-0.9983224669624032
4105,max,0.9629719459940174,76.93590219780216,0.9741351587773176,3.3914988978930722,0.9845775432449941,54.51341234969685,0.9981968429965322
