stock,minmax,BOP,TSF,SIN,STDDEV,CORREL,TAN,COS
4114,min,-1.0,24.79294175824176,-0.9999231107740753,0.15512575543900325,0.8831164348930817,-11.169453105353291,-0.999389873985829
4114,max,1.0,44.694950549450546,0.9960161325499803,3.0656756784761994,0.9949978374991042,80.63567249229202,0.9999123362118675
