stock,minmax,BOP,TSF,SIN,STDDEV,CORREL,TAN,COS
4128,min,-0.9565092989985691,47.284554945054964,-0.9999999081672309,0.31372564061924635,0.8193583685318637,-2333.3835524368146,-0.9995754724271151
4128,max,0.952367688022285,66.29994945054945,0.9991172386211965,2.7770812954584523,0.9865442673235161,12.041391905251285,0.9974995182024193
