stock,minmax,BOP,TSF,SIN,STDDEV,CORREL,TAN,COS
4129,min,-1.0,28.88795274725274,-0.999998528502303,0.15459256126121554,0.8191003202045781,-38.49762148047542,-0.9998506905097213
4129,max,2.0,23.399816483516503,1.9963986262421203,3.614969518025204,0.17192938751723807,621.4119482827415,1.9998506905056608
