stock,minmax,BOP,TSF,SIN,STDDEV,CORREL,TAN,COS
4137,min,-1.0,140.94424285714283,-0.9994486993323921,0.47040001026891565,0.7651576055837593,-16.334325464994407,-0.9976030474976542
4137,max,1.9090886139863665,82.87081428571423,1.9992039259170618,10.543531646941908,0.22673186583306526,61.52232745064046,1.997599020563195
