stock,minmax,BOP,TSF,SIN,STDDEV,CORREL,TAN,COS
4137,min,-1.0,131.33914065934061,-0.9987718326667245,0.43836068441238163,0.7651588187403614,-20.158392855312155,-0.9999199301156092
4137,max,0.9090909090909096,208.56244725274715,0.9982387628534373,10.263320894449063,0.9918894428264666,5.136284071396299,0.9999959042943902
