stock,minmax,BOP,TSF,SIN,STDDEV,CORREL,TAN,COS
4147,min,-1.0,52.98735274725274,-0.9989715046336263,0.2820026879354732,0.8768539059235128,-25.60442552696744,-0.9980553033967697
4147,max,2.0,19.741000000000014,1.9982097002979107,4.057084896983705,0.11844964246318346,45.297884552745714,1.9971672530882745
