stock,minmax,BOP,TSF,SIN,STDDEV,CORREL,TAN,COS
4163,min,-1.0,83.56768351648351,-0.9999826529210704,0.1280503900945158,0.8590872601327797,-169.7720428599466,-0.9970214326755531
4163,max,0.9090646373181703,133.38038241758244,0.9879315589448625,5.020344442208246,0.9847926151425512,10.13151303443028,0.9999999485319988
