stock,minmax,BOP,TSF,SIN,STDDEV,CORREL,TAN,COS
4164,min,-1.0,36.765163736263744,-0.9994975709740346,0.09902884429204754,0.8304441018687022,-9.957439164120315,-0.9999720614876653
4164,max,2.0,22.420336263736253,1.9944925643413638,3.0338203104554022,0.15909190937178175,41.49179340609108,1.9999719379084788
