stock,minmax,BOP,TSF,SIN,STDDEV,CORREL,TAN,COS
4438,min,-1.0,109.5131692307693,-0.9970157347818859,0.3528810542042783,0.8344955379736626,-12.914944980822513,-0.9973586060909015
4438,max,1.0,137.9562483516484,0.997579747507629,6.162686347497948,0.9784105453547739,14.347136245053244,0.9972510759924637
