stock,minmax,BOP,TSF,SIN,STDDEV,CORREL,TAN,COS
4438,min,-1.0,109.5131692307693,-0.9970157347818859,0.3528810542042783,0.8344955379736626,-12.914944980822513,-0.9973586060909015
4438,max,2.0,28.44307912087912,1.9945954822895149,5.809805293293669,0.1439150073811113,27.262081225875754,1.9946096820833652
