stock,minmax,BOP,TSF,SIN,STDDEV,CORREL,TAN,COS
4438,min,-1.0,104.47358571428558,-0.9993570705039667,0.3366315707229731,0.8344959492817356,-35.13563658039256,-0.9841947935250527
4438,max,1.0,131.60789560439554,0.999595227868461,5.879088018868953,0.9784098339623736,2.5241529090409722,0.9854625580651819
