stock,minmax,BOP,TSF,SIN,STDDEV,CORREL,TAN,COS
4536,min,-1.0,138.31439010989007,-0.9959303264805672,0.28444687660144624,0.8894980047491788,-11.050361440978504,-0.9937986177183838
4536,max,0.952385994261331,206.31998461538478,0.9953130942521816,8.76073100753769,0.9839445948368186,3.860966436104644,0.999681744727977
