stock,minmax,BOP,TSF,SIN,STDDEV,CORREL,TAN,COS
4551,min,-1.0,126.35441538461538,-0.9954466061699478,0.544422258963514,0.7845047438508918,-32.62514841232235,-0.9972014977595065
4551,max,1.0,159.29854945054933,0.9999748818097406,10.556336671101146,0.9876810324403635,141.08558643009317,0.9999082357552267
