stock,minmax,BOP,TSF,SIN,STDDEV,CORREL,TAN,COS
4572,min,-1.0,94.86690989010991,-0.999527827323174,0.3935032431707821,0.7652448595976717,-32.529750867656254,-0.9994167021427091
4572,max,1.0,122.20725494505491,0.9880352089457682,4.766195115770674,0.9774171980695823,10.727018965766879,0.999615394865142
