stock,minmax,BOP,TSF,SIN,STDDEV,CORREL,TAN,COS
4572,min,-1.0,97.90754175824176,-0.9910073728423721,0.4061146665752874,0.7652452212049807,-16.124328230844096,-0.9999997743308484
4572,max,2.0,28.21663076923072,1.9890897811237847,4.512871449445867,0.2121718367230201,23.530557595193596,1.9993469571351392
