stock,minmax,BOP,TSF,SIN,STDDEV,CORREL,TAN,COS
4721,min,-1.0,82.45457692307697,-0.9984081703738938,0.32091288152755765,0.8010051809653945,-17.701812503767325,-0.999967089423664
4721,max,1.8545565655794056,26.79434065934069,1.9894066940219446,7.865913421889746,0.18288466887906585,25.104350854779653,1.9999358395442446
