stock,minmax,BOP,TSF,SIN,STDDEV,CORREL,TAN,COS
4721,min,-1.0,81.35520659340656,-0.9994958874285786,0.3166202924277504,0.8010037565996855,-7.383571243412137,-0.9998946875979127
4721,max,0.8545465102775507,107.79226263736264,0.9999996163694103,8.07767293930505,0.9838892106452681,1141.6375963685023,0.9998660977690015
