stock,minmax,BOP,TSF,SIN,STDDEV,CORREL,TAN,COS
4736,min,-1.0,137.498764835165,-0.9999306361538477,0.6497135461247258,0.6996354985431148,-84.89768047167529,-0.9999974793570464
4736,max,1.0,168.32827472527467,0.9993835558392851,5.788466874883887,0.99415199054269,28.46670951515805,0.9989990033793027
