stock,minmax,BOP,TSF,SIN,STDDEV,CORREL,TAN,COS
4736,min,-1.0,137.498764835165,-0.9999306361538477,0.6497135461247258,0.6996354985431148,-84.89768047167529,-0.9999974793570464
4736,max,2.0,30.829509890109676,1.9993141919931328,5.138753328759161,0.2945164919995752,113.36438998683334,1.9989964827363491
