stock,minmax,BOP,TSF,SIN,STDDEV,CORREL,TAN,COS
4739,min,-1.0,78.53572857142856,-0.9999170116845089,0.40076926828431086,0.8290156345085035,-86.88187195310392,-0.9988536389042605
4739,max,2.0,20.874340659340604,1.999850779585768,4.727710719626786,0.1599921565972935,164.49755703566638,1.9986089930022906
