stock,minmax,BOP,TSF,SIN,STDDEV,CORREL,TAN,COS
4746,min,-1.0,45.76279890109892,-0.9999269636121244,0.25125931941705637,0.8087193686231967,-318.8858009406358,-0.9999993167576461
4746,max,2.0,32.37914395604392,1.999922046654815,6.260502500735423,0.18439558081553442,401.62123857937655,1.999969919594574
