stock,minmax,BOP,TSF,SIN,STDDEV,CORREL,TAN,COS
4763,min,-1.0,85.32519890109884,-0.9977643374923255,1.2592914223442984,0.9108037173548086,-72.76710628383674,-0.9974159533965071
4763,max,2.0,202.93610000000032,1.997669923081805,15.275990264835603,0.08321311998463032,112.47398873806861,1.9974108984482228
