stock,minmax,BOP,TSF,SIN,STDDEV,CORREL,TAN,COS
4768,min,-1.0,129.20317692307694,-0.9989081531394722,0.6099437822968106,0.9222104216011522,-24.540209803234625,-0.99264055663133
4768,max,1.0,188.43365934065923,0.9991707738149648,14.068847930316966,0.9886353058074179,3.024048966424384,0.9946513499819414
