stock,minmax,BOP,TSF,SIN,STDDEV,CORREL,TAN,COS
4770,min,-1.0,228.02928571428566,-0.9997860993859761,1.3680796561403066,0.8593622742504747,-26.06578698797035,-0.989183779809748
4770,max,0.9607851359227776,328.2157571428573,0.9956542801827277,19.47057388557173,0.9920363887882732,48.34029606397176,0.9998782404732423
