stock,minmax,BOP,TSF,SIN,STDDEV,CORREL,TAN,COS
4770,min,-1.0,228.02928571428566,-0.9997860993859761,1.3680796561403066,0.8593622742504747,-26.06578698797035,-0.989183779809748
4770,max,1.9607851359227775,100.18647142857162,1.995440379568704,18.102494229431425,0.13267411453779843,74.40608305194212,1.9890620202829903
