stock,minmax,BOP,TSF,SIN,STDDEV,CORREL,TAN,COS
4904,min,-1.0,59.85640219780223,-0.9995955178931007,0.18976400503999194,0.8523768934966319,-48.891500404885996,-0.9206166219794899
4904,max,1.0,65.48960549450544,0.9997908937389779,1.3444618194674347,0.9902479664774438,15.688029727091308,0.9997011887332391
