stock,minmax,BOP,TSF,SIN,STDDEV,CORREL,TAN,COS
4904,min,-1.0,62.19313406593409,-0.9979361683621444,0.1971768587227185,0.8523762856855359,-21.890297465652427,-0.9999751187080131
4904,max,2.0,5.853112087912024,1.996894360601805,1.1997758800696061,0.13787206133972396,41.81399678729995,1.9999083827163484
