stock,minmax,BOP,TSF,SIN,STDDEV,CORREL,TAN,COS
4915,min,-1.0,47.20973076923073,-0.9866450828310879,0.13567517092233544,0.8882432641172501,-75.063782847408,-0.9972465973946487
4915,max,1.9090453269153649,9.291737362637356,1.9865563567483977,1.7994930074026576,0.09648463959165754,87.97817515772815,1.997141006320323
