stock,minmax,BOP,TSF,SIN,STDDEV,CORREL,TAN,COS
4919,min,-1.0,85.57860879120885,-0.9983323088710164,0.6280437564273551,0.8278434314886586,-42.501817220375976,-0.9999127089790585
4919,max,1.0,146.60472967032962,0.9997233219303103,8.133096688124656,0.9918501158480412,23.940158774701047,0.9999794835772031
