stock,minmax,BOP,TSF,SIN,STDDEV,CORREL,TAN,COS
4927,min,-1.0,46.136702197802215,-0.9994527039090327,0.13121154825990355,0.8790111190640527,-56.10695395354619,-0.9999871216516765
4927,max,0.9091250822291149,61.34548351648354,0.999841206337017,2.253390186007438,0.990691331884373,30.21311518239294,0.9989498869409226
