stock,minmax,BOP,TSF,SIN,STDDEV,CORREL,TAN,COS
4953,min,-1.0,71.89663186813186,-0.9998288423944649,0.25342103783766806,0.876802906035672,-54.04196675009286,-0.9994226109893987
4953,max,1.9859213744556474,24.955969230769256,1.999828650186442,3.7595556734853974,0.11127656283252996,1666.9112979009801,1.999383086250007
