stock,minmax,BOP,TSF,SIN,STDDEV,CORREL,TAN,COS
4958,min,-1.0,94.33910549450536,-0.9991661956695086,0.0,0.9015381793720502,-11.46107916545453,-0.9998296639191633
4958,max,1.8571384271892821,20.381529670329783,1.9914822831609302,4.072825217262094,0.08977964589782783,35.93374101240687,1.9977341293338569
