stock,minmax,BOP,TSF,SIN,STDDEV,CORREL,TAN,COS
4961,min,-1.0,121.670943956044,-0.9999401903932399,1.0210956284644328,0.8809719495735917,-91.42817412886565,-0.9993480816752746
4961,max,2.0,120.91667362637364,1.9995702828821884,17.615128832367105,0.11153535076383658,98.96287215851136,1.999151129046863
