stock,minmax,BOP,TSF,SIN,STDDEV,CORREL,TAN,COS
4961,min,-1.0,121.670943956044,-0.9999401903932399,1.0210956284644328,0.8809719495735917,-91.42817412886565,-0.9993480816752746
4961,max,1.0,242.58761758241764,0.9996300924889485,18.63622446083154,0.9925073003374283,7.534698029645713,0.9998030473715885
