stock,minmax,BOP,TSF,SIN,STDDEV,CORREL,TAN,COS
4966,min,-1.0,530.0836483516478,-0.999403421279813,4.642911745134799,0.9347895503252245,-30.355285629602324,-0.9978194855384867
4966,max,1.0,932.7414857142859,0.9994578143203181,56.25286875800829,0.9918587158615215,28.937215417180255,0.9998744160142142
