stock,minmax,BOP,TSF,SIN,STDDEV,CORREL,TAN,COS
4966,min,-1.0,535.5079868131864,-0.9999786232426576,4.6904102904852705,0.9347895902129449,-152.93508384924655,-0.9999999999607162
4966,max,1.0,942.2857230769229,0.9997066668016169,56.82850701011024,0.991858730072048,41.27706718514202,0.9995272082119351
