stock,minmax,BOP,TSF,SIN,STDDEV,CORREL,TAN,COS
4966,min,-1.0,535.5079868131864,-0.9999786232426576,4.6904102904852705,0.9347895902129449,-152.93508384924655,-0.9999999999607162
4966,max,2.0,406.7777362637364,1.9996852900442745,52.138096719624976,0.057069139859103,194.21215103438857,1.9995272081726512
