stock,minmax,BOP,TSF,SIN,STDDEV,CORREL,TAN,COS
4968,min,-1.0,89.50989010989015,-0.9996478560364893,0.6782329982810407,0.8829351014635483,-8.029363442223826,-0.999020813314648
4968,max,2.0,47.7483516483516,1.9944746473948958,6.835753959383798,0.11140095516685122,45.700624095277945,1.9985414386429996
