stock,minmax,BOP,TSF,SIN,STDDEV,CORREL,TAN,COS
4977,min,-1.0,80.7277285714286,-0.9990643976255124,0.6098955825165073,0.6517195541268472,-23.101194297463998,-0.9993618322310096
4977,max,0.9909857176305317,109.71261868131867,0.9982386388023462,5.521525247970399,0.9802768864925401,16.826217077598653,0.999151165278864
