stock,minmax,BOP,TSF,SIN,STDDEV,CORREL,TAN,COS
4977,min,-1.0,83.39436043956043,-0.9993734137136091,0.6300456205728251,0.6517171384459213,-43.209817567438286,-0.9987531137933274
4977,max,1.9909906506752293,29.942351648351618,1.9991057245888062,5.073844123943403,0.3285595322834488,64.4783212354321,1.9983046527173545
