stock,minmax,BOP,TSF,SIN,STDDEV,CORREL,TAN,COS
4979,min,-1.0,28.010560439560454,-0.9999430783211286,0.2531826566010316,0.8401280089534834,-93.71899236101243,-0.9998556767542889
4979,max,0.9240460947503188,56.4339703296703,0.9998584989826247,5.663993831423508,0.991981616253895,59.43730744530627,0.999243601226694
