stock,minmax,BOP,TSF,SIN,STDDEV,CORREL,TAN,COS
4979,min,-1.0,28.010560439560454,-0.9999430783211286,0.2531826566010316,0.8401280089534834,-93.71899236101243,-0.9998556767542889
4979,max,1.9240460947503188,28.42340989010985,1.9998015773037534,5.410811174822476,0.15185360730041164,153.1562998063187,1.9990992779809829
