stock,minmax,BOP,TSF,SIN,STDDEV,CORREL,TAN,COS
4979,min,-1.0,27.6326956043956,-0.9989064926809046,0.24978431495888515,0.8401269090398178,-21.36573067155085,-0.9981960331613725
4979,max,0.924045375489967,55.672615384615355,0.9983763113712384,5.587566718563506,0.9919817912273365,17.526865616628076,0.9993385584849517
