stock,minmax,BOP,TSF,SIN,STDDEV,CORREL,TAN,COS
5009,min,-0.9599754773165177,25.695901098901086,-0.9999986950538541,0.14897446761170255,0.7148476380264062,-9.393027308646467,-0.9998658375235161
5009,max,1.9182822011555865,14.518773626373662,1.9995201670529987,1.3071071487822574,0.2673634055212316,628.3896544501257,1.9996754875525338
