stock,minmax,BOP,TSF,SIN,STDDEV,CORREL,TAN,COS
5009,min,-0.9599754773165177,25.695901098901086,-0.9999986950538541,0.14897446761170255,0.7148476380264062,-9.393027308646467,-0.9998658375235161
5009,max,0.9583067238390689,40.21467472527475,0.9995214719991447,1.45608161639396,0.9822110435476378,618.9966271414793,0.9998096500290176
