stock,minmax,BOP,TSF,SIN,STDDEV,CORREL,TAN,COS
5215,min,-1.0,32.498479120879104,-0.9997776957842943,0.05584666868194128,0.8242866149209606,-356.31184672401827,-0.9994754961605069
5215,max,0.9399995701974951,50.72310439560437,0.9999960617170562,4.492696406836515,0.9925310966999441,47.41750889672738,0.9965311009513194
