stock,minmax,BOP,TSF,SIN,STDDEV,CORREL,TAN,COS
5220,min,-1.0,25.78957142857141,-0.9988895772622696,0.03517157943051592,0.7263851804505275,-25.32739327879009,-0.9926480706825609
5220,max,2.0,3.826626373626386,1.9988611700252081,0.7005548371124438,0.23755767873422873,157.9938870676482,1.646404126359338
