stock,minmax,BOP,TSF,SIN,STDDEV,CORREL,TAN,COS
5220,min,-1.0,24.929907692307722,-0.6183693716373366,0.03397424910127693,0.7263832988544102,-9.754254871362486,-0.9775349367692301
5220,max,1.0,28.628978021977986,0.9994173702368221,0.7111756278183065,0.9639387555388573,29.28187145279168,0.9999668603805185
