stock,minmax,BOP,TSF,SIN,STDDEV,CORREL,TAN,COS
5222,min,-1.0,101.05335604395609,-0.999631754448541,0.5247199999541496,0.6815760766852362,-169.560557031872,-0.999042790348473
5222,max,2.0,31.270695604395513,1.9996143640711752,6.241255590777059,0.2929270696824027,206.39857679819363,1.9989863897956046
