stock,minmax,BOP,TSF,SIN,STDDEV,CORREL,TAN,COS
5222,min,-1.0,101.05335604395609,-0.999631754448541,0.5247199999541496,0.6815760766852362,-169.560557031872,-0.999042790348473
5222,max,1.0,132.3240516483516,0.9999826096226342,6.765975590731209,0.9745031463676389,36.83801976632161,0.9999435994471316
