stock,minmax,BOP,TSF,SIN,STDDEV,CORREL,TAN,COS
5222,min,-1.0,91.86167472527475,-0.9999227309939226,0.47699000160426436,0.6815876333666211,-80.43724175889535,-0.9975620086566903
5222,max,1.0,120.28819450549452,0.9919015038478827,6.150555338376325,0.9745031765565519,5.099733609137771,0.9994996524246998
