stock,minmax,BOP,TSF,SIN,STDDEV,CORREL,TAN,COS
5227,min,-1.0,61.09062307692305,-0.9990658431791105,0.2910373543071172,0.8536384442115822,-10.031478979515665,-0.99464544802075
5227,max,1.0,76.55620549450553,0.9997721102460557,3.88772182369079,0.9849517307666278,46.83261024234193,0.9998985142349797
