stock,minmax,BOP,TSF,SIN,STDDEV,CORREL,TAN,COS
5227,min,-1.0,61.09062307692305,-0.9990658431791105,0.2910373543071172,0.8536384442115822,-10.031478979515665,-0.99464544802075
5227,max,2.0,15.465582417582482,1.9988379534251663,3.5966844693836726,0.1313132865550456,56.8640892218576,1.9945439622557295
