stock,minmax,BOP,TSF,SIN,STDDEV,CORREL,TAN,COS
5227,min,-1.0,74.57416373626371,-0.9989965570817739,0.35526101162396123,0.8536351013125147,-41.66790651689083,-0.9997071544372764
5227,max,1.0,93.45320439560446,0.999712141480438,4.745757680453773,0.9849516253237761,16.86224536574792,0.9989872662439574
