stock,minmax,BOP,TSF,SIN,STDDEV,CORREL,TAN,COS
5269,min,-1.0,521.6535142857141,-0.9994913977822044,3.0998400003397424,0.9121872695537309,-31.342249669549574,-0.9966725201864824
5269,max,1.0,994.7122780219772,0.9999913957110594,51.517039107780455,0.9958059732446742,241.05975262675955,0.9999671828872007
