stock,minmax,BOP,TSF,SIN,STDDEV,CORREL,TAN,COS
5284,min,-1.0,43.717987912087935,-0.9978312611980092,0.1168556134701862,0.9110016847368503,-26.29662927972314,-0.9953595124560075
5284,max,1.0,91.98403626373627,0.9999168802762617,3.987485053313564,0.9913688897278385,77.55429985534096,0.9999710768070922
