stock,minmax,BOP,TSF,SIN,STDDEV,CORREL,TAN,COS
5284,min,-1.0,45.45979890109895,-0.9980323630487354,0.12152616178095893,0.9110015894459987,-11.295319114923705,-0.9992413781818879
5284,max,2.0,50.18892307692302,1.9977103389889321,4.024780078042757,0.08036722963663889,50.68984989415923,1.9985728519785348
