stock,minmax,BOP,TSF,SIN,STDDEV,CORREL,TAN,COS
5288,min,-1.0,145.44856483516483,-0.9930821658163124,0.3596053471810361,0.6784186954568951,-8.457412380710691,-0.9805159485215772
5288,max,2.0,36.231418681318644,1.9925526663754702,6.506749559296303,0.3047622686190966,39.174478104033405,1.9802162790013798
