stock,minmax,BOP,TSF,SIN,STDDEV,CORREL,TAN,COS
5288,min,-1.0,140.18799230769244,-0.9964107792836691,0.3465950697704004,0.6784186951211634,-8.547513915326277,-0.9863459845723955
5288,max,1.0,175.1089857142858,0.9989915217733438,6.617991067686985,0.9831809851337823,22.249643835614815,0.999991749824782
