stock,minmax,BOP,TSF,SIN,STDDEV,CORREL,TAN,COS
5289,min,-1.0,141.09669780219772,-0.9930939030022771,0.37168000015684705,0.7987777581328825,-35.13211603861118,-0.9995550159882293
5289,max,2.0,52.5634582417583,1.9926890497925993,8.29868511797634,0.18647188161351513,62.62611904391139,1.9977970909492244
