stock,minmax,BOP,TSF,SIN,STDDEV,CORREL,TAN,COS
5289,min,-1.0,134.01607472527476,-0.9980790472582158,0.35303999999854885,0.7987837785933211,-16.110175270102694,-0.9996212019365108
5289,max,1.0,183.9417054945054,0.9999272984730226,8.235261025470871,0.9852493508078678,82.92577795164571,0.9968082570205044
