stock,minmax,BOP,TSF,SIN,STDDEV,CORREL,TAN,COS
5306,min,-1.0,124.39908901098894,-0.9958488092957837,0.37800000002990025,0.7071097561827412,-10.940653057737551,-0.9995339777847809
5306,max,1.0,152.07923186813187,0.9995361790400753,5.298511936009693,0.9930014127492496,32.82152076320136,0.996933152855374
