stock,minmax,BOP,TSF,SIN,STDDEV,CORREL,TAN,COS
5306,min,-1.0,124.39908901098894,-0.9958488092957837,0.37800000002990025,0.7071097561827412,-10.940653057737551,-0.9995339777847809
5306,max,2.0,27.680142857142926,1.995384988335859,4.920511935979793,0.2858916565665084,43.76217382093891,1.996467130640155
