stock,minmax,BOP,TSF,SIN,STDDEV,CORREL,TAN,COS
5309,min,-0.9677419354838712,35.13518791208791,-0.9929041858348132,0.2528688403161818,0.7929709451938264,-8.349548954224279,-0.9997097174046569
5309,max,0.9166666666666676,44.179472527472534,0.9997556243663366,1.484916981384634,0.9821525178842803,45.224777841665826,0.9998154582190066
