stock,minmax,BOP,TSF,SIN,STDDEV,CORREL,TAN,COS
5309,min,-0.9677419354838712,35.13518791208791,-0.9929041858348132,0.2528688403161818,0.7929709451938264,-8.349548954224279,-0.9997097174046569
5309,max,1.8844086021505388,9.044284615384626,1.99265981020115,1.232048141068452,0.18918157269045388,53.5743267958901,1.9995251756236634
