stock,minmax,BOP,TSF,SIN,STDDEV,CORREL,TAN,COS
5347,min,-1.0,56.05971648351652,-0.9990732015495807,0.340931905250534,0.7849459156476728,-13.445815558429329,-0.9995421884811597
5347,max,1.0,91.6023703296704,0.999207872844361,4.942658782236988,0.9968068646090398,25.10900016496607,0.9997004699845141
