stock,minmax,BOP,TSF,SIN,STDDEV,CORREL,TAN,COS
5371,min,-0.9444274435399955,43.21910769230769,-0.9995061633908119,0.20215115726755986,0.904929023431435,-31.80771430548541,-0.9999281231629196
5371,max,0.9444274435399953,59.3066483516484,0.9999916817711283,2.2660927266086905,0.9854992490718913,245.16973630421182,0.9999978009812055
