stock,minmax,BOP,TSF,SIN,STDDEV,CORREL,TAN,COS
5371,min,-0.9444181925575915,44.78128021978031,-0.9987765379779214,0.2094628883512564,0.9049310939854182,-59.49510486195355,-0.9999978163607355
5371,max,1.888836385115183,16.669016483516458,1.9986353116953897,2.1385150377804147,0.08056828985448683,92.604776126013,1.9985284054024368
