stock,minmax,BOP,TSF,SIN,STDDEV,CORREL,TAN,COS
5388,min,-0.9642565756245393,66.76936813186819,-0.9998959274561792,0.26893774298105705,0.8878203886770146,-566.477216345056,-0.9999799590802689
5388,max,1.9642565756245394,11.9730197802198,1.9998943693247253,2.420059121576222,0.09837658796167881,635.7851604516205,1.9999303425438562
