stock,minmax,BOP,TSF,SIN,STDDEV,CORREL,TAN,COS
5434,min,-1.0,131.05723076923084,-0.998311533226093,0.22251164827722036,0.7372013705481913,-17.18653122865166,-0.9992254962160911
5434,max,1.0,164.2744703296701,0.9984760770085912,3.5879684756685073,0.9910715183884816,18.09283723594051,0.9999989449365828
