stock,minmax,BOP,TSF,SIN,STDDEV,CORREL,TAN,COS
5439,min,-1.0,35.38428571428571,-0.9999191589120703,0.02278025439592181,0.5315673445312109,-98.79898584429264,-0.9997640238809163
5439,max,1.0,57.10297252747251,0.9999487809329227,2.217938400765038,0.9916706637490231,78.63983517530579,0.9999993819025491
