stock,minmax,BOP,TSF,SIN,STDDEV,CORREL,TAN,COS
5439,min,-1.0,36.88922747252745,-0.999988476069176,0.023760050383565323,0.5315440207425658,-135.0136523476723,-0.9999452903243424
5439,max,2.0,22.642362637362616,1.9999610479034713,2.2884809725191486,0.46012622966971106,343.30965098724204,1.9999446982816569
