stock,minmax,BOP,TSF,SIN,STDDEV,CORREL,TAN,COS
5443,min,-1.0,22.816239560439552,-0.9990209029606811,0.034754660118104644,0.8375691967248635,-62.25167026335819,-0.9871260960525514
5443,max,1.0,28.31486813186811,0.9998710017120767,1.4955019376784273,0.9789992649624957,32.95233169483964,0.9992183474670663
