stock,minmax,BOP,TSF,SIN,STDDEV,CORREL,TAN,COS
5443,min,-1.0,22.816239560439552,-0.9990209029606811,0.034754660118104644,0.8375691967248635,-62.2516702633582,-0.9871260960525514
5443,max,2.0,5.498628571428558,1.9988919046727578,1.4607472775603227,0.14143006823763216,95.20400195819784,1.9863444435196178
