stock,minmax,BOP,TSF,SIN,STDDEV,CORREL,TAN,COS
5457,min,-1.0,42.191327472527455,-0.999996840232089,0.22359642572650057,0.8847367337406079,-397.7923077909179,-0.9965388074149482
5457,max,0.9412125675012293,56.39559120879123,0.9997042538105578,2.527058837145751,0.9929625982614333,11.206168478371744,0.9999583014282465
