stock,minmax,BOP,TSF,SIN,STDDEV,CORREL,TAN,COS
5483,min,-1.0,108.63178021978035,-0.9977843417675404,0.47543257941795436,0.9043252960709186,-72.62684163766497,-0.9944172769178448
5483,max,2.0,51.71992307692307,1.9976895623705428,6.06184101938372,0.09095985060375977,87.62406971980799,1.9944065217171971
