stock,minmax,BOP,TSF,SIN,STDDEV,CORREL,TAN,COS
5607,min,-1.0,40.06035824175824,-0.9995379305554906,0.11969027700770304,0.8664311616715044,-37.71772678010733,-0.9997796025162212
5607,max,0.8823745770192776,47.30019230769225,0.9996487226884886,1.6959707469209586,0.9876180089886419,32.883711595422476,0.9999982004109907
