stock,minmax,BOP,TSF,SIN,STDDEV,CORREL,TAN,COS
5871,min,-0.9583321683861308,126.90440109890109,-0.9999807321322796,0.8760987903408267,0.8151127479854413,-161.08752098581618,-0.9932821429184934
5871,max,1.0,211.32551318681325,0.9998361926059185,9.903201622386408,0.9931120028576352,18.619515078258104,0.9968274860159773
