stock,minmax,BOP,TSF,SIN,STDDEV,CORREL,TAN,COS
5871,min,-0.9583329679099832,134.85419670329665,-0.9989627304971922,0.9310020613607416,0.8151115890328723,-20.322661743785684,-0.9991832737087397
5871,max,1.9583329679099832,89.70958461538439,1.9951298712707144,9.59255472766553,0.17800047545248687,42.260868878782894,1.9991265046462083
