stock,minmax,BOP,TSF,SIN,STDDEV,CORREL,TAN,COS
5880,min,-1.0,21.010692307692324,-0.9998425633590864,0.0648134985595546,0.746066551291046,-37.93453759784508,-0.9985449748638334
5880,max,1.0,23.942002197802204,0.7059393845958813,0.47927283002111093,0.9959715022611677,56.34829888580606,0.4893594527069644
