stock,minmax,BOP,TSF,SIN,STDDEV,CORREL,TAN,COS
5903,min,-1.0,174.28479890109892,-0.984685857295798,0.1939599997614826,0.3852840487103084,-70.27048611753396,-0.9982400662330791
5903,max,2.0,25.878441758241706,1.9846614627866321,5.963222664275778,0.5847759321309294,213.43355983404126,1.9897856062640735
