stock,minmax,BOP,TSF,SIN,STDDEV,CORREL,TAN,COS
5904,min,-1.0,355.16091758241737,-0.9997763155830215,2.816807198615079,0.8501319961544538,-11.99255782848728,-0.9999285719563226
5904,max,1.0,538.7147208791209,0.994944092633722,24.4877354718263,0.9749344952013143,47.27094332165563,0.99801090551703
