stock,minmax,BOP,TSF,SIN,STDDEV,CORREL,TAN,COS
5904,min,-1.0,355.16091758241737,-0.9997763155830215,2.816807198615079,0.8501319961544538,-11.99255782848728,-0.9999285719563226
5904,max,2.0,183.55380329670356,1.9947204082167436,21.670928273211224,0.12480249904686047,59.26350115014291,1.9979394774733525
