stock,minmax,BOP,TSF,SIN,STDDEV,CORREL,TAN,COS
6121,min,-1.0,214.35368571428558,-0.9957484141519652,1.003524850982976,0.9003720037901575,-87.57780534433853,-0.999571501541163
6121,max,1.0,274.7248054945056,0.9999348162376854,9.476639042956158,0.9961471069468564,74.65627044183523,0.9974976738706032
