stock,minmax,BOP,TSF,SIN,STDDEV,CORREL,TAN,COS
6125,min,-1.0,21.881554945054948,-0.9993172380712003,0.06324803869175724,0.8748615551021077,-27.047546459036656,-0.9842791103849734
6125,max,1.961516740621219,4.648543956043955,1.9942071935363894,1.4109528662054367,0.11604927908528861,36.90133485531308,1.9842451516517805
