stock,minmax,BOP,TSF,SIN,STDDEV,CORREL,TAN,COS
6125,min,-1.0,21.881554945054948,-0.9993172380712003,0.06324803869175724,0.8748615551021077,-27.047546459036653,-0.9842791103849734
6125,max,0.9615167406212191,26.530098901098903,0.9948899554651892,1.474200904897194,0.9909108341873963,9.853788396276427,0.999966041266807
