stock,minmax,BOP,TSF,SIN,STDDEV,CORREL,TAN,COS
6138,min,-1.0,91.41997142857146,-0.9999822756179871,0.44637051688835416,0.9419913770884975,-79.23780339031566,-0.9987921500423664
6138,max,1.0,148.1713571428572,0.9991409287225509,8.397386434452308,0.9920836416829143,167.95528646989104,0.9997915019657555
