stock,minmax,BOP,TSF,SIN,STDDEV,CORREL,TAN,COS
6138,min,-1.0,94.56509560439557,-0.9999988273889925,0.46174106423742817,0.9419906371484141,-652.9916635854805,-0.999998810452713
6138,max,2.0,58.70378131868128,1.9999974604389477,8.224518226987678,0.05009308811275648,659.3929647542295,1.9879607596196611
