stock,minmax,BOP,TSF,SIN,STDDEV,CORREL,TAN,COS
6143,min,-1.0,50.09918241758241,-0.9999999363665029,0.34387816215422173,0.8021235251299142,-28.13452455480549,-0.9997747605000109
6143,max,2.0,35.299192307692266,1.9949204234987978,4.31625985254112,0.18081675375893935,2831.2570766960644,1.9988345263730936
