stock,minmax,BOP,TSF,SIN,STDDEV,CORREL,TAN,COS
6146,min,-1.0,166.69844725274743,-0.9993447025265029,0.979373476081403,0.86899029257955,-17.55106254626224,-0.9984528593822555
6146,max,2.0,57.42301978021948,1.9987822609698647,7.1897243270811835,0.11548545859046111,47.35427250345762,1.9979357963802524
