stock,minmax,BOP,TSF,SIN,STDDEV,CORREL,TAN,COS
6146,min,-1.0,166.69844725274743,-0.9993447025265029,0.979373476081403,0.86899029257955,-17.55106254626224,-0.9984528593822555
6146,max,1.0,224.1214670329669,0.9994375584433619,8.169097803162586,0.9844757511700111,29.80320995719538,0.9994829369979971
