stock,minmax,BOP,TSF,SIN,STDDEV,CORREL,TAN,COS
6176,min,-1.0,82.24445054945053,-0.999999743156876,0.2686174797212133,0.7250064855495872,-1395.2465160131587,-0.9871157822911939
6176,max,2.0,11.115400000000022,1.9966224554037872,1.8865380417228717,0.2591736179204258,1484.5446539182706,1.9825405757309928
