stock,minmax,BOP,TSF,SIN,STDDEV,CORREL,TAN,COS
6197,min,-1.0,31.744172527472557,-0.9999957498854135,0.1022415453807544,0.6505190031098153,-22.876859759881313,-0.9988480053997576
6197,max,0.9583965717346681,42.277534065934034,0.9983081876009032,1.2015986511318337,0.9855963864685843,342.99145319364726,0.9999130375189355
