stock,minmax,BOP,TSF,SIN,STDDEV,CORREL,TAN,COS
6205,min,-1.0,62.357810989010964,-0.9997737459124373,0.260739428541687,0.8961061213223852,-47.00164735681277,-0.9999995305510919
6205,max,2.0,26.889328571428656,1.9970247608888938,5.45365469178276,0.09739534917317871,58.82005975574727,1.9996172087253654
