stock,minmax,BOP,TSF,SIN,STDDEV,CORREL,TAN,COS
6205,min,-1.0,62.357810989010964,-0.9997737459124373,0.260739428541687,0.8961061213223852,-47.00164735681277,-0.9999995305510919
6205,max,1.0,89.24713956043962,0.9972510149764566,5.714394120324447,0.9935014704955639,11.818412398934502,0.9996176781742735
