stock,minmax,BOP,TSF,SIN,STDDEV,CORREL,TAN,COS
6213,min,-1.0,50.89067472527465,-0.9995326932226264,0.24202492103626008,0.7874645096118132,-66.3727059856204,-0.9997429306848289
6213,max,2.0,27.822364835164947,1.9994192138238405,4.910240258629464,0.20541345728266713,128.67498677240144,1.99901406921393
