stock,minmax,BOP,TSF,SIN,STDDEV,CORREL,TAN,COS
6223,min,-0.9787234042553177,75.29099340659342,-0.9998821312657812,0.32064269459370504,0.7895971126780705,-116.5474324517228,-0.9940731892783555
6223,max,1.0,127.04241758241754,0.9999631921369158,7.593474082394461,0.9938849965737996,65.12493417844397,0.9977241450176791
