stock,minmax,BOP,TSF,SIN,STDDEV,CORREL,TAN,COS
6235,min,-0.8985559458404632,27.91036043956043,-0.9999312018860774,0.09156902096594965,0.8647802614233501,-12.913436112263142,-0.9999770103924859
6235,max,0.9599801143425295,52.59807692307689,0.999879522786114,3.992754555241344,0.9931769323701014,85.24606210006588,0.9999955354624254
