stock,minmax,BOP,TSF,SIN,STDDEV,CORREL,TAN,COS
6239,min,-1.0,61.8226318681318,-0.9991502727867597,0.12163961515340338,0.8832406123014369,-20.656716158083526,-0.9999981638215532
6239,max,1.0,81.11128901098907,0.9995425218277508,3.1502668975150527,0.997606613055143,33.04842473769277,0.9999589437931422
