stock,minmax,BOP,TSF,SIN,STDDEV,CORREL,TAN,COS
6239,min,-1.0,64.5878186813187,-0.994456655050899,0.12706547920502875,0.8832483852955477,-42.04424059863279,-0.9991706061674701
6239,max,2.0,20.15140549450537,1.9941739244826153,3.164110470757744,0.11435822567254184,56.32298317566199,1.9991680153662283
