stock,minmax,BOP,TSF,SIN,STDDEV,CORREL,TAN,COS
6244,min,-1.0,22.755130769230803,-0.9963004208273238,0.09664461909973764,0.8773321777436219,-5.640617405494757,-0.9998958333292568
6244,max,2.0,7.592983516483471,1.9960619908873354,2.135823626945635,0.11293553911268273,51.426009215009714,1.999694662921876
