stock,minmax,BOP,TSF,SIN,STDDEV,CORREL,TAN,COS
6245,min,-0.916674653529873,46.879925274725295,-0.9994355050320067,0.16862499695420433,0.9021162750545308,-45.018631987666055,-0.9980672191267149
6245,max,0.9199981598196609,102.39353076923086,0.9998937314073867,5.755112258644848,0.9930559402339965,68.58796564437121,0.9987104140882853
