stock,minmax,BOP,TSF,SIN,STDDEV,CORREL,TAN,COS
6245,min,-0.9166804187982484,49.00737362637354,-0.9993550639801762,0.17626163960567245,0.9021146251421006,-27.830213462169553,-0.9728682702092509
6245,max,0.9199964794930489,107.04036813186809,0.9991202025582335,6.016289266449514,0.9930559617347515,22.975075474573238,0.994713775439581
