stock,minmax,BOP,TSF,SIN,STDDEV,CORREL,TAN,COS
6269,min,-1.0,76.79150659340662,-0.9982236911221252,0.2695489981462394,0.8094822611717141,-16.506190630971755,-0.9902755936183971
6269,max,2.0,23.223974725274758,1.9977859204541073,3.8823297142447992,0.18496696106485944,50.29081114981625,1.9871096392375494
