stock,minmax,BOP,TSF,SIN,STDDEV,CORREL,TAN,COS
6269,min,-1.0,76.79150659340662,-0.9982236911221252,0.2695489981462394,0.8094822611717141,-16.506190630971755,-0.9902755936183971
6269,max,1.0,100.01548131868138,0.9995622293319821,4.151878712391039,0.9944492222365735,33.7846205188445,0.9968340456191523
