stock,minmax,BOP,TSF,SIN,STDDEV,CORREL,TAN,COS
6271,min,-1.0,121.37915054945047,-0.9999420725076187,0.0,0.510163786078486,-92.90172305391155,-0.9987834932492866
6271,max,0.9444325284961408,177.14489780219782,0.9981339987942899,9.062266159324222,0.9915812902129407,16.346342117773418,0.998248386587673
