stock,minmax,BOP,TSF,SIN,STDDEV,CORREL,TAN,COS
6278,min,-0.9687554608045302,68.84486153846156,-0.9999783035973977,0.26282752821381683,0.9219907838906783,-151.80429860864714,-0.9966913716843316
6278,max,0.9473777149920549,88.0762417582417,0.9998273970061372,3.637664591794086,0.9898681201456712,57.47215840184931,0.9909428714088079
