stock,minmax,BOP,TSF,SIN,STDDEV,CORREL,TAN,COS
6279,min,-1.0,124.14552087912094,-0.9999690816848545,0.46370483454762274,0.7318899473447514,-127.16483188848386,-0.9988226221009153
6279,max,0.9090963614554175,154.24746263736253,0.9932031233714124,8.348180872884697,0.9885205239483217,8.533115097736705,0.9999753371369368
