stock,minmax,BOP,TSF,SIN,STDDEV,CORREL,TAN,COS
6279,min,-1.0,131.28755714285708,-0.9962021925394907,0.49042369686740384,0.7318872171685079,-13.478545475367696,-0.9999573984208334
6279,max,0.9091063765430902,163.12125384615376,0.9972590851672071,8.828442569109471,0.9885203564213727,11.441389154481215,0.9796165635937282
