stock,minmax,BOP,TSF,SIN,STDDEV,CORREL,TAN,COS
6284,min,-1.0,36.308919780219796,-0.999940444318972,0.16424331217593754,0.7281543633674356,-91.62289401529189,-0.9999601734427671
6284,max,1.0,55.80428901098905,0.9999938978152497,2.5740630253344166,0.9921104637851929,286.24660101768393,0.996937047134615
