stock,minmax,BOP,TSF,SIN,STDDEV,CORREL,TAN,COS
6285,min,-0.9459241564646161,69.44994505494503,-0.9995265596563688,0.21419589541908268,0.6849945199644903,-32.48614052874808,-0.9978545721958268
6285,max,1.0,83.33316923076922,0.9994416033427571,2.9557450021285914,0.9830653998057355,29.91104984562795,0.9999991239276094
