stock,minmax,BOP,TSF,SIN,STDDEV,CORREL,TAN,COS
6285,min,-0.9459241564646161,69.44994505494503,-0.9995265596563688,0.21419589541908268,0.6849945199644903,-32.486140528748074,-0.9978545721958268
6285,max,1.9459241564646161,13.883224175824182,1.9989681629991258,2.741549106709509,0.29807087984124514,62.397190374376024,1.9978536961234363
