stock,minmax,BOP,TSF,SIN,STDDEV,CORREL,TAN,COS
6285,min,-0.9459524022813427,69.44815604395608,-0.9995832142661835,0.21419589539785225,0.6849936570383606,-34.62523987903815,-0.9977216376156118
6285,max,1.0,83.33101758241753,0.9993763131842669,2.9556966186656455,0.9830661911927617,28.300786083825066,0.9999948039282868
