stock,minmax,BOP,TSF,SIN,STDDEV,CORREL,TAN,COS
6290,min,-1.0,44.962602197802184,-0.9991384230730215,0.13721497586938963,0.639750702043309,-24.07449564016279,-0.9996847555891419
6290,max,1.0,73.63160219780222,0.9998180055167222,3.258088767115553,0.9948109375571355,52.40788152864192,0.9999972459652664
