stock,minmax,BOP,TSF,SIN,STDDEV,CORREL,TAN,COS
6290,min,-1.0,46.547902197802216,-0.9997997292017454,0.14207312762918067,0.6397497430425162,-49.958679164770174,-0.9990442193337246
6290,max,2.0,29.679774725274683,1.9993913835417239,3.230873731364472,0.3550610705201044,84.94014402010316,1.9990350496268898
