stock,minmax,BOP,TSF,SIN,STDDEV,CORREL,TAN,COS
6412,min,-1.0,57.670899999999996,-0.9999929940291867,0.08754476341501517,0.36242272755844945,-267.14592770231667,-0.999696098765528
6412,max,1.0,70.51744285714285,0.997017655867112,2.223438818228109,0.9800013731997246,9.83305048420951,0.9915946687072603
