stock,minmax,BOP,TSF,SIN,STDDEV,CORREL,TAN,COS
6415,min,-1.0,354.15129450549466,-0.9999449233900546,4.558501709044848,0.9462782788090777,-95.27598811075248,-0.9992709329566496
6415,max,2.0,297.4632549450547,1.9991456378404835,39.918261429568396,0.04670477386061789,118.35620663802877,1.9992140471070021
