stock,minmax,BOP,TSF,SIN,STDDEV,CORREL,TAN,COS
6443,min,-1.0,31.067502197802206,-0.9997902002998124,0.14005570892417835,0.8576241582078998,-48.81060897234308,-0.9956711081849567
6443,max,0.925818070350217,37.10101208791207,0.9996212699230891,1.860038607557088,0.9832533990982371,36.324255065633324,0.9999947947375655
