stock,minmax,BOP,TSF,SIN,STDDEV,CORREL,TAN,COS
6456,min,-1.0,73.76421868131875,-0.9971833725394168,0.2442463952701139,0.6229378630499328,-13.295398316481599,-0.9987700905068057
6456,max,2.0,16.425674725274646,1.9930643664050183,3.079153247865909,0.36068545542728725,23.82370147651445,1.9983178322732522
