stock,minmax,BOP,TSF,SIN,STDDEV,CORREL,TAN,COS
6469,min,-1.0,178.093678021978,-0.997833520105549,0.566825216115692,0.8392054266113467,-181.31945136303995,-0.9880302953375553
6469,max,1.0,225.701256043956,0.9999847920279902,5.36299055252064,0.9857287790151045,36.95198494122913,0.9993654579104495
