stock,minmax,BOP,TSF,SIN,STDDEV,CORREL,TAN,COS
6470,min,-1.0,40.054281318681305,-0.9999995957408042,0.2675811757166465,0.938341901500094,-1112.1283624151577,-0.9999916134379484
6470,max,0.9411685241472478,58.29033626373626,0.9966720352376496,3.4794722847003854,0.9944173488161528,10.06940844536873,0.9982462839722249
