stock,minmax,BOP,TSF,SIN,STDDEV,CORREL,TAN,COS
6472,min,-1.0,182.85409010989008,-0.9994496640935298,2.5684907215387693,0.8456697635116118,-30.12948886857325,-0.9994153084972963
6472,max,1.0,405.5557945054948,0.9991332637280973,34.74470108437552,0.9936238873722184,24.002642650063414,0.9991580803405652
