stock,minmax,BOP,TSF,SIN,STDDEV,CORREL,TAN,COS
6477,min,-1.0,38.524021978021985,-0.9913401911082919,0.0972490288095015,0.875301196597721,-82.5960639443738,-0.9999963671330914
6477,max,1.9361510386157796,8.258959340659366,1.9912669080544319,2.0987419451248956,0.11470093640177215,111.07968918996454,1.997568503812706
