stock,minmax,BOP,TSF,SIN,STDDEV,CORREL,TAN,COS
6488,min,-1.0,312.775732967033,-0.9969486508715253,2.069744892021396,0.8890494042468546,-8.859792402691992,-0.9998355500916136
6488,max,2.0,225.79515934065904,1.9924668299227828,30.05941983115074,0.10814001198310652,21.631336005431535,1.9901558326688351
