stock,minmax,BOP,TSF,SIN,STDDEV,CORREL,TAN,COS
6491,min,-1.0,240.19107692307685,-0.9992852821347956,3.1114071241167345,0.7746448781460822,-40.118861085662296,-0.9819791093147245
6491,max,0.9697008850700953,452.8826989010985,0.9996894936402368,23.94152098655411,0.9882003461474496,13.905050089315534,0.9999947777671137
