stock,minmax,BOP,TSF,SIN,STDDEV,CORREL,TAN,COS
6505,min,-1.0,75.66416263736265,-0.9997555249512423,0.24981993513782913,0.9265045131767253,-13.014390646591574,-0.9999837644300454
6505,max,1.947396471779562,8.86389230769224,1.999749025791664,1.5151699311218918,0.06280768947205906,290.38106858160836,1.9999017303965438
