stock,minmax,BOP,TSF,SIN,STDDEV,CORREL,TAN,COS
6505,min,-1.0,73.36090659340658,-0.9977954893159334,0.24223046878629423,0.9265080909412254,-9.303092589388344,-0.9996214494093596
6505,max,0.9473944591028983,81.95493736263734,0.9988335248715312,1.7112769917247916,0.9893116843516756,20.685549231045446,0.996279240718035
