stock,minmax,BOP,TSF,SIN,STDDEV,CORREL,TAN,COS
6510,min,-1.0,359.3013406593408,-0.9997400522352872,3.050455608296213,0.8828659790158928,-228.6536270472281,-0.9996988015057683
6510,max,0.916670211770316,589.2079274725269,0.999990436704295,28.853681784948208,0.9898012798513686,43.84875584192781,0.999500913544757
