stock,minmax,BOP,TSF,SIN,STDDEV,CORREL,TAN,COS
6515,min,-1.0,284.0709945054945,-0.9997015787495184,3.0111384009131457,0.8213293478489908,-40.92351323259098,-0.9997275216636374
6515,max,1.9870139568625467,278.1474483516484,1.9996726767343502,33.53384503619151,0.17377813738119108,172.44948696329666,1.9996917020038174
