stock,minmax,BOP,TSF,SIN,STDDEV,CORREL,TAN,COS
6523,min,-1.0,73.30439010989002,-0.9995947971142626,0.27636119118695224,0.5678975712321384,-2021.5092185843625,-0.993877568315699
6523,max,1.0,104.18714505494505,0.9999998776459154,6.641117123074408,0.9836750205402867,35.116944652959155,0.9993636678131141
