stock,minmax,BOP,TSF,SIN,STDDEV,CORREL,TAN,COS
6523,min,-1.0,72.34929670329669,-0.9996559762415027,0.2727639374996432,0.5679008358699656,-50.1469279994667,-0.9994626639387073
6523,max,1.0,102.82966043956043,0.9998012295433927,6.554593503307393,0.9836746728647535,31.332099362366993,0.997528308464279
