stock,minmax,BOP,TSF,SIN,STDDEV,CORREL,TAN,COS
6531,min,-0.9615396929578813,136.42430879120886,-0.9994744394285934,0.8808103281888057,0.919903255645793,-34.08859355223772,-0.9997856013675368
6531,max,1.9615396929578814,134.7715461538463,1.9990444362700837,15.821817995443856,0.07571777763525345,56.98685872446211,1.999706448882017
