stock,minmax,BOP,TSF,SIN,STDDEV,CORREL,TAN,COS
6531,min,-0.9615396929578813,136.42430879120886,-0.9994744394285934,0.8808103281888057,0.919903255645793,-34.08859355223772,-0.9997856013675368
6531,max,1.0,271.19585494505515,0.9995699968414903,16.702628323632663,0.9956210332810465,22.89826517222439,0.9999208475144803
