stock,minmax,BOP,TSF,SIN,STDDEV,CORREL,TAN,COS
6532,min,-1.0,45.645793406593384,-0.9973356713897995,0.1716395828465636,0.9012968983023364,-13.67168140147881,-0.999922186811608
6532,max,1.0,58.746583516483575,0.9999856132961626,3.7459784539685197,0.9825121481402617,186.42307376409565,0.9998523852100488
