stock,minmax,BOP,TSF,SIN,STDDEV,CORREL,TAN,COS
6532,min,-1.0,45.645793406593384,-0.9973356713897995,0.1716395828465636,0.9012968983023364,-13.67168140147881,-0.999922186811608
6532,max,2.0,13.100790109890191,1.9973212846859623,3.574338871121956,0.08121524983792527,200.09475516557444,1.9997745720216569
