stock,minmax,BOP,TSF,SIN,STDDEV,CORREL,TAN,COS
6533,min,-1.0,310.71772527472524,-0.9987795394500929,2.98412410501953,0.8154419364959435,-107.08768934708789,-0.9998867160743602
6533,max,1.9729709946511318,283.4282615384619,1.9987359418577006,37.94404169211906,0.179063261720238,127.30974570946314,1.999685993777622
