stock,minmax,BOP,TSF,SIN,STDDEV,CORREL,TAN,COS
6561,min,-1.0,235.91002857142868,-0.9978732352235321,0.21143995441189173,0.7190249479005533,-217.79762545150157,-0.9997949558965813
6561,max,2.0,61.667929670329755,1.9978626948292488,14.577395517706494,0.2582685913611563,233.1060916760729,1.9957411233220972
