stock,minmax,BOP,TSF,SIN,STDDEV,CORREL,TAN,COS
6569,min,-1.0,72.1893483516483,-0.9864696633371748,0.09602206001352756,0.7048033633975028,-77.63553623770862,-0.9998117939521926
6569,max,1.0,86.78952967032963,0.9999170541134905,3.276827302988239,0.9767451813999936,14.381920455602272,0.9999788165776748
