stock,minmax,BOP,TSF,SIN,STDDEV,CORREL,TAN,COS
6591,min,-1.0,32.526621978021986,-0.999888765749249,0.07090750597179561,0.8511949194324564,-14.432576584558886,-0.995624510498278
6591,max,1.0,40.39350109890109,0.9999458354889262,1.4454965629858558,0.989534822466447,96.07490096694347,0.9951932125470986
