stock,minmax,BOP,TSF,SIN,STDDEV,CORREL,TAN,COS
6591,min,-1.0,34.024819780219765,-0.9929534145279437,0.07415250231715505,0.851192610506533,-8.378975835847163,-0.9997799108688021
6591,max,2.0,8.229194505494547,1.9818870641333184,1.437908575284957,0.13834064085695252,15.044814502485893,1.999667235268539
