stock,minmax,BOP,TSF,SIN,STDDEV,CORREL,TAN,COS
6612,min,-1.0,68.21745054945059,-0.9998211608530062,0.1893854440181503,0.7888501873817466,-12.682285761402168,-0.9990755716439791
6612,max,2.0,73.72789560439558,1.986585054181257,10.608702390705746,0.2053608541338714,65.5505984028115,1.9988093150814819
