stock,minmax,BOP,TSF,SIN,STDDEV,CORREL,TAN,COS
6669,min,-1.0,546.4918593406592,-0.9997575762379484,4.014218476270526,0.8850993758494898,-6.919073431148735,-0.9999850992276379
6669,max,2.0,335.2094186813191,1.9981297867534962,46.630887792258235,0.10113072433953918,52.32561610106728,1.99998498348695
