stock,minmax,BOP,TSF,SIN,STDDEV,CORREL,TAN,COS
6683,min,-1.0,133.79270989010985,-0.9969219317998075,1.12180140027434,0.8830821695272946,-151.5042430613022,-0.9926526614679946
6683,max,2.0,80.7914373626374,1.9969001493750635,9.6646889876905,0.10780236139208299,193.01595688526098,1.9924772633344807
