stock,minmax,BOP,TSF,SIN,STDDEV,CORREL,TAN,COS
6712,min,-1.0,136.83246813186807,-0.9999999526524267,0.7782886235704116,0.8871705108948776,-3249.646527467099,-0.9998451953111155
6712,max,0.916661421287843,188.34268021978033,0.9993699546377196,10.093515650830353,0.9863107518151143,28.15748090323043,0.9985797157610445
