stock,minmax,BOP,TSF,SIN,STDDEV,CORREL,TAN,COS
6712,min,-1.0,136.83246813186807,-0.9999999526524267,0.7782886235704116,0.8871705108948776,-3249.6465274670986,-0.9998451953111155
6712,max,1.916661421287843,51.510212087912265,1.9993699072901463,9.315227027259942,0.09914024092023666,3277.804008370329,1.99842491107216
