stock,minmax,BOP,TSF,SIN,STDDEV,CORREL,TAN,COS
6715,min,-1.0,96.07347692307687,-0.9976142225521527,0.5443330796423278,0.817738974251752,-14.450798883293466,-0.9999276622811372
6715,max,1.0,142.14050879120893,0.9997962337389595,9.14019897660857,0.9877599724954335,49.52819319719127,0.9979027193226715
