stock,minmax,BOP,TSF,SIN,STDDEV,CORREL,TAN,COS
6715,min,-1.0,98.2788802197802,-0.9997689887175361,0.5568559059613045,0.817739450194044,-194.04300492561487,-0.9993956049026107
6715,max,2.0,47.124528571428584,1.999755709717536,8.793164073825587,0.17002057643551904,240.55801841896601,1.9993626310918078
