stock,minmax,BOP,TSF,SIN,STDDEV,CORREL,TAN,COS
6782,min,-1.0,263.9620956043957,-0.9951662393626266,3.614909072934403,0.9186790572756784,-26099.966248704135,-0.9997133041834697
6782,max,0.9848462940843653,368.3985670329671,0.99999999926601,25.081537223336234,0.9731345461946008,3.4396907333757936,0.9958474372710371
