stock,minmax,BOP,TSF,SIN,STDDEV,CORREL,TAN,COS
6788,min,-1.0,60.6665692307692,-0.9986228561167918,0.4168891670457685,0.882461919699039,-94.64599560665421,-0.9982015195985156
6788,max,1.0,121.67483626373632,0.9999441877980951,11.446461261542591,0.9935362229950615,39.467541927775486,0.9999261923558648
