stock,minmax,BOP,TSF,SIN,STDDEV,CORREL,TAN,COS
6799,min,-1.0,74.38369450549438,-0.9997915860303729,0.48676417042736975,0.8985690030613207,-48.97266028466267,-0.9998995751859572
6799,max,1.0,143.40657142857128,0.9940619133215095,10.529852003253358,0.9962195301546433,15.340429227917467,0.994211356024039
