stock,minmax,BOP,TSF,SIN,STDDEV,CORREL,TAN,COS
6806,min,-1.0,57.587106593406574,-0.9999794389243852,0.30107749166400005,0.72314386785355,-25.15290743163425,-0.9991982770886817
6806,max,0.9434005675281858,90.67384945054941,0.99921063265631,4.671226982965273,0.9902634901471455,155.93923157200322,0.9994706736511481
