stock,minmax,BOP,TSF,SIN,STDDEV,CORREL,TAN,COS
6806,min,-1.0,58.20542967032961,-0.999957281422661,0.30431079245840353,0.7231341065506509,-108.18391580545159,-0.999598286824641
6806,max,0.9433947947492222,91.64742637362642,0.9863633238911844,4.721368674696349,0.9902636938890654,11.04940242929334,0.9969133160802846
