stock,minmax,BOP,TSF,SIN,STDDEV,CORREL,TAN,COS
6806,min,-1.0,58.20542967032961,-0.999957281422661,0.30431079245840353,0.7231341065506509,-108.18391580545159,-0.999598286824641
6806,max,1.943394794749222,33.44199670329681,1.9863206053138454,4.417057882237945,0.2671295873384145,119.23331823474493,1.9965116029049255
