stock,minmax,BOP,TSF,SIN,STDDEV,CORREL,TAN,COS
6811,min,-1.0,97.2544428571429,-0.9999533348581736,0.38791999998483995,0.7153350401925691,-103.50790222213752,-0.996513586164931
6811,max,2.0,57.19097582417588,1.9930981370977565,7.517640367400957,0.27089716139983533,112.00426708715977,1.9962676919463131
