stock,minmax,BOP,TSF,SIN,STDDEV,CORREL,TAN,COS
6811,min,-1.0,94.38408681318678,-0.9999244159153804,0.3765150004932135,0.7153400674529508,-7.069919440044752,-0.9999815665747127
6811,max,1.0,149.88708791208788,0.998803214963953,7.672235273660214,0.9862321763522064,81.3289570227374,0.9999807419526718
