stock,minmax,BOP,TSF,SIN,STDDEV,CORREL,TAN,COS
8016,min,-1.0,136.38153186813182,-0.9999042687014035,0.6404218153753851,0.8618959621211962,-72.26480642289407,-0.9978329825799401
8016,max,2.0,67.6472615384616,1.999305735292177,10.267038158239382,0.12330210801096875,138.63555558620263,1.985512201024528
