stock,minmax,BOP,TSF,SIN,STDDEV,CORREL,TAN,COS
8028,min,-1.0,44.57834725274727,-0.9999925059939576,0.2555562638602485,0.8944178338324742,-14.65858614598042,-0.999556316606423
8028,max,0.979168071192611,58.697518681318726,0.9942938976137683,2.922794508958957,0.9894395137977726,258.3006753875712,0.9998121660524173
