stock,minmax,BOP,TSF,SIN,STDDEV,CORREL,TAN,COS
8044,min,-1.0,42.64870549450548,-0.9994935140752617,0.37792850859298593,0.7605655820354777,-31.40771128118441,-0.9992722139602167
8044,max,0.9607968381971342,69.20579010989012,0.9993062765708659,4.830595866516681,0.9918608850730848,14.644586024947461,0.9995761143074358
