stock,minmax,BOP,TSF,SIN,STDDEV,CORREL,TAN,COS
8044,min,-1.0,42.64870549450548,-0.9994935140752617,0.37792850859298593,0.7605655820354777,-31.40771128118441,-0.9992722139602167
8044,max,1.9607968381971341,26.55708461538464,1.9987997906461277,4.452667357923695,0.23129530303760704,46.05229730613188,1.9988483282676524
