stock,minmax,BOP,TSF,SIN,STDDEV,CORREL,TAN,COS
8046,min,-0.9599971903206568,162.74810000000016,-0.9999469424124358,1.3203576400615686,0.9473701058384405,-20.87548099593857,-0.9999004867739004
8046,max,0.9565188345215254,274.7077989010989,0.9971147504179715,14.825507055019415,0.9951231358805543,97.07199828516929,0.999445621018879
