stock,minmax,BOP,TSF,SIN,STDDEV,CORREL,TAN,COS
8046,min,-0.9600030681643851,167.66624285714283,-0.9999817594901051,1.360257230776625,0.9473699712142332,-165.56196550424238,-0.9990917994617853
8046,max,1.9165280294879996,115.34304615384616,1.9990087218141992,13.913263687292764,0.04775316841908983,176.4982783641306,1.9990814731368758
