stock,minmax,BOP,TSF,SIN,STDDEV,CORREL,TAN,COS
8049,min,-1.0,23.40273956043958,-0.9999867125113369,0.10394324220900075,0.8701793596261892,-193.98101195933435,-0.9995246735115562
8049,max,2.0,9.781223076923037,1.9982841084110363,0.8410621241255603,0.11034933681413805,206.37072206222757,1.9992384476067724
