stock,minmax,BOP,TSF,SIN,STDDEV,CORREL,TAN,COS
8050,min,-0.969723183391,55.80471648351646,-0.9966187222368347,0.365807481604529,0.9225302462787093,-12.129448299114621,-0.9999624988126402
8050,max,1.969723183391,28.205343956043947,1.996082989597644,3.0039901612222555,0.06097920716816996,42.667153281297445,1.999835719601177
