stock,minmax,BOP,TSF,SIN,STDDEV,CORREL,TAN,COS
8069,min,-0.9230769230769245,152.81495604395616,-0.993571244042318,0.6800953021633989,0.8983015962021805,-21.596385761106866,-0.993587215115393
8069,max,0.9545454545454553,205.69794725274744,0.999860564575671,10.52892239375153,0.98183956235109,59.87603314430046,0.9998565083401323
