stock,minmax,BOP,TSF,SIN,STDDEV,CORREL,TAN,COS
8086,min,-1.0,56.72857142857143,-0.9984459283175113,0.1720465053152942,0.8722507188979585,-17.916073097465784,-0.9959292932301297
8086,max,1.0,80.07252747252748,0.9976190643156521,5.554961746042189,0.9907092057275372,14.465537343027632,0.9999984223549769
