stock,minmax,BOP,TSF,SIN,STDDEV,CORREL,TAN,COS
8086,min,-1.0,56.18045494505494,-0.9999950637581084,0.17039811495648516,0.8722512972721325,-74.98107162958173,-0.9999819018826279
8086,max,1.0,79.29884725274718,0.9999110780889375,5.501293113657531,0.9907094925497276,318.262285825796,0.99994422659912
