stock,minmax,BOP,TSF,SIN,STDDEV,CORREL,TAN,COS
8086,min,-1.0,56.72857142857143,-0.9984459283175113,0.1720465053152942,0.8722507188979585,-17.916073097465784,-0.9959292932301297
8086,max,2.0,23.343956043956055,1.9960649926331633,5.382915240726895,0.11845848682957871,32.38161044049342,1.9959277155851067
