stock,minmax,BOP,TSF,SIN,STDDEV,CORREL,TAN,COS
8091,min,-1.0,56.78418571428568,-0.9996151805845594,0.26557886967755956,0.8689676272781639,-36.03554896987821,-0.9990953284284244
8091,max,2.0,26.38635934065946,1.9990433384554749,5.190322401278694,0.11065383025807507,67.82960739595288,1.9980265250276863
