stock,minmax,BOP,TSF,SIN,STDDEV,CORREL,TAN,COS
8091,min,-1.0,56.78418571428568,-0.9996151805845594,0.26557886967755956,0.8689676272781639,-36.03554896987821,-0.9990953284284244
8091,max,1.0,83.17054505494514,0.9994281578709154,5.455901270956254,0.979621457536239,31.794058426074663,0.9989311965992619
