stock,minmax,BOP,TSF,SIN,STDDEV,CORREL,TAN,COS
8109,min,-1.0,69.97366703296711,-0.9985784333082179,0.1518449919259762,0.7417343356849738,-14.225675425717517,-0.9999999133306097
8109,max,2.0,10.163870329670203,1.9985783388236662,2.144307262254589,0.23579842218971325,2314.632077238951,1.9993618903114654
