stock,minmax,BOP,TSF,SIN,STDDEV,CORREL,TAN,COS
8114,min,-1.0,96.8958868131868,-0.9999321848886655,0.5515666668917618,0.8434922051333879,-85.86173756504891,-0.9988876161262573
8114,max,1.0,119.32673626373635,0.9979423735589938,6.180240340508603,0.9898419294973666,15.564340334506992,0.999590031248245
