stock,minmax,BOP,TSF,SIN,STDDEV,CORREL,TAN,COS
8114,min,-1.0,99.33379780219784,-0.9999358784262389,0.5654400000051673,0.8434906781398136,-6.871946228322783,-0.9999504238247888
8114,max,2.0,22.995302197802175,1.9998813137310483,5.770309086693063,0.14635116813366156,102.59385759860642,1.9998906315208536
