stock,minmax,BOP,TSF,SIN,STDDEV,CORREL,TAN,COS
8155,min,-1.0,77.28259670329656,-0.999927269462719,0.4759424814813955,0.9261591774222151,-82.90923603919276,-0.9999631323361475
8155,max,1.0,118.359401098901,0.9976335690369525,5.246868108355428,0.9874039701321737,45.10148213591286,0.9945647477647513
