stock,minmax,BOP,TSF,SIN,STDDEV,CORREL,TAN,COS
8155,min,-1.0,77.28259670329656,-0.999927269462719,0.4759424814813955,0.9261591774222151,-82.90923603919276,-0.9999631323361475
8155,max,2.0,41.07680439560444,1.9975608384996715,4.770925626874032,0.06124479270995864,128.01071817510564,1.994527880100899
