stock,minmax,BOP,TSF,SIN,STDDEV,CORREL,TAN,COS
8210,min,-1.0,56.889072527472614,-0.9997728937192142,0.24952439078867925,0.8197221117130196,-38.209842903648564,-0.9987525446676565
8210,max,2.0,29.32304945054934,1.999430601937212,4.272452958380467,0.17303256416007318,85.12319293577369,1.9987497212352403
