stock,minmax,BOP,TSF,SIN,STDDEV,CORREL,TAN,COS
8210,min,-1.0,56.889072527472614,-0.9997728937192142,0.24952439078867925,0.8197221117130196,-38.209842903648564,-0.9987525446676565
8210,max,1.0,86.21212197802195,0.9996577082179977,4.521977349169146,0.9927546758730927,46.91335003212512,0.9999971765675838
