stock,minmax,BOP,TSF,SIN,STDDEV,CORREL,TAN,COS
8255,min,-1.0,111.90308131868119,-0.9999817051306044,0.5507128267809681,0.7467793731377372,-165.31580885002873,-0.999867809533621
8255,max,0.9285789911517828,171.8271494505495,0.9996549372911397,9.319533862289862,0.9846026841740343,29.0624225707999,0.9999921510302187
