stock,minmax,BOP,TSF,SIN,STDDEV,CORREL,TAN,COS
8279,min,-1.0,126.01497912087909,-0.9982128041729974,0.7041050870265646,0.6715673816496249,-16.520716067797824,-0.997717063581167
8279,max,2.0,32.16162967032962,1.9963858785614075,6.604790395163452,0.302790887100305,33.22455127115637,1.9737906432885979
