stock,minmax,BOP,TSF,SIN,STDDEV,CORREL,TAN,COS
8279,min,-1.0,126.01497912087909,-0.9982128041729974,0.7041050870265646,0.6715673816496249,-16.520716067797824,-0.997717063581167
8279,max,1.0,158.1766087912087,0.9981730743884101,7.3088954821900165,0.9743582687499299,16.703835203358548,0.9760735797074309
