stock,minmax,BOP,TSF,SIN,STDDEV,CORREL,TAN,COS
8299,min,-0.8750009406629801,237.7479912087912,-0.9993467137415768,1.1353580834865225,0.8550448217588388,-27.65160666297766,-0.9990127440092863
8299,max,1.87500094066298,129.22150989010967,1.9993018132019564,13.191880132085734,0.1349685575347177,133.17399118153037,1.9990111334555927
