stock,minmax,BOP,TSF,SIN,STDDEV,CORREL,TAN,COS
8358,min,-1.0,33.571550549450535,-0.9995199682639196,0.19342575220401784,0.8841393314854541,-96.09010676891643,-0.9993262564178649
8358,max,0.9048053527980521,66.29859450549453,0.9999458526287298,3.153773211506819,0.9899031424213448,32.262173819135775,0.9999890373162069
