stock,minmax,BOP,TSF,SIN,STDDEV,CORREL,TAN,COS
8422,min,-1.0,148.20017472527474,-0.9919002087882727,0.18043999981039613,0.5464698249699679,-8.959258458977429,-0.9972761475588514
8422,max,2.0,21.22741648351635,1.9857287055503825,2.2505776213410744,0.43284957749695174,12.738012708536132,1.9969610764241814
