stock,minmax,BOP,TSF,SIN,STDDEV,CORREL,TAN,COS
8422,min,-1.0,148.20017472527474,-0.9919002087882727,0.18043999981039613,0.5464698249699679,-8.959258458977429,-0.9972761475588514
8422,max,1.0,169.42759120879109,0.9938284967621099,2.4310176211514705,0.9793194024669196,3.778754249558703,0.9996849288653299
