stock,minmax,BOP,TSF,SIN,STDDEV,CORREL,TAN,COS
8436,min,-0.9545396551216495,95.06047252747253,-0.998206777815853,0.4723143334618669,0.8563280222339247,-16.675668345383144,-0.9999606456881128
8436,max,1.0,216.63176043956057,0.9965715758236496,13.7370352729543,0.9936324925641714,6.328412658460682,0.9995540765750276
