stock,minmax,BOP,TSF,SIN,STDDEV,CORREL,TAN,COS
8436,min,-0.9545522625578041,99.66548791208788,-0.9987124035961474,0.4952167751375713,0.8563278516043136,-19.68681283074608,-0.9848345734279014
8436,max,1.954552262557804,127.4606340659341,1.9977786873388474,13.907269810252982,0.1373046871033935,42.81136043884068,1.9847595458362344
