stock,minmax,BOP,TSF,SIN,STDDEV,CORREL,TAN,COS
8454,min,-1.0,394.72621538461505,-0.9998667137435127,3.496654458183799,0.8993841797369624,-61.241934331043076,-0.9985790916158594
8454,max,1.9687524143307638,348.5116065934075,1.9996026169990506,27.710290963156556,0.09589747097412238,104.74475763236461,1.9976219928571246
