stock,minmax,BOP,TSF,SIN,STDDEV,CORREL,TAN,COS
8454,min,-1.0,362.89200659340656,-0.9999480837382149,3.2146229481007396,0.8993841436462806,-57.08145182780063,-0.9999578485003978
8454,max,0.9687502387373251,683.2965263736265,0.9999279263464168,28.69012372684895,0.9952816518131085,98.13329574789309,0.9999726477785708
