stock,minmax,BOP,TSF,SIN,STDDEV,CORREL,TAN,COS
8478,min,-1.0,209.51870109890092,-0.9999943055984813,0.19660000047260015,0.8616296472450995,-79.79811874477275,-0.9990719390480294
8478,max,2.0,175.9609681318684,1.9999630552071737,41.001279777935785,0.12517254904088337,376.11684907497164,1.9989095088096516
