stock,minmax,BOP,TSF,SIN,STDDEV,CORREL,TAN,COS
8478,min,-1.0,201.49687692307685,-0.9997728775499639,0.18908000014361806,0.8616299875557422,-46.91167951103509,-0.9990270125163924
8478,max,1.0,370.7207791208787,0.9995928099475327,39.620541072610706,0.9868021302606841,27.139018897128476,0.999886076505586
