stock,minmax,BOP,TSF,SIN,STDDEV,CORREL,TAN,COS
8916,min,-1.0,47.52064505494506,-0.999968685499325,0.1727006589445296,0.8221392489108997,-126.35780023759936,-0.9988301524783066
8916,max,2.0,10.928987912087884,1.9981282928561348,2.3456428963315026,0.1590320999033279,153.99186451189127,1.9964345583602163
