stock,minmax,BOP,TSF,SIN,STDDEV,CORREL,TAN,COS
8924,min,-1.0,76.25909780219786,-0.998946872902273,0.3615342993655516,0.833785743241489,-11.594970080094518,-0.9995606952948315
8924,max,2.0,29.508286813186757,1.9946568908866524,3.9644652070630055,0.15750626205729246,33.36712280027468,1.999505665189131
