stock,minmax,BOP,TSF,SIN,STDDEV,CORREL,TAN,COS
8926,min,-1.0,23.07613296703294,-0.9983548048554123,0.020526724077830173,0.8293438400746554,-85.74142952510908,-0.9999723688241623
8926,max,2.0,7.729700000000037,1.998286799320515,1.5962455263028668,0.16500628518067872,118.69376121994873,1.9999091868779508
