stock,minmax,BOP,TSF,SIN,STDDEV,CORREL,TAN,COS
8938,min,-1.0,77.65715934065929,-0.9999988780375779,0.13157570290975068,0.8457771089200199,-149.37010876140795,-0.9991096426525131
8938,max,2.0,14.3319582417583,1.9999764687519903,5.199073593978096,0.14023351569760611,816.9380634826894,1.9983411976545533
