stock,minmax,BOP,TSF,SIN,STDDEV,CORREL,TAN,COS
8996,min,-0.9375023866196557,100.67944505494499,-0.9994330342568676,1.1023385915344952,0.8628966458854792,-29.683961456010678,-0.9994665883854683
8996,max,1.8975036900395024,140.50555824175854,1.9984671449430127,11.793303599623307,0.12925397188336307,52.41956742316516,1.9987747316569733
