stock,minmax,BOP,TSF,SIN,STDDEV,CORREL,TAN,COS
8996,min,-0.9375023866196557,100.67944505494499,-0.9994330342568676,1.1023385915344952,0.8628966458854792,-29.683961456010678,-0.9994665883854683
8996,max,0.9600013034198468,241.18500329670354,0.9990341106861451,12.895642191157803,0.9921506177688423,22.73560596715448,0.9993081432715049
