stock,minmax,BOP,TSF,SIN,STDDEV,CORREL,TAN,COS
9802,min,-1.0,119.61417912087902,-0.99990186412181,0.5900335774063946,0.8028928423418553,-9.087731455347658,-0.9999846540957641
9802,max,2.0,33.62118241758253,1.9965859634692598,9.133890093132914,0.1850609749455887,80.46158228124611,1.9994141923954274
