stock,minmax,BOP,TSF,SIN,STDDEV,CORREL,TAN,COS
9802,min,-1.0,119.61417912087902,-0.99990186412181,0.5900335774063946,0.8028928423418553,-9.087731455347658,-0.9999846540957641
9802,max,1.0,153.23536153846155,0.9966840993474497,9.723923670539309,0.987953817287444,71.37385082589846,0.9994295382996634
