stock,minmax,BOP,TSF,SIN,STDDEV,CORREL,TAN,COS
9904,min,-1.0,25.29569560439561,-0.996358211986927,0.06829177399862348,0.7400994219780531,-11.68527502098586,-0.4549625944827858
9904,max,2.0,6.60364065934068,1.9960113986201597,1.6328615653555034,0.2444893962445791,49.645091243376896,1.4549610218957374
