stock,minmax,BOP,TSF,SIN,STDDEV,CORREL,TAN,COS
9910,min,-1.0,128.51348571428576,-0.9984376125294395,0.41053448084989347,0.8261879184075914,-6.9201444004447845,-0.987339207078459
9910,max,1.0,180.25317912087908,0.9897197832619016,7.529885826489309,0.9936411910257118,17.868218801553926,0.9992663172606142
