stock,minmax,BOP,TSF,SIN,STDDEV,CORREL,TAN,COS
9921,min,-1.0,186.7614252747255,-0.999995556256775,0.35979777449416833,0.7927710721054453,-335.43554137677916,-0.9999999338567713
9921,max,2.0,52.87705494505468,1.9954724650331368,8.344427026517046,0.19750946680324644,351.31549735410243,1.998221726574203
