stock,minmax,BOP,TSF,SIN,STDDEV,CORREL,TAN,COS
9921,min,-1.0,186.7614252747255,-0.999995556256775,0.35979777449416833,0.7927710721054453,-335.43554137677916,-0.9999999338567713
9921,max,1.0,239.63848021978018,0.9954769087763616,8.704224801011215,0.9902805389086917,15.87995597732328,0.9982217927174316
