stock,minmax,BOP,TSF,SIN,STDDEV,CORREL,TAN,COS
9939,min,-1.0,71.17965384615391,-0.9968493149720835,0.1591058188484553,0.7751737719832378,-14.124708656885302,-0.9998933978476044
9939,max,0.9722180507583718,89.98149230769226,0.9975032094015127,3.1048598819261004,0.9851684965269448,5.057967411156432,0.9976013556996064
