stock,minmax,BOP,TSF,SIN,STDDEV,CORREL,TAN,COS
9941,min,-1.0,109.09457362637372,-0.9999999713910971,0.4336209219739999,0.796472471652289,-171.3993494452915,-0.9976693821358088
9941,max,1.0,154.78086153846144,0.9992872366076441,4.705342413638645,0.9921333407432732,4180.559323458412,0.993039877451069
