stock,minmax,BOP,TSF,SIN,STDDEV,CORREL,TAN,COS
9941,min,-1.0,104.6729010989011,-0.9975074743842556,0.4160580806142878,0.7964738588696775,-14.136833301035084,-0.9995757344116167
9941,max,1.0,148.50749010989003,0.9999236360464379,4.514637481970802,0.9921333447776796,80.91255687373878,0.9996647728313709
