stock,minmax,BOP,TSF,SIN,STDDEV,CORREL,TAN,COS
9941,min,-1.0,109.09457362637372,-0.9999999713910971,0.4336209219739999,0.796472471652289,-171.3993494452915,-0.9976693821358088
9941,max,2.0,45.68628791208772,1.9992872079987412,4.271721491664645,0.19566086909098424,4351.958672903703,1.9907092595868778
