stock,minmax,BOP,TSF,SIN,STDDEV,CORREL,TAN,COS
9958,min,-1.0,57.97444615384608,-0.9954530632615803,0.34834109949583814,0.8899367570272868,-11.058858531299274,-0.9999993968103214
9958,max,0.9722198671753582,105.07284395604393,0.9999670328759865,4.36628038925587,0.9917510276530478,123.14980627062305,0.9999884526484498
