stock,minmax,BOP,TSF,SIN,STDDEV,CORREL,TAN,COS
9958,min,-1.0,58.79592967032965,-0.9974103221466112,0.3532654662073687,0.8899352911396137,-13.704666335987486,-0.9999999085197966
9958,max,0.9722175778855268,106.56170989010988,0.9997900744414407,4.428131995143733,0.9917512142226028,48.795970261419995,0.9991427701373506
