stock,minmax,BOP,TSF,HT_DCPERIOD,TAN,COS,AD,SIN,TRANGE
1762,min,-1.0,48.27754725274721,17.855295233685542,-43.59210963935731,-0.9862577221489313,-28968071.88390337,-0.9960217723634549,0.48049999999999926
1762,max,1.9000104047445638,19.653632967033047,13.33574150852035,57.235619940186965,1.9846883271198923,30331618.96815008,1.9957587559424725,5.670099999999998
