stock,minmax,BOP,TSF,HT_DCPERIOD,TAN,COS,AD,SIN,TRANGE
2227,min,-1.0,207.36435384615402,11.327020347799081,-21.813748347898542,-0.9942020574980458,-186.11904222212615,-0.9989508790795387,0.9213999999999771
2227,max,2.0,23.958018681318265,16.2960610603647,34.153831471462595,1.9939085510528916,961836.4304036065,1.9854729454816171,17.04710000000003
