stock,minmax,BOP,TSF,HT_DCPERIOD,TAN,COS,AD,SIN,TRANGE
2233,min,-1.0,90.37439340659341,13.490012219961821,-4.47573513579428,-0.9999117297239566,-15727844.820162993,-0.9854569410684205,1.3529000000000053
2233,max,2.0,19.400959340659426,17.165242526776353,10.844423488613764,1.9999100728103398,17059756.769764714,1.9733529442413271,8.568099999999987
