stock,minmax,BOP,TSF,HT_DCPERIOD,TAN,COS,AD,SIN,TRANGE
2308,min,-1.0,200.8614208791209,20.719721280506477,-16.61800193046626,-0.9950774017067923,-76772744.32249221,-0.9998248615258531,2.3297000000000025
2308,max,1.9230737481633113,73.00749890109856,12.085869897276936,70.04209634631935,1.9950548552595468,81448857.45502658,1.998019206112162,13.045899999999989
