stock,minmax,BOP,TSF,HT_DCPERIOD,TAN,COS,AD,SIN,TRANGE
2327,min,-1.0,439.22031318681337,13.62805126002311,-43.48545089830518,-0.997336290288275,-4824643.504612135,-0.9999995527405433,4.588499999999954
2327,max,2.0,173.46100219780254,14.619066047078523,1100.8021478071005,1.9972966229427518,31787631.766325347,1.9998886761722838,43.59050000000002
