stock,minmax,BOP,TSF,HT_DCPERIOD,TAN,COS,AD,SIN,TRANGE
2347,min,-0.925898367400537,56.02555054945053,16.232042272578166,-409.2892516596052,-0.999589494362051,18057492.11257662,-0.9999970152539897,0.42309999999999803
2347,max,1.925898367400537,11.135130769230727,26.210723269051552,530.5074598360354,1.977901574920214,111378481.91514425,1.9999629891583992,3.3001000000000076
