stock,minmax,BOP,TSF,HT_DCPERIOD,TAN,COS,AD,SIN,TRANGE
2360,min,-1.0,139.90812637362663,13.37386425874408,-13.511131944505342,-0.9879272033167514,2354706.424444229,-0.9984850738486485,1.3602000000000203
2360,max,2.0,63.740918681318476,20.06579434836238,57.279264438778476,1.9878976461694697,11365362.670323594,1.9982241679003578,21.763499999999993
