stock,minmax,BOP,TSF,HT_DCPERIOD,TAN,COS,AD,SIN,TRANGE
2377,min,-1.0,104.24123626373641,16.16740650943131,-28.50421859405547,-0.9957999558628995,-53855769.69226181,-0.9998321108716473,1.3234999999999957
2377,max,1.8749893746635322,38.03727472527437,22.391965235827087,83.06982985251075,1.994450846535734,41197353.80284082,1.9992172865226356,5.735100000000017
