stock,minmax,BOP,TSF,HT_DCPERIOD,TAN,COS,AD,SIN,TRANGE
2409,min,-1.0,16.071685714285724,16.50106951513683,-86.59309433625917,-0.998298204793889,-1705301444.84139,-0.9947165845025845,0.19369999999999976
2409,max,2.0,5.914849450549436,20.289007841672014,113.64272859171709,1.9981787644163258,687468742.8558205,1.9946499099592399,1.6945000000000014
