stock,minmax,BOP,TSF,HT_DCPERIOD,TAN,COS,AD,SIN,TRANGE
2421,min,-1.0,32.43592527472531,13.654166766023627,-45.479298118650355,-0.9995880542218661,-20962259.04418859,-0.9997583509708429,0.3656999999999968
2421,max,2.0,11.381302197802228,14.455305486427873,130.16249058174031,1.9994453007750144,29835706.359127957,1.9996886353430348,3.244700000000009
