stock,minmax,BOP,TSF,HT_DCPERIOD,TAN,COS,AD,SIN,TRANGE
2476,min,-1.0,41.29265934065936,18.61335118570397,-270.32920123647955,-0.9991379656768758,-24370219.804328308,-0.9999931580542731,0.4521999999999977
2476,max,2.0,33.66013956043951,14.660766441068532,294.41127346002554,1.9970110977660427,56729840.64920646,1.9971953564795748,3.4365999999999914
