stock,minmax,BOP,TSF,HT_DCPERIOD,TAN,COS,AD,SIN,TRANGE
2481,min,-1.0,66.09133846153843,16.87441099735911,-12.41410282547557,-0.9981566374846418,-503315036.8448206,-0.9921511394691794,1.1839999999999975
2481,max,1.8965621687111907,36.51701428571424,19.094185721855528,105.69399886200233,1.998087297502108,262588608.7358969,1.9920936806806164,7.650300000000001
