stock,minmax,BOP,TSF,HT_DCPERIOD,TAN,COS,AD,SIN,TRANGE
2504,min,-1.0,20.863442857142882,16.263993599503895,-6.063305776160502,-0.9999992169679978,16944145.17068155,-0.9921546076602359,0.1650000000000027
2504,max,2.0,5.7112802197801855,19.506471706184517,13.999467329021492,1.9993200093588928,60536900.58468318,1.9598588664571217,2.310699999999997
