stock,minmax,BOP,TSF,HT_DCPERIOD,TAN,COS,AD,SIN,TRANGE
2615,min,-1.0,102.5087417582416,16.910632432477623,-82.45715896157311,-0.9996708740404264,-683826895.8259321,-0.9967228763739676,2.156499999999994
2615,max,2.0,40.515298901099044,22.94453372999364,118.8629641386672,1.998826739164536,561648019.9858813,1.9966493462383075,11.860800000000012
