stock,minmax,BOP,TSF,HT_DCPERIOD,TAN,COS,AD,SIN,TRANGE
2637,min,-0.9854984570929111,59.98098351648351,13.905344623697431,-422.77959443392473,-0.9986399537857598,-180401699.20694238,-0.9999963891216097,1.1374999999999886
2637,max,1.9669689648876023,23.88325824175829,19.66985004129323,435.4902111129991,1.9983445047567896,232194648.59136802,1.9999935918145173,7.2313000000000045
