stock,minmax,BOP,TSF,HT_DCPERIOD,TAN,COS,AD,SIN,TRANGE
2640,min,-1.0,69.91299780219782,16.154143151125233,-13.384876959233633,-0.9999873443823579,1389889.3628538435,-0.9998533303661448,0.0
2640,max,2.0,8.2450296703297,18.744841150924408,71.76528428976019,1.9980363342235736,990418.167810898,1.9990039059132454,3.9425999999999988
