stock,minmax,BOP,TSF,HT_DCPERIOD,TAN,COS,AD,SIN,TRANGE
2851,min,-1.0,23.87669230769233,16.99301117963698,-34.16374028280021,-0.5539176915677257,-13836098.187892908,-0.9780194275000827,0.08579999999999899
2851,max,2.0,3.4620384615384694,14.967337042720327,51.83224868240754,1.5538413229259778,13789655.72153326,1.9775913127219442,1.4590000000000032
