stock,minmax,BOP,TSF,HT_DCPERIOD,TAN,COS,AD,SIN,TRANGE
2882,min,-1.0,42.93197362637361,14.38705164407702,-22.591321731670003,-0.9999466988073519,88658524.19641326,-0.9999749974877574,0.43140000000000356
2882,max,2.0,15.759031868131878,14.125080330559134,164.0029210120084,1.9996449264572114,574450565.8612853,1.9989967492199834,2.416399999999996
