stock,minmax,BOP,TSF,HT_DCPERIOD,TAN,COS,AD,SIN,TRANGE
3189,min,-1.0,146.52967362637366,14.284034601461029,-12.818213002853833,-0.9993444663992546,-141663879.6669332,-0.9987227119555282,4.0712999999999795
3189,max,1.9090836012861714,70.61276593406572,9.529472597014857,51.96266475442747,1.9985991389378932,108715569.95671275,1.998396562192947,14.475400000000008
