stock,minmax,BOP,TSF,HT_DCPERIOD,TAN,COS,AD,SIN,TRANGE
3209,min,-1.0,22.443717582417573,15.707839730686397,-54.7510945733543,-0.9750908374127886,-6454014.459635579,-0.9999868405061417,0.11840000000000117
3209,max,2.0,9.239269230769256,12.91162650679461,249.67321312358928,1.9727290893781642,28822058.91700874,1.9998200867015037,2.6445000000000007
