stock,minmax,BOP,TSF,HT_DCPERIOD,TAN,COS,AD,SIN,TRANGE
3218,min,-1.0,193.8080098901099,13.521699120225463,-66.9625305846241,-0.9913746790647137,-7449309.455419132,-0.9963188102309227,1.2653999999999996
3218,max,2.0,56.94974505494508,12.67357200984836,129.8049958998207,1.9913746740202045,5514991.991220263,1.9962073208111466,24.465300000000013
