stock,minmax,BOP,TSF,HT_DCPERIOD,TAN,COS,AD,SIN,TRANGE
3231,min,-1.0,23.68097252747254,16.36569020918137,-41.207874613536326,-0.932604111950636,-5530476.906680993,-0.9998547391761307,0.13079999999999714
3231,max,2.0,4.534551648351609,17.741960234011596,99.87076159997778,1.9324395643737793,276407466.27821857,1.9996677744757738,1.4389000000000038
