stock,minmax,BOP,TSF,HT_DCPERIOD,TAN,COS,AD,SIN,TRANGE
3324,min,-1.0,148.0024857142855,19.256830899521773,-21.69797845535091,-0.9998947225069134,-18650782.76020002,-0.9989396718594525,2.3582000000000107
3324,max,1.9600033924179463,93.87762967032972,20.99322146111203,59.22142277743342,1.9998736716091174,41237093.595259815,1.998584749505421,16.97919999999999
