stock,minmax,BOP,TSF,HT_DCPERIOD,TAN,COS,AD,SIN,TRANGE
3416,min,-1.0,66.0841054945055,13.57450142320238,-21.509354080161135,-0.9912010851319577,-1171505.2683308208,-0.999166079316573,0.08740000000000236
3416,max,2.0,3.5026494505493844,10.590204874524174,45.98030645371989,1.9904116196479917,688897.0307715079,1.9543148076450279,2.270399999999995
