stock,minmax,BOP,TSF,HT_DCPERIOD,TAN,COS,AD,SIN,TRANGE
3548,min,-1.0,55.29157362637359,17.030367439869412,-25.454693404645916,-0.9995391579034331,-9484670.351409573,-0.9989171141861488,0.5532000000000039
3548,max,1.8596461187214617,18.701418681318742,23.003831981811967,46.92512271924231,1.998637798714038,16400994.051735172,1.998146331558679,6.085899999999995
