stock,minmax,BOP,TSF,HT_DCPERIOD,TAN,COS,AD,SIN,TRANGE
3675,min,-1.0,188.52707032967015,14.365436957456929,-67.51438393343076,-0.996166176825603,-106059563.07985067,-0.9999969741059547,4.601399999999984
3675,max,2.0,94.20149010989047,11.523039598123194,474.0112093029185,1.9949935868553066,54731255.865303956,1.993230809008574,26.771500000000003
