stock,minmax,BOP,TSF,HT_DCPERIOD,TAN,COS,AD,SIN,TRANGE
3680,min,-1.0,197.8468131868131,12.830829034202186,-65.27790069144991,-0.9999920783520945,-22051991.25184552,-0.99943995369581,3.2779999999999916
3680,max,2.0,107.86761318681312,25.660719357769832,88.11521142281988,1.9997493882556894,17976474.955605756,1.999322636623797,21.07269999999997
