stock,minmax,BOP,TSF,HT_DCPERIOD,TAN,COS,AD,SIN,TRANGE
3711,min,-0.9642980041293882,77.67906923076923,14.101973260434335,-10.608384004016882,-0.9999912485061995,-182110372.7181954,-0.9989787454599948,0.6641999999999939
3711,max,1.9642980041293883,13.313571428571422,14.305755631316885,32.71820160718336,1.9989965792311368,102558203.43126285,1.9899727920883232,4.234400000000008
