stock,minmax,BOP,TSF,HT_DCPERIOD,TAN,COS,AD,SIN,TRANGE
4721,min,-1.0,116.16588241758232,21.656604336663282,-31.824270671365333,-0.9999812080014281,-150325059.08352205,-0.998720339729811,2.3026000000000124
4721,max,2.0,30.409115384615532,12.01427007292548,51.572153213429175,1.998380203095115,44655151.71723816,1.9982270164373443,11.052299999999974
