stock,minmax,BOP,TSF,HT_DCPERIOD,TAN,COS,AD,SIN,TRANGE
4755,min,-1.0,115.26337472527473,16.434335334712223,-30.038482077575708,-0.9986674372268087,-59398069.10221308,-0.9999062622776536,3.2456999999999994
4755,max,2.0,87.90099670329673,18.795399319496788,103.06780426121914,1.9972855978524944,96366414.38942,1.997465450412419,18.54740000000001
