stock,minmax,BOP,TSF,HT_DCPERIOD,TAN,COS,AD,SIN,TRANGE
4938,min,-1.0,53.22707362637368,18.491945925558227,-26.135652861313808,-0.9999965163059993,-1685405.934769814,-0.9992688158459619,0.42269999999999897
4938,max,2.0,9.740982417582316,18.98780970835864,47.738700576838255,1.9949574371031837,206815413.9892885,1.9979411348024763,2.7057000000000073
