stock,minmax,BOP,TSF,HT_DCPERIOD,TAN,COS,AD,SIN,TRANGE
4942,min,-1.0,36.84772637362637,17.934757311620366,-54.050293653733036,-0.9938241473684841,-698162.6200363371,-0.9998288951134149,0.17390000000000327
4942,max,2.0,7.858186813186791,11.876616117676889,128.075064229862,1.9931838196288034,4776761.851671869,1.9997376611740696,1.6953999999999922
