stock,minmax,BOP,TSF,HT_DCPERIOD,TAN,COS,AD,SIN,TRANGE
4968,min,-1.0,163.12604395604384,17.989826359364884,-46.76295456001174,-0.9995584305875508,-52099345.251815245,-0.999771431067726,3.882899999999978
4968,max,2.0,103.93259560439569,15.004874892115168,78.25022400820356,1.997334780557849,34284765.92462174,1.9969574011596363,17.95860000000002
