stock,minmax,BOP,TSF,HT_DCPERIOD,TAN,COS,AD,SIN,TRANGE
5220,min,-1.0,29.259772527472553,17.73842215714262,-1493.0030476550678,-0.3815108391918097,-118967.35228078043,-0.9999997756900856,0.0
5220,max,2.0,3.471223076923021,8.426105840958886,1496.1868768056631,1.3815095163825877,420473.31057629717,1.705177281138195,2.1784999999999997
