stock,minmax,BOP,TSF,HT_DCPERIOD,TAN,COS,AD,SIN,TRANGE
5274,min,-0.9666673002284646,1840.140631868131,15.151456481436995,-35.545372620591785,-0.996591604885588,-2024271.023192488,-0.9996045003009927,56.996999999999844
5274,max,1.9666673002284645,1316.8574637362663,13.996480435207324,48.51842616996151,1.9964985985875878,3949206.0041716723,1.9991023304796622,227.98800000000028
