stock,minmax,BOP,TSF,HT_DCPERIOD,TAN,COS,AD,SIN,TRANGE
5288,min,-1.0,135.1797802197802,16.588562394491003,-28.456488674568302,-0.9912123144364482,-345611.6616918339,-0.9860322603891511,0.0
5288,max,2.0,12.123657142857098,21.51926896103583,34.34353637009595,1.9912122076843577,443495.6515530561,1.9854153737368054,8.88590000000002
