stock,minmax,BOP,TSF,HT_DCPERIOD,TAN,COS,AD,SIN,TRANGE
5522,min,-1.0,49.953648351648404,18.16214400040293,-83.13144629563699,-0.9995371987673777,-174760.64310948562,-0.9999276577182087,0.32679999999999865
5522,max,1.9000122384041105,7.899690109890038,16.766622775994104,113.44297728744846,1.9972856619181951,6794115.371236905,1.9993839068981507,1.9610000000000056
