stock,minmax,BOP,TSF,HT_DCPERIOD,TAN,COS,AD,SIN,TRANGE
6176,min,-1.0,80.05269670329679,14.622671499132778,-6.413008539244516,-0.9897784203933371,-884902.4978545174,-0.9999825202381188,0.401299999999992
6176,max,2.0,5.945805494505379,14.14336271328866,175.5394661272562,1.9719351197349189,26133343.26218677,1.984252110211809,2.8093000000000075
