stock,minmax,BOP,TSF,HT_DCPERIOD,TAN,COS,AD,SIN,TRANGE
6446,min,-1.0,230.66854175824125,14.426062123667043,-13.060735550393634,-0.9988426108831221,13620630.479894612,-0.9994356262540979,4.425999999999988
6446,max,1.9565205859730697,171.5679417582419,12.562488273811285,42.81284150721305,1.9987651378167257,16511278.450320955,1.9974684220597179,32.949599999999975
