stock,minmax,BOP,TSF,HT_DCPERIOD,TAN,COS,AD,SIN,TRANGE
6716,min,-1.0,104.17055714285716,12.801669973734532,-219.61212611593632,-0.9996258050631954,-1554468.011279176,-0.9904443571171789,0.0
6716,max,2.0,18.00273406593405,11.269743234592505,233.00435463741175,1.9989610499119812,463421.5286996737,1.9904339901763937,11.313299999999998
