stock,minmax,BOP,TSF,HT_DCPERIOD,TAN,COS,AD,SIN,TRANGE
8081,min,-1.0,159.0373681318682,18.0933036114743,-23.690659106445082,-0.9999317749210632,-12850699.30681778,-0.9993797814602928,1.207099999999997
8081,max,2.0,54.70156923076914,10.013966655352444,52.07053806691923,1.9999257127187704,7951893.267522477,1.9984900973403223,14.888100000000009
