stock,minmax,BOP,TSF,HT_DCPERIOD,TAN,COS,AD,SIN,TRANGE
8112,min,-1.0,33.99628791208791,16.621421025635883,-55.289993182301195,-0.9997234366117451,-5432637.948771802,-0.9998364801809875,0.1875
8112,max,1.9444362127722605,6.975108791208811,11.729203854811132,106.7887186447865,1.9950140824894844,56634836.35184778,1.9994961076919422,4.012100000000004
