stock,minmax,BOP,TSF,HT_DCPERIOD,TAN,COS,AD,SIN,TRANGE
8926,min,-1.0,29.489495604395596,20.332975019671252,-46.78790623324406,-0.40632659253122794,1286456.681412623,-0.9998264626738215,0.07990000000000208
8926,max,2.0,2.4055076923076797,13.921923060456784,100.45795882877883,1.4038687345174785,6612364.293485567,1.0894793905208753,0.7196999999999996
