stock,minmax,BOP,TSF,HT_DCPERIOD,TAN,COS,AD,SIN,TRANGE
9910,min,-1.0,140.5266912087912,15.16520765682192,-423.07417672148716,-0.9979629175399917,-5177194.832214552,-0.9999972065870087,2.046199999999999
9910,max,2.0,54.47837472527482,15.103718116552344,523.9351429259721,1.9977736657085994,11566285.960014777,1.9999480601838429,11.049499999999995
