stock,minmax,BOP,TSF,HT_DCPERIOD,TAN,COS,AD,SIN,TRANGE
9917,min,-1.0,88.8678857142857,17.305036078236583,-5.322065553487461,-0.9999985074598352,59859.06666666412,-0.9937921725474093,0.4386999999999972
9917,max,2.0,11.280731868131966,16.666358572321457,29.823902845735958,1.9337005586835658,2155713.5307942927,1.992960350256249,4.386900000000011
