stock,minmax,BOP,MINUS_DM,STDDEV,ADXR,TAN,COS,HT_DCPHASE,SIN
1101,min,-1.0,0.5886378909464093,0.07782828792629992,19.458906102934968,-459.3180304841846,-0.9982434072632106,-44.57064245795107,-0.9997881469957497
1101,max,2.0,2.177881330557157,0.8011647054478589,25.81973070648494,467.40603971560927,1.9960720080187304,359.05746455498786,1.9997857770332588
