stock,minmax,BOP,MINUS_DM,STDDEV,ADXR,TAN,COS,HT_DCPHASE,SIN
1102,min,-1.0,0.6714375232781264,0.05267065216384666,13.167368714638258,-27.61848025246211,-0.919061218500439,-42.73676647106265,-0.8486415375762754
1102,max,1.0,2.593115968046529,0.6378978244202579,30.002829847687934,18.46345780704688,0.9996700774400418,291.9854665030175,0.9993451472005231
