stock,minmax,BOP,MINUS_DM,STDDEV,ADXR,TAN,COS,HT_DCPHASE,SIN
1102,min,-1.0,0.7048741353774534,0.055308299531631765,13.167189487124269,-24.317686468219996,-0.9989146259309118,-42.7363980230337,-0.9991555477206706
1102,max,1.0,2.722272176327522,0.6697261697118119,30.004574674623257,23.345755772077506,0.6847846645035284,291.98349053593125,0.9990838702125686
