stock,minmax,BOP,MINUS_DM,STDDEV,ADXR,TAN,COS,HT_DCPHASE,SIN
1210,min,-1.0,0.691224522997701,0.099054340640628,26.5737126739107,-14.058077016856014,-0.9907512989292474,-14.690664565634961,-0.9996597761878604
1210,max,1.0,2.836450882607478,0.919332034468851,48.05625850358527,38.32585118506892,0.9996850830546548,314.45976285943266,0.9991309528886497
