stock,minmax,BOP,MINUS_DM,STDDEV,ADXR,TAN,COS,HT_DCPHASE,SIN
1210,min,-1.0,0.6593302111443406,0.09524968450997127,26.59422097801933,-36.223764897041185,-0.9995284789861234,-14.689148286780664,-0.999619166901981
1210,max,1.0,2.7259675702843005,0.8836729327079592,48.318103552166356,15.175438258029573,0.999996882121917,314.46084622437445,0.9920733161152739
