stock,minmax,BOP,MINUS_DM,STDDEV,ADXR,TAN,COS,HT_DCPHASE,SIN
1215,min,-1.0,0.5869538299844642,0.03672000005932716,16.931803414253753,-34.86689480153631,-0.9993698827185798,-27.51857995883927,-0.9995889680003397
1215,max,0.9090549233052984,8.070538955638057,3.9279524877991054,49.0617395552741,38.006354905154396,0.9998103425947981,308.76877989459325,0.9996540350169104
