stock,minmax,BOP,MINUS_DM,STDDEV,ADXR,TAN,COS,HT_DCPHASE,SIN
1215,min,-1.0,0.5869538299844642,0.03672000005932716,16.931803414253753,-34.86689480153631,-0.9993698827185798,-27.51857995883927,-0.9995889680003397
1215,max,1.9090549233052982,7.483585125653592,3.8912324877397784,32.12993614102035,72.8732497066907,1.999180225313378,336.2873598534325,1.99924300301725
