stock,minmax,BOP,MINUS_DM,STDDEV,ADXR,TAN,COS,HT_DCPHASE,SIN
1216,min,-1.0,0.489199330220149,0.03832000032294253,15.429405696930633,-51.67153002017803,-0.9998460777091862,-26.389758447834538,-0.9985129509706541
1216,max,1.0,2.454627254012716,0.7316068982926717,46.32808160708778,18.31629268659842,0.9958224233609658,305.86438450966125,0.9998127829545458
