stock,minmax,BOP,MINUS_DM,STDDEV,ADXR,TAN,COS,HT_DCPHASE,SIN
1216,min,-1.0,0.47165455255324,0.03699999973052724,15.455292371750751,-39.29466588754193,-0.9978852725704835,-26.389496508336265,-0.9996763378485657
1216,max,1.0,2.3668555390814703,0.7054270326388586,46.0178731691223,15.52048184018666,0.9996581885470307,305.865419314119,0.9978458520691288
