stock,minmax,BOP,MINUS_DM,STDDEV,ADXR,TAN,COS,HT_DCPHASE,SIN
1301,min,-1.0,1.2639776429649536,0.09196609374820014,11.735888375905366,-24.023421771593917,-0.9938681393641947,-36.591561462633365,-0.9991347605066976
1301,max,1.0,4.174037921270083,0.8211585498593305,29.753564792640272,19.14042929853808,0.9996193014472495,306.75897876720296,0.9948527567492237
