stock,minmax,BOP,MINUS_DM,STDDEV,ADXR,TAN,COS,HT_DCPHASE,SIN
1301,min,-1.0,1.2813560344827208,0.09350927216010035,12.091091066169579,-14.241547898327212,-0.9998289103455799,-36.58522893270725,-0.9996800233284829
1301,max,1.0,4.210704483483934,0.8350312338998569,29.78780203353277,56.8425921891083,0.9976139383041828,306.7609166543794,0.9998452889048544
