stock,minmax,BOP,MINUS_DM,STDDEV,ADXR,TAN,COS,HT_DCPHASE,SIN
1303,min,-0.9090564966404907,1.1195101446368139,0.07684000013568341,11.418508741374755,-14.390244215631853,-0.9997767480387643,-42.902079366507564,-0.9984863768576272
1303,max,1.0,5.282215303427259,1.2518518225480237,22.219651328872366,18.15443210515752,0.9999742503703073,303.14129281000004,0.9975941739843005
