stock,minmax,BOP,MINUS_DM,STDDEV,ADXR,TAN,COS,HT_DCPHASE,SIN
1303,min,-0.9090734517522773,1.1125178759662169,0.07572000002481744,11.419516243162548,-39.87575380705547,-0.9941271130749457,-42.90052493899793,-0.9996856978113632
1303,max,1.0,5.206605863802013,1.2339092812696868,22.220104250693694,19.017520911840613,0.999528064679687,303.143718280806,0.9991111756805924
