stock,minmax,BOP,MINUS_DM,STDDEV,ADXR,TAN,COS,HT_DCPHASE,SIN
1304,min,-1.0,0.4042172377405281,0.03625132272772021,24.01973157553283,-22.839892788008285,-0.9937511482683198,-40.36768174486781,-0.9999887429739887
1304,max,2.0,2.1856425295086885,0.7727404982443141,20.53770330922682,233.59082324434624,1.991127159856682,340.3687276315669,1.8867815268258323
