stock,minmax,BOP,MINUS_DM,STDDEV,ADXR,TAN,COS,HT_DCPHASE,SIN
1304,min,-1.0,0.4042172377405281,0.03625132272772021,24.01973157553283,-22.839892788008285,-0.9937511482683198,-40.36768174486781,-0.9999887429739887
1304,max,1.0,2.5898597672492167,0.8089918209720344,44.55743488475965,210.75093045633795,0.9973760115883622,300.0010458866991,0.8867927838518438
