stock,minmax,BOP,MINUS_DM,STDDEV,ADXR,TAN,COS,HT_DCPHASE,SIN
1304,min,-1.0,0.39563288543687514,0.03550299140181151,24.019842945346916,-63.06591098057238,-0.9997763169524688,-40.36835735940588,-0.9998743105655521
1304,max,1.0,2.53486988860713,0.7917940979816352,44.5558422337961,31.690327863667296,0.9999442566924046,300.0003287927883,0.9364425130402142
