stock,minmax,BOP,MINUS_DM,STDDEV,ADXR,TAN,COS,HT_DCPHASE,SIN
1305,min,-1.0,1.3531086139044888,0.08017195518455554,16.20368132779729,-63.06591098057238,-0.9992525588012737,-42.38627412691659,-0.9998743105655521
1305,max,0.952403938984361,3.713492484869471,0.9241767285533543,41.798511683029574,54.825830541737616,0.9973542480918091,312.5504474491894,0.999833700393915
