stock,minmax,BOP,MINUS_DM,STDDEV,ADXR,TAN,COS,HT_DCPHASE,SIN
1305,min,-1.0,1.2753527463559091,0.0786406917474263,16.576768776555262,-10.134434949407684,-0.9998462854237921,-42.385011126536085,-0.9989029782167205
1305,max,0.9523668930223393,3.606859097497923,0.9065222172666084,42.82258308265406,23.007072305398122,0.9996230316264245,312.5521043027494,0.9990567377134524
