stock,minmax,BOP,MINUS_DM,STDDEV,ADXR,TAN,COS,HT_DCPHASE,SIN
1308,min,-1.0,1.0448695131815608,0.052289257009141464,9.282975498882424,-30.052847632866964,-0.9999535945147524,-39.81116527815675,-0.7055090878118234
1308,max,2.0,1.7750951064382814,0.5811212531633352,19.07365398296254,33.27487270432849,1.9997684877844888,350.47835358661155,1.7049559437074628
