stock,minmax,BOP,MINUS_DM,STDDEV,ADXR,TAN,COS,HT_DCPHASE,SIN
1308,min,-1.0,1.010192849639955,0.05108425984955269,9.424440414052514,-34.398979848644665,-0.9958472469060489,-39.81183886613525,-0.9733336346896285
1308,max,1.0,2.7552992974489463,0.6189470109834833,28.363212506432475,56.691319987277964,0.9800151351105693,310.6676155466828,0.9998444623499193
