stock,minmax,BOP,MINUS_DM,STDDEV,ADXR,TAN,COS,HT_DCPHASE,SIN
1308,min,-1.0,1.0448695131815608,0.052289257009141464,9.282975498882424,-30.052847632866964,-0.9999535945147524,-39.81116527815675,-0.7055090878118234
1308,max,1.0,2.8199646196198422,0.6334105101724766,28.356629481844962,3.222025071461527,0.9998148932697363,310.6671883084548,0.9994468558956394
