stock,minmax,BOP,MINUS_DM,STDDEV,ADXR,TAN,COS,HT_DCPHASE,SIN
1326,min,-1.0,1.4724821672420496,0.09800315510623274,8.753341746467491,-10.891508328426202,-0.9977599717139896,-35.43052126063958,-0.9999896848987282
1326,max,1.0,4.74130197423659,1.0622035409547115,18.996077965492,220.16328379600736,0.9992728201734064,313.481828725372,0.997428169136351
