stock,minmax,BOP,MINUS_DM,STDDEV,ADXR,TAN,COS,HT_DCPHASE,SIN
1326,min,-1.0,1.5113966888653105,0.10059581300392699,8.753819673245362,-139.70246031774101,-0.97466700903916,-35.42806838813965,-0.9999743820008881
1326,max,1.0,4.865099916556421,1.0903274388899644,18.98355612341212,12.905016480204553,0.9998983048065748,313.4803215469795,0.9970111616885796
