stock,minmax,BOP,MINUS_DM,STDDEV,ADXR,TAN,COS,HT_DCPHASE,SIN
1476,min,-1.0,17.432812820316173,1.7464488117712431,13.235160576924338,-24.322565222523192,-0.998965966587113,-33.540015694409135,-0.9987617837770711
1476,max,0.904762868037505,50.588766180461135,9.844220693872897,19.68301416589808,12.76089909682504,0.9985338202713484,313.22866512231883,0.9991558860277107
