stock,minmax,BOP,MINUS_DM,STDDEV,ADXR,TAN,COS,HT_DCPHASE,SIN
1477,min,-1.0,6.384850076828769,1.118042151299156,12.258378925757523,-37.30000269002158,-0.9998024486704113,-44.21310683210976,-0.9825656264705793
1477,max,2.0,25.873360534997417,5.381973231891138,23.539261649516813,77.48127756775222,1.9998007475391433,356.7193409394592,1.982256083536569
