stock,minmax,BOP,MINUS_DM,STDDEV,ADXR,TAN,COS,HT_DCPHASE,SIN
1477,min,-1.0,6.384850076828769,1.118042151299156,12.258378925757523,-37.30000269002158,-0.9998024486704113,-44.21310683210976,-0.9825656264705793
1477,max,1.0,32.258210611826186,6.500015383190294,35.797640575274336,40.18127487773063,0.9999982988687319,312.5062341073494,0.9996904570659897
