stock,minmax,BOP,MINUS_DM,STDDEV,ADXR,TAN,COS,HT_DCPHASE,SIN
1477,min,-1.0,6.1439399718892584,1.075826059614167,12.258136164369262,-29.067994355468432,-0.9959197200582897,-44.21268369644247,-0.9983892150303256
1477,max,1.0,31.041265293498963,6.254762703932523,35.79749162672704,24.16676915889326,0.9999699264356323,312.5057557147542,0.9994087725538049
