stock,minmax,BOP,MINUS_DM,STDDEV,ADXR,TAN,COS,HT_DCPHASE,SIN
1504,min,-1.0,0.41621824718776834,0.04579321350366269,10.660985702945274,-46.78790623324406,-0.9999952994648323,50.60255734951314,-0.999771674707779
1504,max,0.950007131650264,3.9974222969126907,2.788582191294315,59.6061050899514,34.600256142234414,0.9988864212414746,237.40936926490457,0.9995826125305382
