stock,minmax,BOP,MINUS_DM,STDDEV,ADXR,TAN,COS,HT_DCPHASE,SIN
1504,min,-1.0,0.41621824718776834,0.04579321350366269,10.660985702945274,-46.78790623324406,-0.9999952994648323,50.60255734951314,-0.999771674707779
1504,max,1.9500071316502638,3.5812040497249225,2.7427889777906524,48.94511938700612,81.38816237547847,1.998881720706307,186.80681191539142,1.999354287238317
