stock,minmax,BOP,MINUS_DM,STDDEV,ADXR,TAN,COS,HT_DCPHASE,SIN
1513,min,-0.8888837263329095,1.9942717320346055,0.4551431950419014,22.849114273576063,-79.2557027616038,-0.9993070051621648,-28.303124605716448,-0.9999298837194739
1513,max,0.9375367526952041,12.421212403812241,6.926637426514577,62.69224459697884,84.44087558331366,0.9996169441167588,314.6127921929727,0.9951266717013114
