stock,minmax,BOP,MINUS_DM,STDDEV,ADXR,TAN,COS,HT_DCPHASE,SIN
1513,min,-0.8888837263329095,1.9942717320346055,0.4551431950419014,22.849114273576063,-79.25570276160381,-0.9993070051621648,-28.303124605716505,-0.9999298837194739
1513,max,1.8264204790281136,10.426940671777636,6.4714942314726756,39.843130323402775,163.69657834491747,1.9989239492789235,342.9159167986892,1.9950565554207853
