stock,minmax,BOP,MINUS_DM,STDDEV,ADXR,TAN,COS,HT_DCPHASE,SIN
1514,min,-0.9655247285886633,0.9148361459917741,0.1577229900892065,29.64310822059281,-33.23781870838462,-0.98911367049018,-40.07966505896951,-0.9999946006775613
1514,max,1.0,6.986363491344802,4.149241995642399,44.92335736762911,304.3081695315867,0.999911398725335,309.49658820331433,0.9999808204823125
