stock,minmax,BOP,MINUS_DM,STDDEV,ADXR,TAN,COS,HT_DCPHASE,SIN
1514,min,-0.9655284147557326,0.8855043438241607,0.15267856955626694,29.64261319106573,-13.906650674834129,-0.9999853649244902,-40.080094569105825,-0.9997916105855505
1514,max,1.0,6.7622672593858315,4.01612566217774,44.92255359053718,48.97554640285557,0.9983586409122476,309.4961074526225,0.9964830057311468
