stock,minmax,BOP,MINUS_DM,STDDEV,ADXR,TAN,COS,HT_DCPHASE,SIN
1519,min,-0.9183842055264132,2.1862819452583824,0.34003131972810363,31.100510191359774,-14.289962250770731,-0.9992452676280341,47.76775977639262,-0.9966494368737108
1519,max,1.0,13.16447757091703,10.002879681451308,52.785750272647945,18.43934624515593,0.9996295479960557,301.7420280276034,0.9985326886438346
