stock,minmax,BOP,MINUS_DM,STDDEV,ADXR,TAN,COS,HT_DCPHASE,SIN
1519,min,-0.9183842055264132,2.1862819452583824,0.34003131972810363,31.100510191359774,-14.289962250770731,-0.9992452676280341,47.76775977639262,-0.9966494368737108
1519,max,1.9183842055264133,10.978195625658648,9.662848361723205,21.68524008128817,32.72930849592666,1.9988748156240899,253.9742682512108,1.9951821255175455
