stock,minmax,BOP,MINUS_DM,STDDEV,ADXR,TAN,COS,HT_DCPHASE,SIN
1519,min,-0.918379478268822,1.974858034890693,0.30716113687061025,31.100723954631206,-1277.4052072063869,-0.9999269934657617,47.76917115316169,-0.999911529352954
1519,max,1.0,11.89123949218131,9.035493638313696,52.7860761628127,60.199823305380406,0.9968718394892274,301.74083263520345,0.9999996935832934
