stock,minmax,BOP,MINUS_DM,STDDEV,ADXR,TAN,COS,HT_DCPHASE,SIN
1532,min,-1.0,0.16312853768301996,0.023662070821262038,23.893832295612583,-30.498144221792657,-0.9999728702777461,-39.94115965114878,-0.9998666650984636
1532,max,2.0,2.4449812708291034,0.8200583866737313,39.30364308776703,94.91407694897288,1.996065791017799,346.6407022684944,1.9997461878845777
