stock,minmax,BOP,MINUS_DM,STDDEV,ADXR,TAN,COS,HT_DCPHASE,SIN
1532,min,-1.0,0.1572859933168341,0.022829244379848117,23.681269765150915,-15.368363432300237,-0.9997498888163263,-39.941926051361975,-0.9807500177687197
1532,max,1.0,2.4722902592011797,0.8135587206832792,63.243557682875085,13.339948694911744,0.9960397546408846,306.6996714214772,0.9978897284393121
