stock,minmax,BOP,MINUS_DM,STDDEV,ADXR,TAN,COS,HT_DCPHASE,SIN
1532,min,-1.0,0.16312853768301996,0.023662070821262038,23.893832295612583,-30.498144221792653,-0.9999728702777461,-39.94115965114872,-0.9998666650984636
1532,max,1.0,2.6081098085121233,0.8437204574949934,63.19747538337961,64.41593272718022,0.9960929207400528,306.6995426173456,0.999879522786114
