stock,minmax,BOP,MINUS_DM,STDDEV,ADXR,TAN,COS,HT_DCPHASE,SIN
1536,min,-1.0,2.5137056349538893,0.13025907112150292,12.320431224991857,-22.478344723744637,-0.9968689356980389,-44.206301981825504,-0.9990119082016311
1536,max,2.0,7.569970386186468,1.7329764173806206,15.4976802111653,41.8627943749566,1.9968212914538594,358.05993640046574,1.9964878327211109
