stock,minmax,BOP,MINUS_DM,STDDEV,ADXR,TAN,COS,HT_DCPHASE,SIN
1560,min,-1.0,5.279270677854207,0.4326344322819209,9.297052634919087,-4.99868616484408,-0.9876494282786064,-37.48584297705321,-0.9805707617694592
1560,max,0.8000248108175173,17.660251878544074,4.0188733284804465,22.770012417912,26.631520925296385,0.9969867704682146,310.30029348437745,0.9992957625654878
