stock,minmax,BOP,MINUS_DM,STDDEV,ADXR,TAN,COS,HT_DCPHASE,SIN
1560,min,-1.0,5.279270677854207,0.4326344322819209,9.297052634919087,-4.99868616484408,-0.9876494282786064,-37.48584297705321,-0.9805707617694592
1560,max,1.8000248108175172,12.380981200689867,3.586238896198526,13.472959782992913,31.630207090140466,1.9846361987468208,347.78613646143066,1.979866524334947
