stock,minmax,BOP,MINUS_DM,STDDEV,ADXR,TAN,COS,HT_DCPHASE,SIN
1565,min,-1.0,6.409159119393104,0.2202581174593989,18.13267486284468,-6.399727809428951,-0.9994305559029932,-44.44963868240808,-0.9812689557548117
1565,max,1.0,19.637758622255266,3.9543635255203813,32.64646219742546,4.0059244158653,0.9992295678261371,313.27941665639247,0.9880110322604412
