stock,minmax,BOP,MINUS_DM,STDDEV,ADXR,TAN,COS,HT_DCPHASE,SIN
1565,min,-1.0,6.190159177192194,0.22907628122289764,18.975599605271732,-11.400517941436654,-0.9999897776061805,-44.45000524184036,-0.9949901827326185
1565,max,1.0,20.410090470382986,4.112986843860078,32.64645070470078,5.619010714165624,0.9999661585908831,313.2791836465001,0.996175069524994
