stock,minmax,BOP,MINUS_DM,STDDEV,ADXR,TAN,COS,HT_DCPHASE,SIN
1565,min,-1.0,6.190159177192194,0.22907628122289764,18.975599605271732,-11.400517941436654,-0.9999897776061805,-44.45000524184036,-0.9949901827326185
1565,max,2.0,14.219931293190793,3.8839105626371806,13.67085109942905,17.019528655602276,1.9999559361970636,357.72918888834045,1.9911652522576127
