stock,minmax,BOP,MINUS_DM,STDDEV,ADXR,TAN,COS,HT_DCPHASE,SIN
1589,min,-1.0,2.39390306479589,0.2135415650383144,20.03936856701971,-7.150808628118589,-0.9973040749182293,-42.02702108304311,-0.9938886539233752
1589,max,0.8965517241379297,18.41936935502676,5.6748568263887185,40.12668559777876,14.465537343027632,0.9998869257099253,312.2315984982839,0.9976190643156521
