stock,minmax,BOP,MINUS_DM,STDDEV,ADXR,TAN,COS,HT_DCPHASE,SIN
1590,min,-1.0,54.0291643358661,3.451798899246369,16.37920521921395,-7.8385990212918175,-0.9992814707239037,-41.761464790757714,-0.9967677781590246
1590,max,1.0,208.51984195780454,36.91299355482577,26.0188688539565,12.407367047985696,0.99908916639311,313.70886880432795,0.9943827475707896
