stock,minmax,BOP,MINUS_DM,STDDEV,ADXR,TAN,COS,HT_DCPHASE,SIN
1605,min,-0.9565663155932537,2.1185571468349895,0.10802156453440245,17.51632468714353,-11.792232834953387,-0.9986882922380497,-44.76885162234737,-0.9964236234448274
1605,max,1.0,9.366394084904739,3.02575811617569,34.0821896009169,13.943880294863977,0.9997853993910782,313.1950787008368,0.997438281503184
