stock,minmax,BOP,MINUS_DM,STDDEV,ADXR,TAN,COS,HT_DCPHASE,SIN
1605,min,-0.9565663155932537,2.1185571468349895,0.10802156453440245,17.51632468714353,-11.792232834953387,-0.9986882922380497,-44.76885162234737,-0.9964236234448274
1605,max,1.9565663155932538,7.247836938069749,2.917736551641288,16.565864913773368,25.73611312981736,1.998473691629128,357.9639303231842,1.9938619049480115
