stock,minmax,BOP,MINUS_DM,STDDEV,ADXR,TAN,COS,HT_DCPHASE,SIN
1707,min,-1.0,5.135755731940533,0.4113023442839031,12.289561988101864,-13.223665006884131,-0.9992624020504075,-43.743214338797145,-0.9971968841862311
1707,max,1.0,15.590312393702375,5.456575908901821,49.61087869386331,546.7443678829986,0.9993996577751748,310.5479853189338,0.9999983273684718
