stock,minmax,BOP,MINUS_DM,STDDEV,ADXR,TAN,COS,HT_DCPHASE,SIN
1712,min,-1.0,0.6413891724875982,0.05902391376183848,12.170840036729626,-152.03963877872525,-0.9997473172215038,-42.6386632286675,-0.9952424115035807
1712,max,2.0,2.7715702277884757,0.9784914208709685,17.85136036352024,206.02079970859094,1.9286071269999003,353.77682250845396,1.9952207822139734
