stock,minmax,BOP,MINUS_DM,STDDEV,ADXR,TAN,COS,HT_DCPHASE,SIN
1712,min,-1.0,0.6413891724875982,0.05902391376183848,12.170840036729626,-152.03963877872525,-0.9997473172215038,-42.6386632286675,-0.9952424115035807
1712,max,1.0,3.412959400276074,1.037515334632807,30.022200400249865,53.981160929865695,0.9288598097783967,311.13815927978646,0.9999783707103927
