stock,minmax,BOP,MINUS_DM,STDDEV,ADXR,TAN,COS,HT_DCPHASE,SIN
1717,min,-0.9000410509031198,0.4933047473552566,0.05937176428666547,14.062224011580566,-23.869609818595666,-0.6649875420417951,-31.773473908494452,-0.999123588351279
1717,max,1.0,2.220148356056818,0.9874403414857365,30.793469068338425,19.204973724918275,0.9999641004178542,314.72966249722936,0.9986471160378908
