stock,minmax,BOP,MINUS_DM,STDDEV,ADXR,TAN,COS,HT_DCPHASE,SIN
1752,min,-1.0,3.45489368404167,0.25319651182580344,16.434196566006072,-14.463740074824651,-0.9984229382437024,-41.788178746860524,-0.9976184746796984
1752,max,0.9636470473019277,13.264505011514059,6.9697746212057385,60.50223816799688,26.043268299585108,0.9998627577271649,312.0303539694132,0.9992636248529295
