stock,minmax,BOP,MINUS_DM,STDDEV,ADXR,TAN,COS,HT_DCPHASE,SIN
1752,min,-1.0,3.45489368404167,0.25319651182580344,16.434196566006072,-14.463740074824651,-0.9984229382437024,-41.788178746860524,-0.9976184746796984
1752,max,1.9636470473019276,9.809611327472389,6.7165781093799355,44.06804160199081,40.50700837440976,1.9982856959708672,353.81853271627375,1.996882099532628
