stock,minmax,BOP,MINUS_DM,STDDEV,ADXR,TAN,COS,HT_DCPHASE,SIN
1760,min,-0.9696986739654799,10.313117559437595,0.8342930291535062,13.831745634219224,-9.010093850042761,-0.9881353411001562,-44.581315468344656,-0.9938973057665788
1760,max,1.0,31.032734382559706,10.594945787237725,25.039152832455986,26.234279394831677,0.9999850829593416,312.31508258624524,0.9992742972444733
