stock,minmax,BOP,MINUS_DM,STDDEV,ADXR,TAN,COS,HT_DCPHASE,SIN
1762,min,-1.0,2.1322243359416793,0.21903225884275765,25.06981208441799,-71.166647145035,-0.9999829496906883,-31.309609981540575,-0.9995357450127804
1762,max,1.9047572933058956,12.460275090228818,4.0038592835031706,23.48497069750684,88.71845316024844,1.9999185739915704,345.6326885166738,1.9994370369367231
