stock,minmax,BOP,MINUS_DM,STDDEV,ADXR,TAN,COS,HT_DCPHASE,SIN
1762,min,-1.0,2.0995108107926326,0.21565927200200413,25.215855868850213,-152.31390967143673,-0.9992946904179579,-31.309472995111207,-0.999997616643205
1762,max,0.904774783634934,14.368938478162526,4.158165529172134,48.59454795188179,458.0255392698591,0.9996118901444175,314.3222887241312,0.9999784485332504
