stock,minmax,BOP,MINUS_DM,STDDEV,ADXR,TAN,COS,HT_DCPHASE,SIN
1762,min,-1.0,2.1322243359416793,0.21903225884275765,25.06981208441799,-71.166647145035,-0.9999829496906883,-31.30960998154069,-0.9995357450127804
1762,max,0.9047572933058955,14.592499426170496,4.222891542345928,48.55478278192483,17.551806015213444,0.999935624300882,314.32307853513316,0.9999012919239427
