stock,minmax,BOP,MINUS_DM,STDDEV,ADXR,TAN,COS,HT_DCPHASE,SIN
1783,min,-1.0,2.2410109988289166,0.37005768416114876,17.978267010558316,-23.168161288488577,-0.999404075217815,-42.861783644551565,-0.9996730685994503
1783,max,0.9473801560758119,10.86973596451733,4.072719714098579,48.07958443056614,39.09760692132627,0.9999609960626171,304.44890550037536,0.9990697909457065
