stock,minmax,BOP,MINUS_DM,STDDEV,ADXR,TAN,COS,HT_DCPHASE,SIN
1795,min,-0.959998057372274,13.278386016572831,0.9582377838952024,18.14317408000325,-76.57996417163534,-0.9995165875987889,-44.496175751831856,-0.9999147520096164
1795,max,1.0,37.26517747489024,28.039200264916353,38.97584176580517,7.766278544193562,0.9999908283912078,310.53036946610257,0.9987883195969277
