stock,minmax,BOP,MINUS_DM,STDDEV,ADXR,TAN,COS,HT_DCPHASE,SIN
1796,min,-1.0,3.8193678321976274,0.04830393770371964,31.27625857745951,-111.53824761067287,-0.9999987407886002,-41.203114863616236,-0.9997452487643722
1796,max,2.0,25.08156229658744,9.740254646971398,23.31128302058684,232.15361857260996,1.9998848239974985,346.7250953456765,1.9997108817106337
