stock,minmax,BOP,MINUS_DM,STDDEV,ADXR,TAN,COS,HT_DCPHASE,SIN
1796,min,-1.0,3.8193678321976274,0.04830393770371964,31.27625857745951,-111.53824761067287,-0.9999987407886002,-41.203114863616236,-0.9997452487643722
1796,max,1.0,28.900930128785067,9.788558584675117,54.58754159804635,120.6153709619371,0.9998860832088983,305.52198048206026,0.9999656329462616
