stock,minmax,BOP,MINUS_DM,STDDEV,ADXR,TAN,COS,HT_DCPHASE,SIN
1802,min,-1.0,1.0685747524753941,0.03741657387823529,12.537243940335852,-33.71948732190433,-0.9982687546611172,-43.99909887640047,-0.9999286605072563
1802,max,0.8749999999999989,3.738602285199422,0.5591064299403621,33.54811109681889,83.71374212435435,0.9987279672435017,312.58146955672254,0.9997929001426692
