stock,minmax,BOP,MINUS_DM,STDDEV,ADXR,TAN,COS,HT_DCPHASE,SIN
2002,min,-0.9090909090909066,0.7082306086198917,0.04732414180588055,12.6783435725351,-483.1399024193375,-0.999625571169729,-42.305172838463704,-0.9999978579835861
2002,max,1.9090909090909065,1.5001159182174422,0.57897612930828,16.08839511736018,504.75536787184666,1.9168951962997127,346.85616303358916,1.3513677405167777
