stock,minmax,BOP,MINUS_DM,STDDEV,ADXR,TAN,COS,HT_DCPHASE,SIN
2002,min,-0.9090214067278302,0.697434192981635,0.04658929490662936,12.681553604678006,-37.77009206602424,-0.9997993284917001,-42.30704991813684,-0.9997767654377371
2002,max,1.0,2.1748384418708566,0.6168268522045275,28.76421979059809,47.31856472008781,0.6383630849303624,304.5473859676722,0.7040140441269425
