stock,minmax,BOP,MINUS_DM,STDDEV,ADXR,TAN,COS,HT_DCPHASE,SIN
2002,min,-0.9090909090909066,0.7082306086198917,0.04732414180588055,12.6783435725351,-483.1399024193375,-0.999625571169729,-42.305172838463704,-0.9999978579835861
2002,max,1.0,2.208346526837334,0.6263002711141605,28.766738689895277,21.61546545250917,0.9172696251299836,304.55099019512545,0.3513698825331915
