stock,minmax,BOP,MINUS_DM,STDDEV,ADXR,TAN,COS,HT_DCPHASE,SIN
2006,min,-1.0,1.1929509679600574,0.09089198866152902,10.497844690246763,-7.817871291211155,-0.9992464086671051,-32.23762788394805,-0.9998312498825015
2006,max,2.0,2.4225105985876976,1.8880361137225283,20.378945660838014,62.24406830134252,1.9992362045890535,341.65229309087346,1.9985270123877639
