stock,minmax,BOP,MINUS_DM,STDDEV,ADXR,TAN,COS,HT_DCPHASE,SIN
2014,min,-1.0,1.25911511428992,0.09350855362199714,19.64542330683639,-80.23692540300092,-0.9998201485811966,-41.81444295088164,-0.9891775454993424
2014,max,0.8461298377028749,3.4887704062691114,0.7982415038070719,41.991864231593,27.133929219286475,0.9984736225610328,314.1717994405916,0.9999223447437845
