stock,minmax,BOP,MINUS_DM,STDDEV,ADXR,TAN,COS,HT_DCPHASE,SIN
2027,min,-1.0,1.1195954400617465,0.06916196640696134,12.254597770030989,-24.385814760542104,-0.9996779245191242,-41.30573568528257,-0.999266050403909
2027,max,2.0,1.9759640537226377,0.5715839333049162,7.616889486310791,50.47212885664497,1.7131804264136499,355.7676792072473,1.864400904369817
