stock,minmax,BOP,MINUS_DM,STDDEV,ADXR,TAN,COS,HT_DCPHASE,SIN
2027,min,-1.0,1.1195954400617465,0.06916196640696134,12.254597770030989,-24.385814760542104,-0.9996779245191242,-41.30573568528257,-0.999266050403909
2027,max,1.0,3.095559493784384,0.6407458997118776,19.87148725634178,26.086314096102864,0.7135025018945257,314.4619435219647,0.8651348539659082
