stock,minmax,BOP,MINUS_DM,STDDEV,ADXR,TAN,COS,HT_DCPHASE,SIN
2031,min,-0.954580896686162,1.3493345208965526,0.20349973363772877,13.827644207876808,-107.44841386678162,-0.9999339274291743,-39.009307560916056,-0.9997939453601861
2031,max,0.9047813545043786,5.861557207848004,2.45433384900892,39.813668801695115,49.25231843964127,0.9991553967907217,308.6453374349684,0.9999566946278721
