stock,minmax,BOP,MINUS_DM,STDDEV,ADXR,TAN,COS,HT_DCPHASE,SIN
2049,min,-0.9230841975853484,7.305055291586872,0.9463578740333703,15.224554401281956,-16.572087832657903,-0.9998524548313753,-37.603657862510374,-0.9999917464794952
2049,max,1.8230739527333915,27.432841376894533,13.052924380630543,30.838375453226696,262.7010364430934,1.9987749161657897,347.4484913976376,1.9883065089116716
