stock,minmax,BOP,MINUS_DM,STDDEV,ADXR,TAN,COS,HT_DCPHASE,SIN
2049,min,-0.9230732423121081,7.21879472245093,0.9351690158119653,15.224362735333361,-13.242860820981006,-0.9892469584153765,-37.60367036695237,-0.9971610750491244
2049,max,0.9000145146909395,34.32739290069627,13.833802585932506,46.06255555039053,9.534816057588955,0.9999830973035602,309.8459057416075,0.9945451788410183
