stock,minmax,BOP,MINUS_DM,STDDEV,ADXR,TAN,COS,HT_DCPHASE,SIN
2049,min,-0.9230841975853484,7.305055291586872,0.9463578740333703,15.224554401281956,-16.572087832657903,-0.9998524548313753,-37.603657862510374,-0.9999917464794952
2049,max,0.899989755148043,34.737896668481405,13.999282254663914,46.06292985450865,246.12894861043551,0.9989224613344144,309.84483353512724,0.9883147624321764
