stock,minmax,BOP,MINUS_DM,STDDEV,ADXR,TAN,COS,HT_DCPHASE,SIN
2059,min,-1.0,11.922786562198459,0.8409307688853697,14.246733822935171,-22.185491591437128,-0.9982391684632278,-41.30324708751698,-0.9995403202270037
2059,max,1.939392812195833,24.228943247578535,10.995436997199203,9.76028975759999,60.68179583931649,1.9951654532685141,349.7812895972917,1.9992031010948108
