stock,minmax,BOP,MINUS_DM,STDDEV,ADXR,TAN,COS,HT_DCPHASE,SIN
2059,min,-1.0,11.922786562198459,0.8409307688853697,14.246733822935171,-22.185491591437128,-0.9982391684632278,-41.303247087516525,-0.9995403202270037
2059,max,0.939392812195833,36.151729809776995,11.836367766084573,24.00702358053516,38.496304247879365,0.9969262848052863,308.4780425097747,0.9996627808678072
