stock,minmax,BOP,MINUS_DM,STDDEV,ADXR,TAN,COS,HT_DCPHASE,SIN
2063,min,-1.0,0.5464258751476466,0.10917375874406558,16.404341330698074,-63.69237529933322,-0.999879807699322,-38.89400729522117,-0.9998767704590208
2063,max,2.0,5.19834952423943,1.4717260630030113,38.96900478354763,72.31178767138117,1.967596518118004,350.6583809452588,1.999081196915486
