stock,minmax,BOP,MINUS_DM,STDDEV,ADXR,TAN,COS,HT_DCPHASE,SIN
2065,min,-1.0,0.7256524754312794,0.08349478071917342,14.144478031464255,-50.425690489554135,-0.9986985127621462,-37.435487229014825,-0.9998034205018851
2065,max,2.0,4.245701605284544,1.1848050109725043,31.533080340977,81.30632908775472,1.9977048796013568,352.3924093270314,1.9916253071917078
