stock,minmax,BOP,MINUS_DM,STDDEV,ADXR,TAN,COS,HT_DCPHASE,SIN
2103,min,-1.0,0.6568649928479181,0.05460858539736685,13.624073215510851,-23.26182038767207,-0.9655795737003361,-37.591130475368914,-0.972849761314075
2103,max,1.8889679715302545,2.6449447613132797,0.9201403369407992,13.159970403762319,30.13701455896217,1.965248286565848,348.9494874508547,1.9719270174402415
