stock,minmax,BOP,MINUS_DM,STDDEV,ADXR,TAN,COS,HT_DCPHASE,SIN
2201,min,-1.0,3.625044232363267,0.3223956451334982,15.354813368195764,-44.704677198111014,-0.9981602026145425,-42.423913059595634,-0.9959322725412014
2201,max,0.9599814063556443,11.332288981134122,5.8198119818426,40.94010185527095,73.95991946977676,0.9986522682470298,305.8102453752381,0.9999086060170941
