stock,minmax,BOP,MINUS_DM,STDDEV,ADXR,TAN,COS,HT_DCPHASE,SIN
2201,min,-1.0,3.7197271373668532,0.3308105113087856,15.355088637025027,-8.013786423857834,-0.9993087673534582,-42.42337037394066,-0.9999526896129896
2201,max,1.9600115311753572,7.908667324242497,5.640990934954498,25.6349577447315,110.81336668733852,1.998959682070428,348.23369536245866,1.999868121629138
