stock,minmax,BOP,MINUS_DM,STDDEV,ADXR,TAN,COS,HT_DCPHASE,SIN
2201,min,-1.0,3.7197271373668532,0.3308105113087856,15.355088637025027,-8.013786423857834,-0.9993087673534582,-42.42337037394066,-0.9999526896129896
2201,max,0.9600115311753573,11.62839446160935,5.971801446263283,40.99004638175653,102.79958026348068,0.9996509147169699,305.810324988518,0.9999154320161485
