stock,minmax,BOP,MINUS_DM,STDDEV,ADXR,TAN,COS,HT_DCPHASE,SIN
2204,min,-1.0,1.1510795372267513,0.26200784415712264,17.97488600210474,-203.20017943887032,-0.9998981123328206,-32.153168414816605,-0.9990621010063762
2204,max,0.9200157777096036,5.735459461530949,3.5782369611856093,55.11369289501068,12.238633206704243,0.9997091861668943,314.8405364023132,0.999987890842119
