stock,minmax,BOP,MINUS_DM,STDDEV,ADXR,TAN,COS,HT_DCPHASE,SIN
2204,min,-1.0,1.2072572613435115,0.2747664200766547,17.975602443321847,-1060.1583924275283,-0.9715002556801358,-32.152589563102765,-0.9999995551350364
2204,max,0.9199782708620599,6.015181764537164,3.7527989365812084,55.11302911864757,116.00623310873165,0.9997370678131833,314.8394801553111,0.99996284791842
