stock,minmax,BOP,MINUS_DM,STDDEV,ADXR,TAN,COS,HT_DCPHASE,SIN
2231,min,-1.0,5.177603146031922,0.28975950290176494,12.62805601423258,-19.25310881121997,-0.99992262387567,-26.01105725203655,-0.9986538586903617
2231,max,1.909092713129068,16.54883325264128,7.1503137128600756,21.678734423392047,26.167548446570876,1.9998665349852844,335.6339518068634,1.9972154925804446
