stock,minmax,BOP,MINUS_DM,STDDEV,ADXR,TAN,COS,HT_DCPHASE,SIN
2233,min,-1.0,2.0677361057133794,0.15829607692051037,16.03059104715921,-38.87663649741561,-0.9990744496596305,-44.686546354413395,-0.9996693434032422
2233,max,1.0,15.29428293357278,5.7118451565108455,34.89658875461439,9.157546020802643,0.9995014056271875,307.6521914042106,0.998174134147373
