stock,minmax,BOP,MINUS_DM,STDDEV,ADXR,TAN,COS,HT_DCPHASE,SIN
2233,min,-1.0,1.9843912708384723,0.15193746080926215,16.030612656454114,-35.65557066092123,-0.9940171038630305,-44.68585596702701,-0.9999698246713931
2233,max,1.0,14.67795902032735,5.481607450521176,34.89696205727283,128.72093008779387,0.9765983327494752,307.6523516374708,0.999606939767698
