stock,minmax,BOP,MINUS_DM,STDDEV,ADXR,TAN,COS,HT_DCPHASE,SIN
2233,min,-1.0,2.0677361057133794,0.15829607692051037,16.03059104715921,-38.87663649741561,-0.9990744496596305,-44.686546354413395,-0.9996693434032422
2233,max,2.0,13.226546827859401,5.5535490795903355,18.865997707455183,48.03418251821825,1.998575855286818,352.338737758624,1.997843477550615
