stock,minmax,BOP,MINUS_DM,STDDEV,ADXR,TAN,COS,HT_DCPHASE,SIN
2301,min,-1.0,0.918848221756431,0.1796282004307736,10.749865180983242,-23.594199309737167,-0.9985540075615704,-14.801242918040316,-0.9997154413556073
2301,max,1.0,3.317384526627054,2.7979333777585524,47.74395636334283,104.87682791302001,0.9822979636313759,298.1028050620205,0.9999545450372995
