stock,minmax,BOP,MINUS_DM,STDDEV,ADXR,TAN,COS,HT_DCPHASE,SIN
2303,min,-1.0,1.8505449512181662,0.14070194597100813,15.914359896122281,-136.86157040236824,-0.9980481474929871,-39.620576235949784,-0.9982894110805258
2303,max,0.9564703565097463,4.6788810745279275,1.559442512438023,28.351818225590314,12.319663652676565,0.999458750071694,312.0499426790162,0.9999733074799545
