stock,minmax,BOP,MINUS_DM,STDDEV,ADXR,TAN,COS,HT_DCPHASE,SIN
2303,min,-1.0,1.8505449512181662,0.14070194597100813,15.914359896122281,-136.86157040236824,-0.9980481474929871,-39.620576235949784,-0.9982894110805258
2303,max,1.9564703565097463,2.8283361233097613,1.4187405664670147,12.437458329468033,149.1812340550448,1.9975068975646812,351.670518914966,1.9982627185604804
