stock,minmax,BOP,MINUS_DM,STDDEV,ADXR,TAN,COS,HT_DCPHASE,SIN
2313,min,-1.0,1.6911688660563502,0.0908361733860946,11.707248770398046,-833.9051750458391,-0.9999885015959287,-43.33321888637454,-0.9999992809879018
2313,max,0.9500216825672132,4.896340956405396,0.9362426189811914,21.403978790935483,40.151013853159625,0.9564533974884489,311.7865939893668,0.8834167917633501
