stock,minmax,BOP,MINUS_DM,STDDEV,ADXR,TAN,COS,HT_DCPHASE,SIN
2327,min,-1.0,21.36223715085863,2.6202593554664126,16.17199637928016,-107.59561275375253,-0.9990797051659325,-44.21652043367919,-0.9948617627359139
2327,max,1.0,78.66324236037558,24.48811548942578,34.93635355434352,15.439242137841296,0.9999827795064157,314.39035883618214,0.9999568130291593
