stock,minmax,BOP,MINUS_DM,STDDEV,ADXR,TAN,COS,HT_DCPHASE,SIN
2327,min,-1.0,17.878600029454077,2.1929490321602896,16.17201006446613,-11.243084014433117,-0.9990536660557019,-44.216647306054426,-0.9998537205557848
2327,max,1.0,65.83524069042889,20.4947399442291,34.93364613420359,58.45823530429579,0.9999586033679505,314.39044618121176,0.9975501673152155
