stock,minmax,BOP,MINUS_DM,STDDEV,ADXR,TAN,COS,HT_DCPHASE,SIN
2330,min,-0.9333287811539765,16.628876951734007,1.8931613205084863,10.827446651819095,-46.87406391242029,-0.9981329235086581,-26.08370938181116,-0.9999189969504787
2330,max,1.0,51.02878552238322,18.342637653836398,25.033798174166918,78.56116806317384,0.9996711583407444,314.53862488257346,0.9998444969428143
