stock,minmax,BOP,MINUS_DM,STDDEV,ADXR,TAN,COS,HT_DCPHASE,SIN
2338,min,-1.0,4.5977900046755025,0.315893066698912,18.69597108185981,-40.510432838005904,-0.9999942754271006,-44.57415647319306,-0.9934391550268515
2338,max,2.0,8.802076412506263,3.976785597071432,25.889238712239518,54.33292853743082,1.9996245332240017,353.88087061208125,1.9931346196046817
