stock,minmax,BOP,MINUS_DM,STDDEV,ADXR,TAN,COS,HT_DCPHASE,SIN
2338,min,-1.0,4.5977900046755025,0.315893066698912,18.69597108185981,-40.510432838005904,-0.9999942754271006,-44.57415647319294,-0.9934391550268515
2338,max,1.0,13.399866417181766,4.292678663770344,44.58520979409933,13.822495699424918,0.999630257796901,309.3067141388881,0.9996954645778301
