stock,minmax,BOP,MINUS_DM,STDDEV,ADXR,TAN,COS,HT_DCPHASE,SIN
2338,min,-1.0,4.491031249984125,0.30857586168820433,18.695978608346607,-18.47561319972055,-0.999491290672248,-44.57374730080164,-0.9985384309366329
2338,max,1.0,13.088758037302496,4.193028584402421,44.585365945315445,185.0011168360769,0.9999951212963694,309.30682331200495,0.9999853912927179
