stock,minmax,BOP,MINUS_DM,STDDEV,ADXR,TAN,COS,HT_DCPHASE,SIN
2344,min,-0.9165639852138716,0.8087313652005474,0.08143612466394495,18.12379937067082,-72.1709803670856,-0.9997479773472353,-38.98828922600603,-0.9999040196640547
2344,max,1.0,2.874921039063851,1.1216367094565405,30.676829216607338,61.14821925401671,0.9999856418195351,313.6106523415317,0.9998663049663837
