stock,minmax,BOP,MINUS_DM,STDDEV,ADXR,TAN,COS,HT_DCPHASE,SIN
2345,min,-1.0,13.562445624832957,1.0709774357762907,12.575508095004299,-22.15713526976759,-0.9997681453529296,-37.098885512948414,-0.9998294522730602
2345,max,0.9166637784632413,43.44314080417487,28.889467900644334,29.60314731856835,54.138532312505674,0.9998113575130982,312.47737795843204,0.9997903079322199
