stock,minmax,BOP,MINUS_DM,STDDEV,ADXR,TAN,COS,HT_DCPHASE,SIN
2345,min,-1.0,13.833590471205934,1.0923953679978686,12.57543122961692,-18.122664986036003,-0.9999904062104132,-37.09916793991431,-0.9987375164211422
2345,max,0.9166652508537355,44.31211153683803,29.467262079168258,29.603166029758178,72.64588360511921,0.9939825993620695,312.4769375818796,0.9999052702766567
