stock,minmax,BOP,MINUS_DM,STDDEV,ADXR,TAN,COS,HT_DCPHASE,SIN
2347,min,-1.0,1.0360053600619625,0.06817299761064329,14.292156449761642,-74.98107162958173,-0.99992342929074,-43.97357722064038,-0.9983800069894163
2347,max,1.9000219490781418,3.7711796676718574,1.2580196239952315,15.017851174115087,87.81454550507357,1.9993063557829422,357.87283291151886,1.9982910850783537
