stock,minmax,BOP,MINUS_DM,STDDEV,ADXR,TAN,COS,HT_DCPHASE,SIN
2347,min,-1.0,1.0360053600619625,0.06817299761064329,14.292156449761642,-74.98107162958173,-0.99992342929074,-43.97357722064038,-0.9983800069894163
2347,max,0.9000219490781418,4.80718502773382,1.3261926216058748,29.31000762387673,12.833473875491833,0.9993829264922023,313.8992556908785,0.9999110780889375
