stock,minmax,BOP,MINUS_DM,STDDEV,ADXR,TAN,COS,HT_DCPHASE,SIN
2351,min,-1.0,5.675391912597859,0.4743190968018019,14.922050969501026,-35.05764158923354,-0.9999986269697465,-44.347419357928175,-0.9995934259192557
2351,max,0.9499952527138663,19.717212070257887,10.112019108882103,43.763734302026634,15.064659839147547,0.9984335757404046,313.4116010046565,0.999586225484228
