stock,minmax,BOP,MINUS_DM,STDDEV,ADXR,TAN,COS,HT_DCPHASE,SIN
2351,min,-1.0,5.880197051151151,0.4849250152280068,14.70901108089765,-5.893839036047317,-0.9993855619485659,-44.34725572009097,-0.9987296942225253
2351,max,0.9500041276262025,20.183393129962884,10.337883927844704,42.93910330439408,19.8205998370722,0.9885168963726194,313.41199258231865,0.9859097635130776
