stock,minmax,BOP,MINUS_DM,STDDEV,ADXR,TAN,COS,HT_DCPHASE,SIN
2352,min,-1.0,0.5320377357951608,0.07004382627931073,13.556944234666872,-16.410201030851297,-0.9999201935704457,52.642143910887256,-0.9950623463239222
2352,max,1.0,2.000428129652729,1.0142230117675974,43.1584789780068,10.02563164057314,0.9981346987220026,255.26352969345533,0.9981484530788286
