stock,minmax,BOP,MINUS_DM,STDDEV,ADXR,TAN,COS,HT_DCPHASE,SIN
2352,min,-1.0,0.5494613859310576,0.07232356738555606,13.556554278402047,-50.83282455923045,-0.9999863800614629,52.64239489875292,-0.9998065559001266
2352,max,1.0,2.0292725601931036,1.047478911673392,44.55762946708248,12.973141246976397,0.9999888299499978,255.26464199914497,0.9997967448019783
