stock,minmax,BOP,MINUS_DM,STDDEV,ADXR,TAN,COS,HT_DCPHASE,SIN
2352,min,-1.0,0.5494613859310576,0.07232356738555606,13.556554278402047,-50.83282455923046,-0.9999863800614629,52.64239489875292,-0.9998065559001266
2352,max,2.0,1.479811174262046,0.975155344287836,31.00107518868043,63.805965806206856,1.9999752100114607,202.62224710039305,1.999603300702105
