stock,minmax,BOP,MINUS_DM,STDDEV,ADXR,TAN,COS,HT_DCPHASE,SIN
2356,min,-1.0,0.2687865608460813,0.05648134559757532,20.73969306688381,-39.25370875414182,-0.9815546242811397,-37.600421843838205,-0.9997371142742039
2356,max,1.0,4.4889235885557275,2.5294744850267232,57.58398160820052,43.60294860520392,0.9999786062397098,311.7868108601368,0.9995264212937742
