stock,minmax,BOP,MINUS_DM,STDDEV,ADXR,TAN,COS,HT_DCPHASE,SIN
2356,min,-1.0,0.2687865608460813,0.05648134559757532,20.73969306688381,-39.25370875414182,-0.9815546242811397,-37.60042184383815,-0.9997371142742039
2356,max,2.0,4.220137027709646,2.472993139429148,36.84428854131671,82.85665735934575,1.9815332305208495,349.387232703975,1.999263535567978
