stock,minmax,BOP,MINUS_DM,STDDEV,ADXR,TAN,COS,HT_DCPHASE,SIN
2375,min,-1.0,3.074232424089601,0.22256224296157914,12.485550511040893,-12.098812468396371,-0.9997088607617738,-42.569747599962284,-0.998280186319
2375,max,0.9666700816173183,10.95132399662557,5.043030774681987,38.32786768563214,17.02878101384255,0.9946239981804986,306.96044552231695,0.9966016641510874
