stock,minmax,BOP,MINUS_DM,STDDEV,ADXR,TAN,COS,HT_DCPHASE,SIN
2375,min,-1.0,3.034009260452781,0.21969426571933587,12.485674906128228,-11.983099860114717,-0.9999873443823579,-42.56956135706287,-0.9999149536429677
2375,max,0.966679353655583,10.808187199493567,4.977107885347353,38.32855836874845,76.67070236636415,0.9953890401561034,306.9606457979603,0.9987226511803905
