stock,minmax,BOP,MINUS_DM,STDDEV,ADXR,TAN,COS,HT_DCPHASE,SIN
2376,min,-1.0,3.5640756620461187,0.3096186066604277,24.919916740117685,-142.3987404700999,-0.9995252278608406,-20.581734678109797,-0.9999753429199246
2376,max,1.0,10.195614936970182,10.461538243106748,37.562019301849276,33.98395419109273,0.9999644211342612,313.20452232535354,0.9995673464562065
