stock,minmax,BOP,MINUS_DM,STDDEV,ADXR,TAN,COS,HT_DCPHASE,SIN
2376,min,-1.0,3.47769437634517,0.3021240076543101,24.920242512135736,-51.65631147752865,-0.98491725393999,-20.58211940424593,-0.9993446750636984
2376,max,1.0,9.948511494234344,10.208036564670566,37.563304810847676,50.16429823798603,0.9995965726316486,313.20154375874955,0.9998126726567119
