stock,minmax,BOP,MINUS_DM,STDDEV,ADXR,TAN,COS,HT_DCPHASE,SIN
2377,min,-0.8571598371616242,2.3836011326127178,0.35979777422116654,16.66795121930787,-30.24039915904766,-0.999989803360618,-28.659102094520335,-0.9997114253491153
2377,max,1.0,11.168375121448197,4.02690654720621,31.108562425045022,41.616150180439746,0.9883912276206132,313.27458098717614,0.9994536902352101
