stock,minmax,BOP,MINUS_DM,STDDEV,ADXR,TAN,COS,HT_DCPHASE,SIN
2379,min,-1.0,16.270001605547776,0.8711184317783721,11.682770702549309,-22.374906098644335,-0.9996999085985127,-34.402424780863726,-0.999958501860161
2379,max,2.0,41.03905464516268,13.573590216775104,26.588027798440844,132.13820979578804,1.9985769879111404,349.14084761286836,1.9971066246990121
