stock,minmax,BOP,MINUS_DM,STDDEV,ADXR,TAN,COS,HT_DCPHASE,SIN
2379,min,-1.0,16.270001605547776,0.8711184317783721,11.682770702549309,-22.374906098644335,-0.9996999085985127,-34.402424780863726,-0.999958501860161
2379,max,1.0,57.309056250710455,14.444708648553476,38.27079850099015,109.76330369714371,0.9988770793126276,314.73842283200463,0.9971481228388511
