stock,minmax,BOP,MINUS_DM,STDDEV,ADXR,TAN,COS,HT_DCPHASE,SIN
2382,min,-0.9411956238603809,0.8424199216616866,0.10534815427053684,11.66302929717569,-36.62807767763967,-0.9989309887446353,26.560359400285623,-0.9996183887810502
2382,max,1.0,4.2936038196939235,4.030711439437874,59.59160537495836,36.18679405291183,0.9999226443615679,206.05349690958994,0.9996275233508235
