stock,minmax,BOP,MINUS_DM,STDDEV,ADXR,TAN,COS,HT_DCPHASE,SIN
2383,min,-1.0,10.587281959531111,0.9510859086474536,11.796297375120687,-17.80181521762165,-0.9990678344829009,-41.93176640435212,-0.9987818999898582
2383,max,1.0,36.16965115706655,8.04994746234072,29.991740651012684,27.014969801904627,0.9980601876712831,314.8565992139908,0.9993155921193859
