stock,minmax,BOP,MINUS_DM,STDDEV,ADXR,TAN,COS,HT_DCPHASE,SIN
2385,min,-1.0,1.6037203151345727,0.1260347157928485,16.24861247528516,-86.07895294466579,-0.9977962205595248,-36.99275856189445,-0.9999325266774517
2385,max,1.0,5.780763705638505,1.528160833150634,29.894426348375866,18.090965998414596,0.9999998721340178,301.18839595831895,0.9994251323091105
