stock,minmax,BOP,MINUS_DM,STDDEV,ADXR,TAN,COS,HT_DCPHASE,SIN
2387,min,-1.0,0.8900784939689227,0.06253308242152868,13.399512526468808,-51.58119033263305,-0.9999510399064168,-41.0197319593359,-0.9998121267785246
2387,max,1.9284275755228522,6.077228871082665,2.5277682158827024,16.02026409966756,89.00371557349851,1.999818390811185,348.2629600995051,1.980373917770688
