stock,minmax,BOP,MINUS_DM,STDDEV,ADXR,TAN,COS,HT_DCPHASE,SIN
2387,min,-1.0,0.8513187772060969,0.059366030658262015,13.416995921556188,-10.256512953457156,-0.9993346490272635,-41.00618983408606,-0.9999986950538541
2387,max,0.9285597781764732,6.617388488680619,2.4601152260810175,29.376495319290733,618.9966271414793,0.9839887124716622,307.2440411582506,0.9952805908941337
