stock,minmax,BOP,MINUS_DM,STDDEV,ADXR,TAN,COS,HT_DCPHASE,SIN
2387,min,-1.0,0.8900784939689227,0.06253308242152868,13.399512526468808,-51.58119033263305,-0.9999510399064168,-41.0197319593359,-0.9998121267785246
2387,max,0.928427575522852,6.967307365051588,2.5903012983042313,29.41977662613637,37.42252524086546,0.9998673509047684,307.2432281401692,0.9805617909921635
