stock,minmax,BOP,MINUS_DM,STDDEV,ADXR,TAN,COS,HT_DCPHASE,SIN
2393,min,-1.0,0.6100871774458733,0.0795902757539454,9.074629887788518,-15.656526797292006,-0.9544513565017843,-43.0705992802483,-0.9995097092893789
2393,max,1.0,2.326320489151202,1.910168240756404,34.650656708534555,31.92261249721308,0.9998891734388741,299.84679820715235,0.9632870253672725
