stock,minmax,BOP,MINUS_DM,STDDEV,ADXR,TAN,COS,HT_DCPHASE,SIN
2395,min,-0.9615327980320322,7.218388276352342,0.9056564676933566,14.028510110950943,-43.99397616041619,-0.999976310761252,-43.81187117545551,-0.9999431168153526
2395,max,1.0,30.771840380371003,8.0004979496532,36.31770672699044,93.75070065686305,0.9998472510715006,310.5066085600065,0.999741764869569
