stock,minmax,BOP,MINUS_DM,STDDEV,ADXR,TAN,COS,HT_DCPHASE,SIN
2404,min,-1.0,3.607928254525092,0.6846296616509524,18.924871472431906,-251.64421967566523,-0.9988988283451279,-42.677823231193884,-0.9945756619807173
2404,max,1.0,40.37807519750787,13.524833513300772,52.19958614665612,9.56178991280601,0.9981312560042567,303.04052360717645,0.9999921042944747
