stock,minmax,BOP,MINUS_DM,STDDEV,ADXR,TAN,COS,HT_DCPHASE,SIN
2404,min,-1.0,3.607928254525092,0.6846296616509524,18.924871472431906,-251.64421967566525,-0.9988988283451279,-42.677823231193884,-0.9945756619807173
2404,max,2.0,36.77014694298278,12.84020385164982,33.274714674224214,261.20600958847126,1.9970300843493844,345.7183468383703,1.9945677662751922
