stock,minmax,BOP,MINUS_DM,STDDEV,ADXR,TAN,COS,HT_DCPHASE,SIN
2404,min,-1.0,3.6199048956637485,0.6460774145091605,18.82066997343096,-11.122532588255872,-0.9997401836417241,-42.67829392921067,-0.9998499838005587
2404,max,1.0,38.181053135820044,12.763412816545568,50.381570591604415,57.7254138432455,0.999434076436917,303.04001218338135,0.9996032451684493
