stock,minmax,BOP,MINUS_DM,STDDEV,ADXR,TAN,COS,HT_DCPHASE,SIN
2409,min,-1.0,0.5375933123654362,0.056021731501757654,13.86966209902073,-65.18221255539923,-0.9895150456316439,-41.89720548235448,-0.9998823382907408
2409,max,1.0,2.0224374717170717,0.6043276574843356,35.07765854905248,30.607986193475348,0.9378354664593821,312.1541678408221,0.7603574420527889
