stock,minmax,BOP,MINUS_DM,STDDEV,ADXR,TAN,COS,HT_DCPHASE,SIN
2409,min,-1.0,0.5375933123654362,0.056021731501757654,13.86966209902073,-65.18221255539923,-0.9895150456316439,-41.89720548235448,-0.9998823382907408
2409,max,2.0,1.4848441593516355,0.548305925982578,21.20799645003175,95.79019874887459,1.9273505120910261,354.05137332317656,1.7602397803435297
