stock,minmax,BOP,MINUS_DM,STDDEV,ADXR,TAN,COS,HT_DCPHASE,SIN
2412,min,-1.0,0.6261910490868341,0.18496000011368408,18.151116881728168,-234.29245453635698,-0.9957011415069289,-27.145894855487768,-0.9958769560180875
2412,max,1.0,3.8252795092256053,1.1914764336936603,54.04160547022705,10.978166606523388,0.9999972382294221,310.60908218649183,0.9999908914873423
