stock,minmax,BOP,MINUS_DM,STDDEV,ADXR,TAN,COS,HT_DCPHASE,SIN
2412,min,-1.0,0.6261910490868341,0.18496000011368408,18.151116881728168,-234.29245453635693,-0.9957011415069289,-27.145894855487768,-0.9958769560180875
2412,max,2.0,3.1990884601387712,1.0065164335799763,35.89048858849888,245.27062114288032,1.995698379736351,337.7549770419794,1.99586784750543
