stock,minmax,BOP,MINUS_DM,STDDEV,ADXR,TAN,COS,HT_DCPHASE,SIN
2420,min,-1.0,0.37467383051551745,0.03724500508320229,11.632170805835031,-17.314241937717828,-0.9997424681187755,-37.74121429680048,-0.9982776013325175
2420,max,1.0,2.1055825300713433,0.4573183110311205,40.1249314924595,28.230265948113818,0.9731652138357926,291.1887723365351,0.9993731962445814
