stock,minmax,BOP,MINUS_DM,STDDEV,ADXR,TAN,COS,HT_DCPHASE,SIN
2420,min,-1.0,0.37467383051551745,0.03724500508320229,11.632170805835031,-17.314241937717828,-0.9997424681187755,-37.74121429680048,-0.9982776013325175
2420,max,2.0,1.7309086995558258,0.4200733059479182,28.49276068662447,45.54450788583165,1.9729076819545681,328.9299866333356,1.997650797577099
