stock,minmax,BOP,MINUS_DM,STDDEV,ADXR,TAN,COS,HT_DCPHASE,SIN
2421,min,-1.0,0.7981355200503271,0.10094896929699981,13.606257096334511,-15.072112600994695,-0.9990672192953068,-39.62791546143319,-0.9999810473053643
2421,max,0.9666431593794077,5.9691979306866925,6.009387969835627,56.35046615688202,162.42143610642142,0.9975171397101814,276.05104088512076,0.9978062314794093
