stock,minmax,BOP,MINUS_DM,STDDEV,ADXR,TAN,COS,HT_DCPHASE,SIN
2421,min,-1.0,0.7981355200503271,0.10094896929699981,13.606257096334511,-15.072112600994696,-0.9990672192953068,-39.62791546143319,-0.9999810473053643
2421,max,1.9666431593794078,5.171062410636365,5.908439000538627,42.74420906054751,177.4935487074161,1.9965843590054884,315.67895634655395,1.9977872787847737
