stock,minmax,BOP,MINUS_DM,STDDEV,ADXR,TAN,COS,HT_DCPHASE,SIN
2449,min,-1.0,0.4320545193453105,0.08224783523517476,19.017890398915274,-60.291796456169884,-0.999855177090338,-41.535019466699396,-0.9998624806019604
2449,max,1.0,3.9298779683763088,2.5515523256243187,59.95749921689893,15.293694893373035,0.9990883718565786,312.36691724351175,0.9978691381195983
