stock,minmax,BOP,MINUS_DM,STDDEV,ADXR,TAN,COS,HT_DCPHASE,SIN
2454,min,-1.0,29.52730600084559,2.667136436475206,14.8551739477766,-176.59047374902767,-0.9987874684263293,-26.151113066752032,-0.99998396662257
2454,max,2.0,70.92169454885016,23.65182026367715,17.74887463288173,208.82535206264805,1.9987743209389197,340.86099108847344,1.9995031221765285
