stock,minmax,BOP,MINUS_DM,STDDEV,ADXR,TAN,COS,HT_DCPHASE,SIN
2454,min,-1.0,29.52730600084559,2.667136436475206,14.8551739477766,-176.59047374902767,-0.9987874684263293,-26.151113066752032,-0.99998396662257
2454,max,1.0,100.44900054969574,26.318956700152356,32.60404858065833,32.23487831362038,0.9999868525125905,314.7098780217214,0.9995191555539584
