stock,minmax,BOP,MINUS_DM,STDDEV,ADXR,TAN,COS,HT_DCPHASE,SIN
2455,min,-1.0,3.959735565009336,0.4308383111607276,17.193821665132297,-238.39581702476414,-0.9998751565749712,-40.43632587621187,-0.9998179197208731
2455,max,0.9740318906605928,14.901548223813856,4.4809687681988075,32.755779000036334,52.395529459173964,0.999704988004079,311.18380196998254,0.999991202343292
