stock,minmax,BOP,MINUS_DM,STDDEV,ADXR,TAN,COS,HT_DCPHASE,SIN
2457,min,-0.9166738105443627,1.4383511711536376,0.03636890981530485,17.37626623251051,-90.60961265938066,-0.9978050154407816,-36.96560415217186,-0.9991211266034049
2457,max,0.9875009644317585,10.81702674424006,4.191206227043168,56.480994494519706,64.78390994743845,0.9978037445200971,310.5223727469238,0.9999391049788535
