stock,minmax,BOP,MINUS_DM,STDDEV,ADXR,TAN,COS,HT_DCPHASE,SIN
2458,min,-1.0,4.006464526154358,0.3422440568236884,13.394442460182953,-7.184005969357035,-0.999661297530276,-40.43223806408247,-0.9989330633917344
2458,max,1.930234923217736,8.71370476354803,5.129652988847228,20.557555711144204,75.64733885052878,1.9995916110694838,353.5760034931307,1.9988264075996551
