stock,minmax,BOP,MINUS_DM,STDDEV,ADXR,TAN,COS,HT_DCPHASE,SIN
2458,min,-1.0,4.006464526154358,0.3422440568236884,13.394442460182953,-7.184005969357035,-0.999661297530276,-40.43223806408247,-0.9989330633917344
2458,max,0.9302349232177362,12.720169289702387,5.471897045670916,33.951998171327155,68.46333288117175,0.9999303135392078,313.14376542904824,0.9998933442079208
