stock,minmax,BOP,MINUS_DM,STDDEV,ADXR,TAN,COS,HT_DCPHASE,SIN
2472,min,-1.0,1.74647862595166,0.24516802890662015,12.418993344723111,-27.8873031211553,-0.9963419398303514,-39.626477997414895,-0.9993576993056802
2472,max,2.0,4.726246672921667,2.231790382047798,25.784173298671284,80.61221867473267,1.9958721712101246,341.10932621374855,1.9991778863131984
