stock,minmax,BOP,MINUS_DM,STDDEV,ADXR,TAN,COS,HT_DCPHASE,SIN
2472,min,-1.0,1.74647862595166,0.24516802890662015,12.418993344723111,-27.8873031211553,-0.9963419398303514,-39.626477997414895,-0.9993576993056802
2472,max,1.0,6.472725298873327,2.4769584109544183,38.2031666433944,52.72491555357738,0.9995302313797731,301.48284821633365,0.9998201870075181
