stock,minmax,BOP,MINUS_DM,STDDEV,ADXR,TAN,COS,HT_DCPHASE,SIN
2476,min,-1.0,1.3757514652678746,0.03439118482128363,14.852365678519527,-14.745445101525307,-0.9970053266386287,-41.96282775217378,-0.9997099431785978
2476,max,1.0,7.264751078541651,1.8944700757714412,42.52335446448731,208.61523482820715,0.9911821633261982,297.8974013934949,0.9999885113108744
