stock,minmax,BOP,MINUS_DM,STDDEV,ADXR,TAN,COS,HT_DCPHASE,SIN
2476,min,-1.0,1.4001813131772423,0.035203658946280976,15.004909078520175,-9.037715139755123,-0.992649159163178,-41.96272029570832,-0.9983076646491571
2476,max,2.0,6.0409764173908655,1.9055522395647655,27.74741892449742,56.6645605886427,1.9914244252985769,339.8602851489524,1.9980873097029832
