stock,minmax,BOP,MINUS_DM,STDDEV,ADXR,TAN,COS,HT_DCPHASE,SIN
2476,min,-1.0,1.4001813131772423,0.035203658946280976,15.004909078520175,-9.037715139755123,-0.992649159163178,-41.96272029570832,-0.9983076646491571
2476,max,1.0,7.441157730568108,1.9407558985110465,42.752328003017595,47.62684544888758,0.9987752661353989,297.8975648532441,0.9997796450538261
