stock,minmax,BOP,MINUS_DM,STDDEV,ADXR,TAN,COS,HT_DCPHASE,SIN
2481,min,-0.9411440807586356,2.569524136487425,0.15621541531836242,15.40896182620454,-72.19441403669103,-0.9998261734985969,-42.603142601916375,-0.9989895616740659
2481,max,1.8642579298665642,6.606993154902225,2.4019960564689846,11.169189701870039,91.73074409858462,1.9987523468606103,348.0806360340767,1.998893643627785
