stock,minmax,BOP,MINUS_DM,STDDEV,ADXR,TAN,COS,HT_DCPHASE,SIN
2481,min,-0.9411440807586356,2.569524136487425,0.15621541531836242,15.40896182620454,-72.19441403669103,-0.9998261734985969,-42.603142601916375,-0.9989895616740659
2481,max,0.9231138491079286,9.17651729138965,2.558211471787347,26.578151528074578,19.53633006189359,0.9989261733620134,305.4774934321603,0.999904081953719
