stock,minmax,BOP,MINUS_DM,STDDEV,ADXR,TAN,COS,HT_DCPHASE,SIN
2481,min,-0.9411874999999931,2.515232350596891,0.15289440278770314,15.410923822994313,-31.98144350755092,-0.9999978899786465,-42.60280511045113,-0.9995115101246328
2481,max,0.923089497343688,8.98297725238956,2.5042981571697425,26.636508162649474,15.89195839633536,0.9998839917456628,305.47825360338993,0.999012887455234
