stock,minmax,BOP,MINUS_DM,STDDEV,ADXR,TAN,COS,HT_DCPHASE,SIN
2492,min,-1.0,4.347682360653621,0.36473676209261296,16.136203931759578,-9.169826552693113,-0.9990271773624674,-38.72036533378014,-0.9999409374779961
2492,max,1.9696922598694446,12.18825998743661,6.140914838479737,14.653218711042658,101.1744749086617,1.9987825314604974,347.25551031320754,1.996212855187184
