stock,minmax,BOP,MINUS_DM,STDDEV,ADXR,TAN,COS,HT_DCPHASE,SIN
2492,min,-1.0,4.268126357922132,0.35807661192927337,16.136253530791798,-33.950533277379805,-0.9999965859975153,-38.72168006330321,-0.9995664947825138
2492,max,0.969697929200175,16.233204986920043,6.386560768865014,30.78935716720501,18.64211240616234,0.9998152939461323,308.53345485478366,0.9985643659713869
