stock,minmax,BOP,MINUS_DM,STDDEV,ADXR,TAN,COS,HT_DCPHASE,SIN
2492,min,-1.0,4.347682360653621,0.36473676209261296,16.136203931759578,-9.169826552693113,-0.9990271773624674,-38.72036533378014,-0.9999409374779961
2492,max,0.9696922598694446,16.53594234809023,6.5056516005723495,30.789422642802236,92.00464835596858,0.9997553540980301,308.5351449794274,0.9962719177091881
