stock,minmax,BOP,MINUS_DM,STDDEV,ADXR,TAN,COS,HT_DCPHASE,SIN
2497,min,-1.0,3.813214918812653,0.39568014860727774,16.28894351670649,-858.1519773453686,-0.9999029647351807,-43.21166476775204,-0.9995787357848682
2497,max,0.9285583103764906,10.217789801951412,2.5421627537205134,25.003914932359528,34.440581014899394,0.9998677827544964,313.70100162009993,0.999999321044756
