stock,minmax,BOP,MINUS_DM,STDDEV,ADXR,TAN,COS,HT_DCPHASE,SIN
2497,min,-1.0,3.882431748443553,0.4028704009682168,15.537801766848837,-20.112267002466236,-0.9999472746172461,-43.21182869404197,-0.9975609257225231
2497,max,0.9285688516901738,10.483605971811333,2.5883308772994664,24.846685664144267,340.74868399784964,0.9993348130228448,313.7031488504413,0.9999956937541113
