stock,minmax,BOP,MINUS_DM,STDDEV,ADXR,TAN,COS,HT_DCPHASE,SIN
2542,min,-1.0,0.35240304909710674,0.03591999998738907,14.61120947232094,-7.908133716198184,-0.09875429233509317,-39.60778545370874,-0.995111847857011
2542,max,1.0,2.689147722571308,0.6472852446950902,29.71484880154439,10.076644005309626,0.9999725324168427,303.9553875856679,0.9340137157916318
