stock,minmax,BOP,MINUS_DM,STDDEV,ADXR,TAN,COS,HT_DCPHASE,SIN
2542,min,-1.0,0.31719256043031585,0.03235500588228983,14.613060244977245,-170.1489065385384,-0.9999294240009633,-39.6042956841419,-0.440971498906272
2542,max,1.0,2.4202146523943617,0.5825629662165471,29.716460127182494,13.304253083723687,0.5313750062834568,303.95866222212396,0.9999827296782472
