stock,minmax,BOP,MINUS_DM,STDDEV,ADXR,TAN,COS,HT_DCPHASE,SIN
2603,min,-1.0,3.201765201577338,0.26568637454683863,13.441096767988846,-9.91652488764089,-0.9941630601972228,-41.236301525524595,-0.9949539208956446
2603,max,2.0,8.235174488307823,2.131145799473442,15.146850437127824,17.600557970177412,1.9865600438250837,346.5409452134277,1.9882572046636064
