stock,minmax,BOP,MINUS_DM,STDDEV,ADXR,TAN,COS,HT_DCPHASE,SIN
2603,min,-1.0,3.201765201577338,0.26568637454683863,13.441096767988846,-9.916524887640891,-0.9941630601972228,-41.236301525524766,-0.9949539208956446
2603,max,1.0,11.436939689885161,2.3968321740202807,28.58794720511667,7.684033082536523,0.9923969836278609,305.3046436879031,0.9933032837679617
