stock,minmax,BOP,MINUS_DM,STDDEV,ADXR,TAN,COS,HT_DCPHASE,SIN
2606,min,-1.0,2.0124640367492033,0.10507375317719707,13.242493128642742,-23.23397564183322,-0.9952126178734024,-41.74451835861157,-0.9997078850197917
2606,max,1.0,7.26777242083641,3.815100302430367,32.76139655179938,41.36308510068132,0.9999930899466032,308.3321463798672,0.9985195310794666
