stock,minmax,BOP,MINUS_DM,STDDEV,ADXR,TAN,COS,HT_DCPHASE,SIN
2609,min,-1.0,1.681414215351754,0.10453333631692853,12.966548053304535,-20.989653593906123,-0.9991218962703319,-42.589315309242465,-0.9915360539669812
2609,max,0.9375329467580381,5.084346051151311,1.1637374195257792,25.22345965214824,42.55717490698369,0.9998416349014569,306.2254545267512,0.9997240409611695
