stock,minmax,BOP,MINUS_DM,STDDEV,ADXR,TAN,COS,HT_DCPHASE,SIN
2609,min,-1.0,1.6316182269163149,0.10144697924470508,12.446430712318802,-123.35474790865113,-0.9937675374249882,-42.58925200134536,-0.9955097663313479
2609,max,0.9375282933454029,4.933555056077102,1.1292843493100726,25.116619844770042,10.516812355903422,0.9999613053232259,306.22640190140095,0.9999671423227862
