stock,minmax,BOP,MINUS_DM,STDDEV,ADXR,TAN,COS,HT_DCPHASE,SIN
2610,min,-1.0,0.46723852232391383,0.019639999981132028,10.460687454377181,-137.97140630713628,-0.982258566906266,-44.549554151869415,-0.6293806282769246
2610,max,0.9000203624516406,1.9169216347828189,0.8404719293345344,27.111281314756845,10.964446280554503,0.999977928191895,297.5697472970579,0.9999737351628659
