stock,minmax,BOP,MINUS_DM,STDDEV,ADXR,TAN,COS,HT_DCPHASE,SIN
2618,min,-1.0,0.6439147007173918,0.018680000055405557,12.173265546902744,-58.94811274203433,-0.9994986703893266,-44.20879542579473,-0.964499416322947
2618,max,0.8461030927835061,3.0649475918698017,1.0458117823025095,31.6714772810191,13.074256361790178,0.9999976698541817,311.85835312508596,0.9998561411878755
