stock,minmax,BOP,MINUS_DM,STDDEV,ADXR,TAN,COS,HT_DCPHASE,SIN
2618,min,-1.0,0.6764853795551964,0.019600000004607144,12.173218890009071,-21.232675238881676,-0.999987828427376,-44.21014332960266,-0.994394639918355
2618,max,0.8462081959491274,3.2199658061692213,1.0987725970373505,31.67261195259559,516.1135987024846,0.999999439501739,311.857219977224,0.9999981229399038
