stock,minmax,BOP,MINUS_DM,STDDEV,ADXR,TAN,COS,HT_DCPHASE,SIN
2634,min,-1.0,0.8548908303170687,0.1153732273947839,33.44774412667465,-388.0265841240031,-0.9994792038151707,-34.63034154482864,-0.9999293803545904
2634,max,0.8823311976343033,6.50216393102738,4.715969312283362,52.71584680941838,13.260151774614407,0.9968880758637492,314.6534523241644,0.999996679183488
