stock,minmax,BOP,MINUS_DM,STDDEV,ADXR,TAN,COS,HT_DCPHASE,SIN
2634,min,-1.0,0.9552117177323275,0.11859758176013567,32.656398435607954,-11.916483586124729,-0.9998893675759573,-34.62968077121525,-0.9999303710908528
2634,max,0.8823494156427926,6.6845567813399684,4.847583435238577,52.45448588231078,84.73591550285377,0.9999447510863048,314.6531280150977,0.9964974255982856
