stock,minmax,BOP,MINUS_DM,STDDEV,ADXR,TAN,COS,HT_DCPHASE,SIN
2634,min,-1.0,0.9552117177323275,0.11859758176013567,32.656398435607954,-11.916483586124729,-0.9998893675759573,-34.62968077121525,-0.9999303710908528
2634,max,1.8823494156427927,5.729345063607641,4.7289858534784415,19.798087446702823,96.6523990889785,1.9998341186622621,349.28280878631296,1.9964277966891384
