stock,minmax,BOP,MINUS_DM,STDDEV,ADXR,TAN,COS,HT_DCPHASE,SIN
2637,min,-1.0,2.4465002495563737,0.15909000472459253,10.638464765499663,-19.392303085036488,-0.998123267698993,-41.792933282920046,-0.9999966938555871
2637,max,1.0,6.315781273042057,2.3857847508950507,23.6650923258752,388.8866328345141,0.999961125723443,307.7437504363857,0.9986730757214282
