stock,minmax,BOP,MINUS_DM,STDDEV,ADXR,TAN,COS,HT_DCPHASE,SIN
2640,min,-1.0,0.8526765036965491,0.17782271396957278,25.41787453908043,-64.35002675383757,-0.9993876201527198,87.17781274624292,-0.9999987232402678
2640,max,2.0,15.763081140409724,5.84538955159306,35.4345993311907,690.1420136567074,1.9982943615501307,210.40726267266143,1.9998779991641507
