stock,minmax,BOP,MINUS_DM,STDDEV,ADXR,TAN,COS,HT_DCPHASE,SIN
2640,min,-1.0,0.8526765036965491,0.17782271396957278,25.41787453908043,-64.35002675383755,-0.9993876201527198,87.17781274624386,-0.9999987232402678
2640,max,1.0,16.615757644106274,6.023212265562633,60.852473870271126,625.7919869028698,0.9989067413974111,297.5850754189036,0.9998792759238828
