stock,minmax,BOP,MINUS_DM,STDDEV,ADXR,TAN,COS,HT_DCPHASE,SIN
2640,min,-1.0,0.8112336142880756,0.1691917799478978,25.417844840463097,-48.69901236772536,-0.9996096232520519,87.17873488609764,-0.9997892379661099
2640,max,1.0,15.808493217524916,5.730614992267045,60.85394671732955,39.97596233703459,0.999431905680859,297.5853459553248,0.9995264583065167
