stock,minmax,BOP,MINUS_DM,STDDEV,ADXR,TAN,COS,HT_DCPHASE,SIN
2645,min,-1.0,0.2482674749426098,0.0,22.750854814542286,-5.908695365471207,-0.999020813314648,-17.916461619459312,-0.9994153062834225
2645,max,1.0,19.507276446005317,7.5993454360232615,48.64263296686062,29.230098367957556,0.9998271922129018,310.521737080339,0.9950761903797442
