stock,minmax,BOP,MINUS_DM,STDDEV,ADXR,TAN,COS,HT_DCPHASE,SIN
2707,min,-1.0,10.436059047097537,1.5580833284371205,16.80532096475895,-371.55487077459804,-0.9997981977563196,-44.7168153931234,-0.9990811416212826
2707,max,0.9833353835466762,43.32516150135358,16.556509700463074,57.031658690506376,23.31101910858653,0.999929539812914,303.96746118123826,0.9999963782228275
