stock,minmax,BOP,MINUS_DM,STDDEV,ADXR,TAN,COS,HT_DCPHASE,SIN
2707,min,-1.0,10.436059047097537,1.5580833284371205,16.80532096475895,-371.55487077459804,-0.9997981977563196,-44.7168153931234,-0.9990811416212826
2707,max,1.983335383546676,32.88910245425604,14.998426372025953,40.22633772574743,394.8658898831846,1.9997277375692337,348.68427657436166,1.9990775198441102
