stock,minmax,BOP,MINUS_DM,STDDEV,ADXR,TAN,COS,HT_DCPHASE,SIN
2723,min,-1.0,8.731734024670008,0.7569875005264511,18.94273833553813,-14.444635641114363,-0.9989897067936303,-43.881696336963955,-0.9979803786330301
2723,max,2.0,18.39041302515736,4.797557189504889,26.441880174562165,30.15518656841662,1.9956068833156637,357.9952692810448,1.9928854453027778
