stock,minmax,BOP,MINUS_DM,STDDEV,ADXR,TAN,COS,HT_DCPHASE,SIN
2727,min,-1.0,1.616983216757406,0.7036788915739081,31.296378627164998,-25.97196883627772,-0.9996557735771462,-20.45279329986704,-0.9992595807357524
2727,max,2.0,30.163682906651474,16.36717463947293,37.13852972659474,35.036214103035896,1.999655054110061,332.8814893841005,1.9932289295514907
