stock,minmax,BOP,MINUS_DM,STDDEV,ADXR,TAN,COS,HT_DCPHASE,SIN
2729,min,-1.0,4.543763946977786,0.47129700372597416,18.870086487998606,-111.76248366729016,-0.9999342923725558,-37.47563821293568,-0.9983647613637235
2729,max,0.8846119464359152,29.567993655270538,12.28024609307771,56.66055010566666,15.322698761131395,0.9989984735394807,314.0129951545297,0.9999599731107378
