stock,minmax,BOP,MINUS_DM,STDDEV,ADXR,TAN,COS,HT_DCPHASE,SIN
2729,min,-1.0,4.543763946977786,0.47129700372597416,18.870086487998606,-111.76248366729016,-0.9999342923725558,-37.47563821293568,-0.9983647613637235
2729,max,1.8846119464359152,25.02422970829275,11.808949089351737,37.79046361766805,127.08518242842155,1.9989327659120364,351.48863336746535,1.9983247344744615
