stock,minmax,BOP,MINUS_DM,STDDEV,ADXR,TAN,COS,HT_DCPHASE,SIN
2731,min,-1.0,4.190818831489049,0.5542902871172547,34.36425597245219,-12.50350135072094,-0.9956159607831749,-40.8060325120552,-0.9968170534134845
2731,max,0.965517991874637,28.70477750815864,13.299816519997625,52.06872269287108,68.27058730575526,0.9998106199881949,297.2682941486677,0.999892741220886
