stock,minmax,BOP,MINUS_DM,STDDEV,ADXR,TAN,COS,HT_DCPHASE,SIN
2731,min,-1.0,4.408543777905229,0.5830951894846548,34.364169817498045,-66347.41756422931,-0.9997555067434422,-40.806170823597654,-0.9996478560364893
2731,max,0.9655172413793104,30.195959997710336,13.990711204224095,52.0683502176019,37.67126065305412,0.9974939203271522,297.2681846616561,0.9999999998864147
