stock,minmax,BOP,MINUS_DM,STDDEV,ADXR,TAN,COS,HT_DCPHASE,SIN
2731,min,-1.0,4.408543777905229,0.5830951894846548,34.364169817498045,-66347.41756422931,-0.9997555067434422,-40.806170823597654,-0.9996478560364893
2731,max,1.9655172413793105,25.787416219805106,13.407616014739439,17.70418040010386,66385.08882488236,1.9972494270705945,338.07435548525376,1.999647855922904
