stock,minmax,BOP,MINUS_DM,STDDEV,ADXR,TAN,COS,HT_DCPHASE,SIN
2732,min,-1.0,4.54472598566996,0.665725044182592,25.79007116462536,-27.634403860298605,-0.9904138857140461,-34.40370442087544,-0.9962866601021477
2732,max,1.0,22.284952837679633,10.395600856249244,48.2724573950885,434.8535659426364,0.9999666905313246,313.22389416370345,0.9999973558736127
