stock,minmax,BOP,MINUS_DM,STDDEV,ADXR,TAN,COS,HT_DCPHASE,SIN
2732,min,-1.0,4.668551823767678,0.6817447070657509,24.649250541670774,-60.32451486737692,-0.9954313807946399,-34.404000329738494,-0.9998626297045005
2732,max,2.0,18.160626527232456,9.963736247669127,23.45884277123519,100.32398597201347,1.995279947298417,347.6278849971389,1.9986292795050296
