stock,minmax,BOP,MINUS_DM,STDDEV,ADXR,TAN,COS,HT_DCPHASE,SIN
2732,min,-1.0,4.668551823767678,0.6817447070657509,24.649250541670774,-60.324514867376934,-0.9954313807946399,-34.404000329738665,-0.9998626297045005
2732,max,1.0,22.829178351000134,10.645480954734877,48.108093312905964,39.99947110463656,0.9998485665037773,313.2238846674004,0.998766649800529
