stock,minmax,BOP,MINUS_DM,STDDEV,ADXR,TAN,COS,HT_DCPHASE,SIN
2748,min,-1.0,2.9296400817654575,0.48161170001656906,19.86812700661519,-79.98286651991701,-0.9990114183928617,-38.680769918810654,-0.9999218506873455
2748,max,1.0,17.92686083732083,6.9071674248130766,55.033309804276314,21.385160478730157,0.9999528680944548,314.4353432185297,0.9958487688719216
