stock,minmax,BOP,MINUS_DM,STDDEV,ADXR,TAN,COS,HT_DCPHASE,SIN
2748,min,-1.0,2.9296400817654575,0.48161170001656906,19.86812700661519,-79.98286651991701,-0.9990114183928617,-38.680769918810654,-0.9999218506873455
2748,max,2.0,14.997220755555373,6.425555724796507,35.165182797661124,101.36802699864717,1.9989642864873165,353.11611313734034,1.9957706195592673
