stock,minmax,BOP,MINUS_DM,STDDEV,ADXR,TAN,COS,HT_DCPHASE,SIN
2753,min,-1.0,11.756116245325039,0.6323844475574644,22.593017055358594,-23.871489957897474,-0.9999628266208676,-44.2782808940168,-0.9991237262183297
2753,max,1.0,51.444172137833384,11.560959972421092,33.37455399590736,58.636081675822176,0.9957566883389012,312.08820550054224,0.9998546063636351
