stock,minmax,BOP,MINUS_DM,STDDEV,ADXR,TAN,COS,HT_DCPHASE,SIN
2755,min,-1.0,0.7919869688284056,0.14365512310478032,24.932065969416513,-10.135367704121897,-0.9990687337288561,-38.809271263765254,-0.9951679183654152
2755,max,2.0,12.00986484855778,6.1960414473626715,43.92081095296267,16.70087841685333,1.9980359206937912,341.13786852160484,1.990108111234195
