stock,minmax,BOP,MINUS_DM,STDDEV,ADXR,TAN,COS,HT_DCPHASE,SIN
2755,min,-1.0,0.7919869688284056,0.14365512310478032,24.932065969416513,-10.135367704121897,-0.9990687337288561,-38.80927126376537,-0.9951679183654152
2755,max,1.0,12.801851817386186,6.339696570467452,68.85287692237918,6.565510712731435,0.9989671869649351,302.32859725783953,0.9949401928687798
