stock,minmax,BOP,MINUS_DM,STDDEV,ADXR,TAN,COS,HT_DCPHASE,SIN
2881,min,-1.0,0.9452273971662996,0.11164666763019464,10.584261350791987,-886.0828356609311,-0.9999541589746528,-44.59875937248967,-0.9999993631737721
2881,max,1.0,5.017957471471929,1.0965943213382805,29.33681606878372,10.854134707949223,0.999929999919596,309.37707606915137,0.9787998655925251
