stock,minmax,BOP,MINUS_DM,STDDEV,ADXR,TAN,COS,HT_DCPHASE,SIN
2882,min,-1.0,1.0320470000171789,0.07918389730901579,11.890934786753018,-166.89191971997974,-0.9999948656049482,-40.82767317545597,-0.9999231107740753
2882,max,2.0,2.661125371383026,0.7066107511805925,19.628392928127944,247.52759221227177,1.9939632352879944,350.17186225174055,1.9999051598136428
