stock,minmax,BOP,MINUS_DM,STDDEV,ADXR,TAN,COS,HT_DCPHASE,SIN
2884,min,-1.0,0.41692889575653835,0.04877409148932022,12.126030304822837,-30.333332907548176,-0.9611241037593186,-42.2479245062317,-0.9998971136587183
2884,max,2.0,1.272871237997978,0.3814716680487054,12.365450679003061,100.03972841479023,1.9608000467454034,342.558936948181,1.0253531348498242
