stock,minmax,BOP,MINUS_DM,STDDEV,ADXR,TAN,COS,HT_DCPHASE,SIN
2884,min,-1.0,0.41692889575653835,0.04877409148932022,12.126030304822837,-30.333332907548176,-0.9611241037593186,-42.2479245062317,-0.9998971136587183
2884,max,1.0,1.6898001337545163,0.43024575953802563,24.491480983825898,69.70639550724206,0.9996759429860849,300.3110124419493,0.025456021191106005
