stock,minmax,BOP,MINUS_DM,STDDEV,ADXR,TAN,COS,HT_DCPHASE,SIN
2884,min,-1.0,0.3921891818045507,0.04585980376547658,12.120282954237293,-83.64233833019524,-0.9997970243270369,-42.24391595481876,-0.9999285386661266
2884,max,1.0,1.5894634363822966,0.40469916234356507,24.491136104013425,12.803583284487505,0.10177855533522813,300.3120516227925,0.8639434678311152
