stock,minmax,BOP,MINUS_DM,STDDEV,ADXR,TAN,COS,HT_DCPHASE,SIN
2885,min,-1.0,0.22687448122514703,0.02253530565151916,17.6674875330529,-30.90326628049633,-0.9998316696181075,-44.84557265246377,0.01834754557611304
2885,max,2.0,1.3351897932522323,0.28301629130049133,10.765824599797604,103.61406479867819,1.456593980049508,358.0881103983237,0.9815578937470962
