stock,minmax,BOP,MINUS_DM,STDDEV,ADXR,TAN,COS,HT_DCPHASE,SIN
2885,min,-1.0,0.22687448122514703,0.02253530565151916,17.6674875330529,-30.90326628049633,-0.9998316696181075,-44.84557265246377,0.01834754557611304
2885,max,1.0,1.5620642744773794,0.3055515969520105,28.433312132850503,72.71079851818186,0.45676231043140053,313.2425377458599,0.9999054393232093
