stock,minmax,BOP,MINUS_DM,STDDEV,ADXR,TAN,COS,HT_DCPHASE,SIN
2886,min,-0.9286853860880682,0.33993841001760694,0.07165250587969452,12.331561733651181,-15.34641849094643,-0.9976434083100654,-36.87025378446293,-0.9996991495070608
2886,max,1.0,1.9968273047808898,0.5628281385989098,44.06021403166667,40.75788390962602,0.9981172400463643,306.56175399529957,0.8677881505605322
