stock,minmax,BOP,MINUS_DM,STDDEV,ADXR,TAN,COS,HT_DCPHASE,SIN
2886,min,-0.9286460665770978,0.3632379158050093,0.07656750224715712,12.328737463276958,-33.12760975927932,-0.9992597049686507,-36.87015703854331,-0.996637408592398
2886,max,1.0,2.133906547509657,0.601479493914509,40.89538143710104,12.163275200683785,0.9997607853219732,306.5617953700907,0.9995447047451289
