stock,minmax,BOP,MINUS_DM,STDDEV,ADXR,TAN,COS,HT_DCPHASE,SIN
2890,min,-1.0,0.21822033249800857,0.02327015255332413,15.637349021484027,-0.6505521366600215,-0.9999974388101889,-37.63169377343297,-0.9028001537693017
2890,max,1.0,1.2436462305330735,0.2512935781105923,27.851280235767852,2.0992407418311663,-0.43006032408736017,309.64943099756766,0.5453136653848267
