stock,minmax,BOP,MINUS_DM,STDDEV,ADXR,TAN,COS,HT_DCPHASE,SIN
2890,min,-1.0,0.20376153596490443,0.022045407668822067,15.09999173782483,-4.779943061998691,-0.9998788947898652,-37.57156793512661,-0.24734265765775632
2890,max,1.0,1.143160637455622,0.23821087632486734,26.711697262011214,0.2552745293222621,-0.20477424465131655,309.6510536084228,0.9788092299970831
