stock,minmax,BOP,MINUS_DM,STDDEV,ADXR,TAN,COS,HT_DCPHASE,SIN
2891,min,-1.0,0.2729694223122657,0.042977231184000514,12.351787583690612,-25.077606526569447,-0.9997203854788798,-39.7949112043251,-0.9999660109886802
2891,max,1.0,1.8957234935836593,0.4896522790717694,40.46188430866711,121.28432208319394,0.36687937317759,304.1852298900518,0.9944875568977111
