stock,minmax,BOP,MINUS_DM,STDDEV,ADXR,TAN,COS,HT_DCPHASE,SIN
2892,min,-1.0,0.27206402331129265,0.048162209245085,14.64983098130294,-1.2920695086961425,0.12193337019327029,-42.5985092520844,-0.7908160988287699
2892,max,0.8333921637839744,1.4091539038684837,0.3068363146687156,29.00730653646974,8.140005369086223,0.999886882851967,308.7411487001224,0.9925382880439982
