stock,minmax,BOP,MINUS_DM,STDDEV,ADXR,TAN,COS,HT_DCPHASE,SIN
2892,min,-1.0,0.27206402331129265,0.048162209245085,14.64983098130294,-1.2920695086961425,0.12193337019327029,-42.5985092520844,-0.7908160988287699
2892,max,1.8333921637839743,1.1370898805571912,0.25867410542363056,14.3574755551668,9.432074877782366,0.8779535126586967,351.3396579522068,1.7833543868727681
