stock,minmax,BOP,MINUS_DM,STDDEV,ADXR,TAN,COS,HT_DCPHASE,SIN
2912,min,-1.0,3.1388422167936736,0.387160000141107,9.384386024674093,-4.480169545598825,-0.9949431066815679,-37.82088562715694,-0.9999492790259962
2912,max,2.0,9.073276906684898,5.8376492687862855,28.2755338831439,103.76312309056331,1.9876612556406243,351.1249216913277,1.975932617903302
