stock,minmax,BOP,MINUS_DM,STDDEV,ADXR,TAN,COS,HT_DCPHASE,SIN
2912,min,-1.0,3.1388422167936736,0.387160000141107,9.384386024674093,-4.480169545598825,-0.9949431066815679,-37.82088562715694,-0.9999492790259962
2912,max,1.0,12.21211912347857,6.224809268927393,37.659919907817994,99.28295354496449,0.9927181489590564,313.30403606417076,0.975983338877306
