stock,minmax,BOP,MINUS_DM,STDDEV,ADXR,TAN,COS,HT_DCPHASE,SIN
2912,min,-1.0,3.0370253677395707,0.3745999999107408,9.384274397668111,-25.22607800847464,-0.9794449980876464,-37.82103610131588,-0.9953294932721302
2912,max,1.0,11.816205919233877,6.0229335328757685,37.66019139511501,26.935550382658214,0.997763190318234,313.30447945140935,0.9993115543917002
