stock,minmax,BOP,MINUS_DM,STDDEV,ADXR,TAN,COS,HT_DCPHASE,SIN
3004,min,-1.0,3.0471438989680464,0.268358402155824,24.814841854874636,-41.97937213360144,-0.9968337233906542,-42.149240406823026,-0.9997163953519096
3004,max,2.0,15.489853989891449,9.938665177125783,17.354300152281716,76.45487376011886,1.9967528202913511,353.1690639526275,1.9970095289691514
