stock,minmax,BOP,MINUS_DM,STDDEV,ADXR,TAN,COS,HT_DCPHASE,SIN
3004,min,-1.0,3.0471438989680464,0.268358402155824,24.814841854874636,-41.97937213360143,-0.9968337233906542,-42.14924040682297,-0.9997163953519096
3004,max,1.0,18.536997888859496,10.207023579281607,42.16914200715635,34.47550162651741,0.999919096900697,311.01982354580446,0.9972931336172419
