stock,minmax,BOP,MINUS_DM,STDDEV,ADXR,TAN,COS,HT_DCPHASE,SIN
3006,min,-0.9302014064966729,4.018626904633676,0.510753619638014,16.70634208932706,-32.58431057385974,-0.996654909878726,-35.58048086618271,-0.9981295374146427
3006,max,0.9655245796978078,13.343974218541494,4.9985252862793,29.662152080288998,6.049555671513202,0.9998858613315459,307.1278126634501,0.9995294061117043
