stock,minmax,BOP,MINUS_DM,STDDEV,ADXR,TAN,COS,HT_DCPHASE,SIN
3006,min,-0.9302014064966729,4.018626904633676,0.510753619638014,16.70634208932706,-32.58431057385974,-0.996654909878726,-35.58048086618271,-0.9981295374146427
3006,max,1.8957259861944808,9.325347313907818,4.487771666641286,12.955809990961939,38.63386624537294,1.9965407712102718,342.7082935296328,1.997658943526347
