stock,minmax,BOP,MINUS_DM,STDDEV,ADXR,TAN,COS,HT_DCPHASE,SIN
3008,min,-1.0,77.03844890135133,8.687258257617795,15.549453356352046,-24.017239814198856,-0.9978932012809855,-39.34239408449099,-0.9995982650618676
3008,max,1.0,326.14524167600626,115.27821161833853,29.98390707569811,35.26828295669632,0.9935105624022924,298.35381797023945,0.9974085277937562
