stock,minmax,BOP,MINUS_DM,STDDEV,ADXR,TAN,COS,HT_DCPHASE,SIN
3008,min,-1.0,77.03844890135133,8.687258257617795,15.549453356352046,-24.017239814198852,-0.9978932012809855,-39.342394084490934,-0.9995982650618676
3008,max,2.0,249.10679277465493,106.59095336072073,14.434453719346063,59.28552277089518,1.991403763683278,337.6962120547304,1.9970067928556237
