stock,minmax,BOP,MINUS_DM,STDDEV,ADXR,TAN,COS,HT_DCPHASE,SIN
3017,min,-1.0,6.277048238247227,0.4454212163442284,12.654867079994998,-60.40484550483626,-0.9989209295246849,-27.289817029424285,-0.9999821343134223
3017,max,0.9444488219998411,19.67896869947584,9.962162739685263,44.8002620013659,167.28974820600249,0.9970649347224679,305.27794803126494,0.9998629947559975
