stock,minmax,BOP,MINUS_DM,STDDEV,ADXR,TAN,COS,HT_DCPHASE,SIN
3022,min,-1.0,3.1053770025702008,0.33487929410033174,20.110947389581007,-89.32441459700875,-0.9998418748813991,-42.91588809699692,-0.9998653152119685
3022,max,0.9264681111706592,13.250818938437472,5.668420658844953,43.212962957009,60.923080603194215,0.991938526801006,312.0914378090149,0.9999373402256841
