stock,minmax,BOP,MINUS_DM,STDDEV,ADXR,TAN,COS,HT_DCPHASE,SIN
3022,min,-1.0,2.99240352699464,0.3227053491953613,20.421846862998304,-47.22370655777981,-0.9979452515398848,-42.91593254273835,-0.9997758680171923
3022,max,0.9264726914459154,12.768492034669222,5.462157057426776,43.21246495452417,15.010889952062993,0.999722091585877,312.0911620960582,0.9977883596452185
