stock,minmax,BOP,MINUS_DM,STDDEV,ADXR,TAN,COS,HT_DCPHASE,SIN
3023,min,-0.9000061642146798,7.385097569618629,0.6601713599902829,11.107059510239901,-23.49967720910156,-0.9934060142828075,-28.782891363793794,-0.9999739001353833
3023,max,0.9285761460618916,24.026143405983234,11.526865872579886,38.04265170695115,237.7675133128323,0.9999152045652706,311.0026070946443,0.9999911557866347
