stock,minmax,BOP,MINUS_DM,STDDEV,ADXR,TAN,COS,HT_DCPHASE,SIN
3023,min,-0.9000061642146798,7.385097569618629,0.6601713599902829,11.107059510239901,-23.49967720910156,-0.9934060142828075,-28.782891363793738,-0.9999739001353833
3023,max,1.8285823102765715,16.641045836364604,10.866694512589604,26.935592196711248,261.26719052193386,1.9933212188480782,339.78549845843804,1.9999650559220181
