stock,minmax,BOP,MINUS_DM,STDDEV,ADXR,TAN,COS,HT_DCPHASE,SIN
3023,min,-0.9000021221960521,7.150307384083505,0.6391667773969871,11.106973929634542,-7.202025588036889,-0.9998552180274594,-28.78261892494885,-0.9998600935580242
3023,max,0.9285730526985942,23.262367147731357,11.16045131863962,38.04266995441242,66.24680533507232,0.9998816855031918,311.002579954746,0.9998860889347261
