stock,minmax,BOP,MINUS_DM,STDDEV,ADXR,TAN,COS,HT_DCPHASE,SIN
3027,min,-1.0,2.980007022384317,0.2419450069725327,15.095514845306646,-83.38610989635269,-0.9999992567885886,-35.24952861050252,-0.9997837049253846
3027,max,1.0,8.040160180433602,2.608790723227669,43.917146261466584,51.29271339884006,0.9925188154788827,310.274040183534,0.9999280988667409
