stock,minmax,BOP,MINUS_DM,STDDEV,ADXR,TAN,COS,HT_DCPHASE,SIN
3027,min,-1.0,3.0096110806989285,0.2443635848468633,15.094875330063541,-40.95218576089022,-0.9989700596981141,-35.24947823420689,-0.9997019962936915
3027,max,1.0,8.119852780558908,2.6346350209467184,43.91663970475854,27.448682128172734,0.9990137031292271,310.2746008799856,0.9994218339197543
