stock,minmax,BOP,MINUS_DM,STDDEV,ADXR,TAN,COS,HT_DCPHASE,SIN
3029,min,-0.8947680978680446,0.5021693144434021,0.149874040454872,14.907236364743444,-30.77309883456775,-0.9999998544257473,-35.9578850966617,-0.9994724255544677
3029,max,1.0,5.2188168779893385,2.7794384910639116,66.69580887277347,23.87286328987649,0.999956260342854,287.5043252175543,0.9991238269016106
