stock,minmax,BOP,MINUS_DM,STDDEV,ADXR,TAN,COS,HT_DCPHASE,SIN
3034,min,-0.964283900209039,6.418703954733264,0.6199403467018612,19.557174811027647,-12.07079172143415,-0.9999983332692975,-40.92256981596779,-0.996586544878725
3034,max,0.9772739704909721,58.75223472144532,13.435023265387214,62.30889998294428,12.071850563455584,0.9984450139760933,314.7223985610264,0.9965859490637328
