stock,minmax,BOP,MINUS_DM,STDDEV,ADXR,TAN,COS,HT_DCPHASE,SIN
3034,min,-0.9642827672706867,6.577018959906744,0.5870784830683726,19.515485380542444,-43.429086595042094,-0.9994224839774802,-40.922545658966555,-0.9997350060499592
3034,max,0.9772734433253875,55.64712022863722,12.723244314454234,61.42752355142344,22.427383016040537,0.9999414813485289,314.72240359458795,0.9990074193119801
