stock,minmax,BOP,MINUS_DM,STDDEV,ADXR,TAN,COS,HT_DCPHASE,SIN
3035,min,-1.0,8.511446675095113,0.6740848949127304,16.697376435396617,-87.54332556341912,-0.9997784175898902,-33.385310175011,-0.9999347648860955
3035,max,2.0,35.063343458911916,10.015783642162871,18.548980309118225,92.929062903056,1.998863125061731,331.3137296718784,1.997019917702959
