stock,minmax,BOP,MINUS_DM,STDDEV,ADXR,TAN,COS,HT_DCPHASE,SIN
3037,min,-0.9375008195968869,7.386491770956624,0.8199736444272163,13.434097761957279,-50.50475330607505,-0.9994283784137867,-39.057739237575504,-0.9919184992798059
3037,max,0.9285724990633191,25.69469567475039,8.739488635519336,31.698455822438937,14.794995105502066,0.9999051019711582,312.8360788475411,0.9998040353112981
