stock,minmax,BOP,MINUS_DM,STDDEV,ADXR,TAN,COS,HT_DCPHASE,SIN
3037,min,-0.9375050033355568,7.259821929754809,0.8059239552228382,13.433160816631725,-23.744477366104455,-0.9999005796869795,-39.05767131574106,-0.9992302412710548
3037,max,0.9285768743995991,25.27642819231371,8.589609442716924,31.698128855077783,25.4716367021373,0.9992297145199894,312.83639010667946,0.9977334106667384
