stock,minmax,BOP,MINUS_DM,STDDEV,ADXR,TAN,COS,HT_DCPHASE,SIN
3038,min,-1.0,0.3216496576767441,0.04462970311860249,15.182638938403429,-183.56014894960717,-0.999536391188267,-14.036980512817081,-0.991953310688999
3038,max,2.0,2.8544397427121653,1.2708043773284428,31.170314113373685,191.67333775708192,1.9991972633465018,236.9861162575191,1.991938471726589
