stock,minmax,BOP,MINUS_DM,STDDEV,ADXR,TAN,COS,HT_DCPHASE,SIN
3042,min,-1.0,1.5898774906785784,0.22257172871278122,13.046400436038267,-43.89058764087916,-0.9994517041330058,-37.15225304093326,-0.996025445416555
3042,max,1.0,5.670684072673915,2.48132735575476,27.42920334132721,6.382287528617268,0.9999456738753657,313.8314531036766,0.9997405473150583
