stock,minmax,BOP,MINUS_DM,STDDEV,ADXR,TAN,COS,HT_DCPHASE,SIN
3044,min,-1.0,1.9111092139687889,0.2970643634037295,21.7444936821962,-292.0493456154087,-0.9991036743731028,-36.80050758619586,-0.9996340656958467
3044,max,1.9333617202469624,11.20164075470337,5.143545069885818,18.745613496197684,329.00358113214855,1.99903328709637,340.6411022395565,1.9996282035892612
