stock,minmax,BOP,MINUS_DM,STDDEV,ADXR,TAN,COS,HT_DCPHASE,SIN
3044,min,-1.0,1.9111092139687889,0.2970643634037295,21.7444936821962,-292.0493456154087,-0.9991036743731028,-36.800507586195636,-0.9996340656958467
3044,max,0.9333617202469624,13.112749968672158,5.440609433289547,40.490107178393885,36.95423551673987,0.9999296127232672,303.84059465336065,0.9999941378934145
