stock,minmax,BOP,MINUS_DM,STDDEV,ADXR,TAN,COS,HT_DCPHASE,SIN
3045,min,-1.0,1.101605922371628,0.0,12.103061782992523,-24.126747044713497,-0.9894750998973538,-39.55868025689887,-0.9990763610014475
3045,max,1.0,4.5258573793317165,1.427245109439515,29.364617798295324,23.25053018489671,0.9995040955098584,299.4053320084935,0.9991421460785485
