stock,minmax,BOP,MINUS_DM,STDDEV,ADXR,TAN,COS,HT_DCPHASE,SIN
3045,min,-1.0,1.1440527160950191,0.0,12.212622890911707,-12.958511316443031,-0.9997875586917557,-39.555900351197465,-0.9998254725842991
3045,max,1.0,4.700032017221856,1.482148094362009,29.36438341981572,53.51756191578986,0.9997247115165444,299.40603342282185,0.9952821332634842
