stock,minmax,BOP,MINUS_DM,STDDEV,ADXR,TAN,COS,HT_DCPHASE,SIN
3081,min,-1.0,9.017740039000303,0.43111390612615036,22.571951637254337,-60.979330157876916,-0.9997315351665905,-42.69966794519871,-0.9890873459604502
3081,max,0.9523818932643102,32.28982936782894,8.769962960791707,33.8050379040499,6.713400009683561,0.9923084143598324,312.9578639809929,0.9998655635235916
