stock,minmax,BOP,MINUS_DM,STDDEV,ADXR,TAN,COS,HT_DCPHASE,SIN
3081,min,-1.0,9.126168150947604,0.4325897114489534,22.526068759584923,-7.273756600854095,-0.9872410622991612,-42.69965665701966,-0.9825605515975302
3081,max,0.9523851720573037,32.40084672008163,8.799663357109337,33.79617435597274,31.547345673607058,0.9980148722134122,312.9578639057846,0.9994979843853603
