stock,minmax,BOP,MINUS_DM,STDDEV,ADXR,TAN,COS,HT_DCPHASE,SIN
3088,min,-1.0,1.1803230951981343,0.08687115508900078,20.36814219126846,-159.79470824100196,-0.9999701157165839,-44.63284087222962,-0.9999804191084468
3088,max,1.0,7.746877766808519,2.5879220402448757,50.59813645832961,30.63134608348854,0.9983451241096734,313.7741612380155,0.9994675352494704
