stock,minmax,BOP,MINUS_DM,STDDEV,ADXR,TAN,COS,HT_DCPHASE,SIN
3088,min,-1.0,1.1261901574448352,0.08286624401801856,20.645810282778992,-20.62342595399353,-0.9993457520236289,-44.6331576605138,-0.9988365778625642
3088,max,1.0,7.3914960877258835,2.469228579131793,50.598557117472055,20.712719904028493,0.9997100316365972,313.77695264101277,0.9988264992007468
