stock,minmax,BOP,MINUS_DM,STDDEV,ADXR,TAN,COS,HT_DCPHASE,SIN
3131,min,-1.0,9.940127902521432,1.1539666665758488,18.6035221607112,-87.70332505375127,-0.999951423320499,-13.910858745647374,-0.9999350026660774
3131,max,1.0,37.88281568815759,36.31843799865496,54.368204597590804,17.599478495100065,0.9989636070593971,298.1454923683969,0.9983896496565853
