stock,minmax,BOP,MINUS_DM,STDDEV,ADXR,TAN,COS,HT_DCPHASE,SIN
3131,min,-1.0,9.971685744278934,1.1667183335687563,18.603565198440066,-23.540390395669153,-0.9966626484182263,-13.910809903053064,-0.999098936529872
3131,max,1.0,38.3011791191112,36.719439332837496,54.833179993231866,12.745540007090359,0.99432824007096,298.1456255167102,0.9876957439302725
