stock,minmax,BOP,MINUS_DM,STDDEV,ADXR,TAN,COS,HT_DCPHASE,SIN
3152,min,-1.0,9.921983805005937,0.5003863971722814,19.391052324000157,-281.9027638582509,-0.9965969517483501,-44.088815998459836,-0.9963296495834835
3152,max,1.0,32.01152249013853,13.320374408706028,38.07833484358414,12.577389874743664,0.9960522617865811,314.7748519855669,0.9999937083111335
