stock,minmax,BOP,MINUS_DM,STDDEV,ADXR,TAN,COS,HT_DCPHASE,SIN
3162,min,-1.0,3.5881101880596815,0.27856776555361157,15.2308943416657,-45.18308791052113,-0.9959292932301297,-38.16916603826928,-0.9997551733586199
3162,max,2.0,6.592509970368273,2.565795080498055,10.390731383277714,72.73531343140421,1.9953336220045885,351.01336052289435,1.99909717043993
