stock,minmax,BOP,MINUS_DM,STDDEV,ADXR,TAN,COS,HT_DCPHASE,SIN
3162,min,-1.0,3.5881101880596815,0.27856776555361157,15.2308943416657,-45.18308791052113,-0.9959292932301297,-38.16916603826928,-0.9997551733586199
3162,max,1.0,10.180620158427955,2.8443628460516663,25.621625724943414,27.55222552088308,0.9994043287744588,312.84419448462506,0.9993419970813103
