stock,minmax,BOP,MINUS_DM,STDDEV,ADXR,TAN,COS,HT_DCPHASE,SIN
3217,min,-0.9755981744796473,3.5127167752202255,0.14792000010042383,16.92003205362034,-21.927797063602082,-0.9986327528072502,-40.151353813385356,-0.9995049048407707
3217,max,1.0,13.543190897542623,4.171840421497412,53.98667921919896,31.767230389692326,0.9983114853934255,313.9455858395602,0.9986795841258796
