stock,minmax,BOP,MINUS_DM,STDDEV,ADXR,TAN,COS,HT_DCPHASE,SIN
3217,min,-0.9755981744796473,3.5127167752202255,0.14792000010042383,16.92003205362034,-21.927797063602082,-0.9986327528072502,-40.151353813385356,-0.9995049048407707
3217,max,1.9755981744796474,10.030474122322397,4.023920421396988,37.06664716557862,53.695027453294415,1.9969442382006757,354.09693965294554,1.9981844889666505
