stock,minmax,BOP,MINUS_DM,STDDEV,ADXR,TAN,COS,HT_DCPHASE,SIN
3218,min,-0.9444362383062489,12.001208095331071,2.0464645324711968,21.557128592308818,-31.184861385085604,-0.9924447755843226,-44.176765038174835,-0.9995453064344698
3218,max,0.9583360259972855,38.773691807572945,21.143390653881955,42.84721882781467,80.31815000666886,0.9999995493826629,308.65983490314585,0.9999225017094321
