stock,minmax,BOP,MINUS_DM,STDDEV,ADXR,TAN,COS,HT_DCPHASE,SIN
3227,min,-1.0,3.762940743496572,0.27234178821687516,15.338857247314635,-15.51950164658677,-0.9893940249097918,-43.16045014430267,-0.997930503599015
3227,max,2.0,6.948709699762599,5.1896385986396885,21.180559987869266,24.210236782158667,1.9888451082022285,351.8080994576387,1.9913755383585316
