stock,minmax,BOP,MINUS_DM,STDDEV,ADXR,TAN,COS,HT_DCPHASE,SIN
3227,min,-1.0,3.762940743496572,0.27234178821687516,15.338857247314635,-15.51950164658677,-0.9893940249097918,-43.16045014430267,-0.997930503599015
3227,max,1.0,10.71165044325917,5.461980386856563,36.5194172351839,8.690735135571899,0.9994510832924368,308.64764931333605,0.9934450347595166
