stock,minmax,BOP,MINUS_DM,STDDEV,ADXR,TAN,COS,HT_DCPHASE,SIN
3231,min,-0.9166812532819895,0.46820028370251937,0.0555518280571755,33.5460101866758,-18.54531970607509,-0.9999358741302351,26.711134207336293,-0.9992550807165188
3231,max,1.0,4.0895646085850075,5.113341960948864,56.559210727275584,25.893314869577086,0.9999567288054002,298.58578828469757,0.9992275333619163
