stock,minmax,BOP,MINUS_DM,STDDEV,ADXR,TAN,COS,HT_DCPHASE,SIN
3264,min,-1.0,1.1838926652990553,0.1980108340630633,17.706116650829276,-9387.648530586936,-0.9853682394542028,-35.99390409755563,-0.9997599007734308
3264,max,1.0,5.902185852591528,1.5430163900639282,37.200768559149076,21.407446829621932,0.9947225317107223,308.48070118379025,0.9999999943264308
