stock,minmax,BOP,MINUS_DM,STDDEV,ADXR,TAN,COS,HT_DCPHASE,SIN
3289,min,-1.0,4.805029158341203,0.45310832523861594,12.787266512329172,-24.92759849118426,-0.9992616187536915,-38.49441527953485,-0.9993371321029892
3289,max,1.0,14.737303731201662,4.265533831351451,28.303071786210555,27.450832228319957,0.998188184251923,311.72809242566825,0.9991963159974486
