stock,minmax,BOP,MINUS_DM,STDDEV,ADXR,TAN,COS,HT_DCPHASE,SIN
3289,min,-1.0,4.8306205652721825,0.4555127897380686,12.78726274324622,-144.8826880629982,-0.999200040800212,-38.4947197455914,-0.9999761811111675
3289,max,1.0,14.81585773429152,4.288272571281527,28.30329086317567,15.056291619985382,0.999369100211233,311.72769678777513,0.9978016338826158
