stock,minmax,BOP,MINUS_DM,STDDEV,ADXR,TAN,COS,HT_DCPHASE,SIN
3289,min,-1.0,4.8306205652721825,0.4555127897380686,12.78726274324622,-144.8826880629982,-0.999200040800212,-38.4947197455914,-0.9999761811111675
3289,max,2.0,9.985237169019337,3.8327597815434586,15.516028119929448,159.9389796829836,1.998569141011445,350.2224165333665,1.9977778149937833
