stock,minmax,BOP,MINUS_DM,STDDEV,ADXR,TAN,COS,HT_DCPHASE,SIN
3293,min,-1.0,3.2371060811389585,1.011871781564659,16.63617356727521,-62.585849339992585,-0.9999089430701611,-43.801038536773774,-0.99978285586868
3293,max,0.9230705173045558,32.36334463752719,9.593269282572496,60.44440391344659,13.232056773383663,0.9998314906444343,313.8090914563882,0.9998723753519444
