stock,minmax,BOP,MINUS_DM,STDDEV,ADXR,TAN,COS,HT_DCPHASE,SIN
3293,min,-1.0,6.632634304488711,2.0732941972907306,16.636134957636028,-21.16487549474719,-0.9990251737742512,-43.800744356738846,-0.9988856742208155
3293,max,1.9230781736451492,59.678082194088795,17.58283645104326,43.808280110815545,61.24083723742787,1.9956173419360799,357.60974547005145,1.9985745030521445
