stock,minmax,BOP,MINUS_DM,STDDEV,ADXR,TAN,COS,HT_DCPHASE,SIN
3293,min,-1.0,6.632634304488711,2.0732941972907306,16.636134957636028,-21.16487549474719,-0.9990251737742512,-43.800744356738846,-0.9988856742208155
3293,max,0.9230781736451493,66.3107164985775,19.656130648333992,60.444415068451576,40.075961742680676,0.9965921681618287,313.8090011133126,0.9996888288313289
