stock,minmax,BOP,MINUS_DM,STDDEV,ADXR,TAN,COS,HT_DCPHASE,SIN
3324,min,-1.0,7.56796759409808,1.0978913643826373,14.420868647535173,-88.77743439813763,-0.9991862395308702,-39.5448407982052,-0.9999365657953525
3324,max,2.0,28.498120827543758,11.570095457681392,28.58699530238841,100.0331033206995,1.9949266052005428,351.84486076959615,1.9981059151783958
