stock,minmax,BOP,MINUS_DM,STDDEV,ADXR,TAN,COS,HT_DCPHASE,SIN
3324,min,-1.0,7.494767650911875,1.0872971288271895,14.420810688724508,-7.557501216085238,-0.9968842805419802,-39.545202557982805,-0.9992459636355493
3324,max,1.0,35.71756776324243,12.545561126868174,42.86275668636853,25.736124172088257,0.9999222373582388,312.29995439811717,0.9986700864849654
