stock,minmax,BOP,MINUS_DM,STDDEV,ADXR,TAN,COS,HT_DCPHASE,SIN
3324,min,-1.0,7.56796759409808,1.0978913643826373,14.420868647535173,-88.77743439813763,-0.9991862395308702,-39.5448407982052,-0.9999365657953525
3324,max,1.0,36.06608842164184,12.667986822064028,43.00786394992358,11.25566892256186,0.9957403656696726,312.30001997139095,0.9981693493830432
