stock,minmax,BOP,MINUS_DM,STDDEV,ADXR,TAN,COS,HT_DCPHASE,SIN
3376,min,-1.0,2.0562509757775262,0.09520654174101836,13.636050349759412,-73.59342902878033,-0.9979655752609033,-43.910525836007025,-0.999916822290082
3376,max,0.9464384740414945,6.317433509941303,2.0894865334785355,29.013674049764866,77.52725882144047,0.999541262535234,313.6990296017152,0.9998016031026058
