stock,minmax,BOP,MINUS_DM,STDDEV,ADXR,TAN,COS,HT_DCPHASE,SIN
3376,min,-1.0,2.0562509757775262,0.09520654174101836,13.636050349759412,-73.59342902878035,-0.9979655752609033,-43.91052583600697,-0.999916822290082
3376,max,1.9464384740414946,4.261182534163776,1.9942799917375171,15.377623700005454,151.1206878502208,1.9975068377961374,357.6095554377222,1.9997184253926878
