stock,minmax,BOP,MINUS_DM,STDDEV,ADXR,TAN,COS,HT_DCPHASE,SIN
3376,min,-1.0,2.0004176390440045,0.09265703227284183,13.60529258414774,-48.3318617450045,-0.9994687207379883,-43.90998697220925,-0.9997860247484887
3376,max,0.9464197967647441,6.145963695434916,2.032804486816151,28.999484832748138,31.332099362366993,0.9999614884048404,313.69957530050004,0.9994910684481298
