stock,minmax,BOP,MINUS_DM,STDDEV,ADXR,TAN,COS,HT_DCPHASE,SIN
3406,min,-1.0,18.208087906180364,1.4845248846836594,11.771470820019072,-107.04992626218346,-0.9997516124033223,-41.311336604653434,-0.9998517032327128
3406,max,1.0,71.60855457636336,11.493030877458995,27.89940033623442,58.059173968161794,0.9983911079510072,314.4192846878624,0.9999563716450978
