stock,minmax,BOP,MINUS_DM,STDDEV,ADXR,TAN,COS,HT_DCPHASE,SIN
3406,min,-1.0,18.57660904929089,1.5146109908897893,11.771574778088338,-60.086403254773984,-0.9991302188363473,-41.311308708755405,-0.990397572183118
3406,max,1.0,73.05755288503775,11.725591552262275,27.899268298841164,374.03659091008905,0.9817993968181646,314.41933820623115,0.9999964261238682
