stock,minmax,BOP,MINUS_DM,STDDEV,ADXR,TAN,COS,HT_DCPHASE,SIN
3413,min,-1.0,4.392179658710271,0.35967999998138844,16.01295958538574,-11.655654241340768,-0.99491727987495,-42.43665412232406,-0.9958174313642482
3413,max,1.0,18.68435364929294,4.969733504080237,38.1335309155525,2.990901557974515,0.9943050798394714,313.10015428707993,0.9963397801802579
