stock,minmax,BOP,MINUS_DM,STDDEV,ADXR,TAN,COS,HT_DCPHASE,SIN
3443,min,-0.9499997452475957,49.256869918896356,7.636854078707832,17.440254136015817,-32.39341797534723,-0.9999983329313161,-40.70144160370262,-0.9998980110069967
3443,max,1.9499997452475957,196.594265520318,83.98102278646067,27.76192713770849,102.40584425262061,1.9995365809506658,353.79711905716994,1.9994218583820342
