stock,minmax,BOP,MINUS_DM,STDDEV,ADXR,TAN,COS,HT_DCPHASE,SIN
3443,min,-0.9499997452475957,49.256869918896356,7.636854078707832,17.440254136015817,-32.39341797534723,-0.9999983329313161,-40.70144160370262,-0.9998980110069967
3443,max,1.0,245.85113543921437,91.6178768651685,45.20218127372431,70.01242627727338,0.9995382480193495,313.0956774534673,0.9995238473750374
