stock,minmax,BOP,MINUS_DM,STDDEV,ADXR,TAN,COS,HT_DCPHASE,SIN
3454,min,-1.0,19.407047886688726,0.8130064526326385,21.6862181775462,-15.197001654397686,-0.9960260659418984,-44.32860144452593,-0.9978420239776667
3454,max,1.0,53.24858780534108,22.036873161953608,44.17109086839617,16.176146637673853,0.9996146832754197,311.96714507590764,0.9980946391343168
