stock,minmax,BOP,MINUS_DM,STDDEV,ADXR,TAN,COS,HT_DCPHASE,SIN
3454,min,-1.0,18.858792199972488,0.7900341587778695,21.878917249314796,-437.82001679885224,-0.9913031095161231,-44.328634944997475,-0.9999973915826607
3454,max,1.0,51.74406314898038,21.414295516163985,44.171438056201694,63.94158507125517,0.9947090010783507,311.9670878800879,0.9998777289757371
