stock,minmax,BOP,MINUS_DM,STDDEV,ADXR,TAN,COS,HT_DCPHASE,SIN
3479,min,-0.9066635368680492,4.584753183682468,0.6285913190484698,30.85657506555522,-116.5474324517228,-0.9999878424835545,-35.26033314882238,-0.9997258411613641
3479,max,0.9874975930459653,12.668239044994932,6.408092625421908,44.7202657937456,32.64033605735528,0.9994091927079265,307.8533058391998,0.9999631921369158
