stock,minmax,BOP,MINUS_DM,STDDEV,ADXR,TAN,COS,HT_DCPHASE,SIN
3481,min,-1.0,0.5632215885909155,0.06735462567474532,19.01733322712226,-37.397956425402846,-0.9914008127566525,-39.95311841507913,-0.9300947148757203
3481,max,0.8749076582122616,1.8382804973157891,0.7005083542683127,37.36187021216908,41.542750015114635,0.9921690425323522,302.402060799153,0.9997104051503523
