stock,minmax,BOP,MINUS_DM,STDDEV,ADXR,TAN,COS,HT_DCPHASE,SIN
3481,min,-1.0,0.5632215885909155,0.06735462567474532,19.01733322712226,-37.397956425402846,-0.9914008127566525,-39.95311841507919,-0.9300947148757203
3481,max,1.8749076582122615,1.2750589087248736,0.6331537285935673,18.34453698504682,78.94070644051749,1.9835698552890046,342.3551792142322,1.9298051200260726
