stock,minmax,BOP,MINUS_DM,STDDEV,ADXR,TAN,COS,HT_DCPHASE,SIN
3481,min,-1.0,0.5864613948738434,0.07021898319096251,19.448204406048895,-20.802981268414005,-0.9991692930308896,-39.95369711468851,-0.721618058871077
3481,max,0.8750590458195537,1.9167290704862858,0.7303462702037776,37.58242604853237,17.26173073137244,0.9971910195391281,302.40117555273207,0.9988466344058656
