stock,minmax,BOP,MINUS_DM,STDDEV,ADXR,TAN,COS,HT_DCPHASE,SIN
3491,min,-1.0,7.0379714909179505,0.6607345870089011,11.53752930431425,-13.688887874555535,-0.9999000314994368,-43.96806772035109,-0.9996772603741988
3491,max,1.931034482758621,20.14223436186275,7.789573025952625,27.982967906116414,361.7458847740084,1.9982468705733236,348.3234332358193,1.9996731330690598
