stock,minmax,BOP,MINUS_DM,STDDEV,ADXR,TAN,COS,HT_DCPHASE,SIN
3491,min,-1.0,7.0379714909179505,0.6607345870089011,11.53752930431425,-13.688887874555535,-0.9999000314994368,-43.96806772035109,-0.9996772603741988
3491,max,0.931034482758621,27.180205852780702,8.450307612961526,39.52049721043066,348.0569968994529,0.9983468390738868,304.35536551546824,0.9999958726948609
