stock,minmax,BOP,MINUS_DM,STDDEV,ADXR,TAN,COS,HT_DCPHASE,SIN
3491,min,-1.0,6.959400895539465,0.6533742848212339,11.53591537033744,-321.77767789664824,-0.9917033704100822,-43.967698877544876,-0.9999951710241667
3491,max,0.9310357170982451,26.876726797474365,8.355951534713295,39.520345431814036,13.149491207917599,0.999976721774283,304.35595456030626,0.9971207901979106
