stock,minmax,BOP,MINUS_DM,STDDEV,ADXR,TAN,COS,HT_DCPHASE,SIN
3504,min,-1.0,5.163366290598962,0.3544009029569127,12.847461295765527,-161.23555963803662,-0.9992074342602034,-40.76758860960189,-0.9999807674966553
3504,max,1.0,14.234183958908549,4.00968826718709,26.428949829906827,19.137730929850385,0.9998271922129018,309.5900670219945,0.9995201585807313
