stock,minmax,BOP,MINUS_DM,STDDEV,ADXR,TAN,COS,HT_DCPHASE,SIN
3504,min,-1.0,5.163366290598962,0.3544009029569127,12.847461295765527,-161.23555963803662,-0.9992074342602034,-40.767588609602,-0.9999807674966553
3504,max,2.0,9.070817668309587,3.655287364230177,13.5814885341413,180.373290567887,1.9990346264731054,350.3576556315965,1.9995009260773866
