stock,minmax,BOP,MINUS_DM,STDDEV,ADXR,TAN,COS,HT_DCPHASE,SIN
3529,min,-0.8999985764342918,95.67870884646292,9.013472499688202,15.410096602755956,-19.581854423475704,-0.9930602341025617,-42.23071881758335,-0.9964015251680892
3529,max,1.899998576434292,275.26321848800444,106.23866640752976,21.762792802409194,31.33762772044132,1.9929682732171814,341.9748423604297,1.9951001157881758
