stock,minmax,BOP,MINUS_DM,STDDEV,ADXR,TAN,COS,HT_DCPHASE,SIN
3532,min,-1.0,7.158243734527147,0.5726866668950599,12.758067741960517,-27.90003270833523,-0.999705155627696,-38.43656495515029,-0.9970011916813679
3532,max,1.888901822922727,16.588344716063535,5.385212992016424,10.703632941948321,51.16405024644978,1.9978064631803947,349.0021232717086,1.9963594763978831
