stock,minmax,BOP,MINUS_DM,STDDEV,ADXR,TAN,COS,HT_DCPHASE,SIN
3532,min,-1.0,7.158243734527147,0.5726866668950599,12.758067741960517,-27.90003270833523,-0.999705155627696,-38.43656495515029,-0.9970011916813679
3532,max,0.888901822922727,23.746588450590682,5.957899658911484,23.461700683908838,23.264017538114548,0.9981013075526985,310.56555831655834,0.9993582847165152
