stock,minmax,BOP,MINUS_DM,STDDEV,ADXR,TAN,COS,HT_DCPHASE,SIN
3532,min,-1.0,6.942027672645797,0.5554066667737037,12.771652244686612,-13.284453061002656,-0.9981512833253636,-38.4366178185727,-0.9971787489372668
3532,max,0.8888755521413504,23.029065126248444,5.777922573857589,23.462847913143158,43.145787765170354,0.9992972778780211,310.56566442657873,0.9997315160864778
