stock,minmax,BOP,MINUS_DM,STDDEV,ADXR,TAN,COS,HT_DCPHASE,SIN
3533,min,-1.0,49.619115902864,3.1895449271140626,12.740441161481748,-93.12861086451112,-0.9999343504825753,-42.41741070700772,-0.9867411555386664
3533,max,2.0,97.44313577158363,49.960571783658324,16.209509632667007,106.37108005472444,1.9868707219651505,347.5757546725479,1.9866835099338092
