stock,minmax,BOP,MINUS_DM,STDDEV,ADXR,TAN,COS,HT_DCPHASE,SIN
3533,min,-1.0,49.619115902864,3.1895449271140626,12.740441161481748,-93.12861086451112,-0.9999343504825753,-42.41741070700772,-0.9867411555386664
3533,max,1.0,147.06225167444762,53.15011671077239,28.949950794148755,13.242469190213335,0.9869363714825751,305.15834396554015,0.9999423543951428
