stock,minmax,BOP,MINUS_DM,STDDEV,ADXR,TAN,COS,HT_DCPHASE,SIN
3551,min,-1.0,0.9915945210653256,0.0,16.834594791794146,-18.154034482011497,-0.999706235721263,-42.38549701808063,-0.9991770921042271
3551,max,1.0,3.2926482257564653,1.2781620532684943,37.266616701227875,34.27901987705569,0.9999163798094054,309.36316842881854,0.9995747580279541
