stock,minmax,BOP,MINUS_DM,STDDEV,ADXR,TAN,COS,HT_DCPHASE,SIN
3558,min,-0.9696956048976019,8.782404162677695,1.3971376330402012,12.21365892902007,-1044.3820533554408,-0.9999269482916997,-43.35936537664861,-0.9999995415933544
3558,max,0.9714271848194026,60.27955685288713,20.28243398480715,53.45497873284118,50.10776117498226,0.9998509573920877,309.8558944908971,0.9911236516937747
