stock,minmax,BOP,MINUS_DM,STDDEV,ADXR,TAN,COS,HT_DCPHASE,SIN
3558,min,-0.9696956048976019,8.782404162677695,1.3971376330402012,12.21365892902007,-1044.3820533554406,-0.9999269482916997,-43.3593653766485,-0.9999995415933544
3558,max,1.9411227897170045,51.49715269020944,18.885296351766947,41.241319803821106,1094.4898145304228,1.9997779056837874,353.2152598675452,1.991123193287129
