stock,minmax,BOP,MINUS_DM,STDDEV,ADXR,TAN,COS,HT_DCPHASE,SIN
3587,min,-1.0,8.845388138695261,0.3809599999756536,12.911243112634144,-82.25781424782718,-0.9996854818217188,-44.740490690277454,-0.9980650341705593
3587,max,1.0,24.42633912533305,9.681459373956585,31.459977560467777,16.05156497366607,0.997267625404716,311.8538487493414,0.999926113084172
