stock,minmax,BOP,MINUS_DM,STDDEV,ADXR,TAN,COS,HT_DCPHASE,SIN
3587,min,-1.0,8.573095063968374,0.3692000001202977,13.187543379347883,-124.99140603506214,-0.9999999966988435,-44.74040862942286,-0.9967126326589263
3587,max,1.0,23.67420872433958,9.383332795681495,31.690152065276187,12.302349526173696,0.9812030044727835,311.8537234201834,0.9999679971357767
