stock,minmax,BOP,MINUS_DM,STDDEV,ADXR,TAN,COS,HT_DCPHASE,SIN
3591,min,-1.0,0.5685335063803209,0.08469340942401872,21.179598690560056,-183.31294260574538,-0.9997741969688132,-44.10160113183474,-0.9999851209893853
3591,max,2.0,3.4567081107736954,1.2003402113034916,29.274743275865674,270.62822363066715,1.9997647614748126,356.7157214615379,1.999919544710158
