stock,minmax,BOP,MINUS_DM,STDDEV,ADXR,TAN,COS,HT_DCPHASE,SIN
3592,min,-1.0,11.062787882455709,1.1944800000061802,25.574255976812466,-34.5993470936302,-0.9988152062626635,-37.724713996248056,-0.9999407728496612
3592,max,1.8846133040012965,55.537889872673404,16.343476866357154,22.845815609653712,126.47602663913516,1.9963345843413625,349.89323617661057,1.9995233634611183
