stock,minmax,BOP,MINUS_DM,STDDEV,ADXR,TAN,COS,HT_DCPHASE,SIN
3594,min,-1.0,1.513560306134194,0.25183331471148535,25.713794728798167,-45.43373653953239,-0.999893487532104,-25.017616595272955,-0.9994848128089092
3594,max,2.0,6.302488883962669,3.5414291077420823,29.682888712107637,76.57488436570523,1.9975343749034122,337.7571517860161,1.999242679054869
