stock,minmax,BOP,MINUS_DM,STDDEV,ADXR,TAN,COS,HT_DCPHASE,SIN
3594,min,-1.0,1.513560306134194,0.25183331471148535,25.713794728798167,-45.43373653953239,-0.999893487532104,-25.017616595272955,-0.9994848128089092
3594,max,1.0,7.816049190096862,3.7932624224535676,55.396683440905804,31.14114782617284,0.9976408873713083,312.73953519074314,0.9997578662459597
