stock,minmax,BOP,MINUS_DM,STDDEV,ADXR,TAN,COS,HT_DCPHASE,SIN
3596,min,-1.0,2.5790027667120987,0.22285457690746982,14.10495044427641,-9.061128573661735,-0.9995366649653767,-43.864813570475235,-0.9939652369453648
3596,max,1.0,9.606941155764218,4.231690914333061,23.395775620303784,4.804927318529693,0.9999994942843148,305.5479125780679,0.9884362725525928
