stock,minmax,BOP,MINUS_DM,STDDEV,ADXR,TAN,COS,HT_DCPHASE,SIN
3596,min,-1.0,3.3658741694305525,0.23289748468179144,11.645028498120888,-688.0171338144863,-0.9659740383521568,-43.8645496571977,-0.9966914025180362
3596,max,1.0,10.035645199046026,4.422807139179819,22.985050347809732,12.262620008302186,0.992472047983962,305.54838638580384,0.9999989437400602
