stock,minmax,BOP,MINUS_DM,STDDEV,ADXR,TAN,COS,HT_DCPHASE,SIN
3617,min,-1.0,4.12970356912961,0.7583592905538814,19.0277161378393,-47.701121155260886,-0.9997089295182792,-41.617304951447295,-0.9998982054241926
3617,max,1.0,23.481303271612394,14.80514228254318,37.00994081858899,70.07926287984952,0.9948655324139024,312.21585821201506,0.9975985272370438
