stock,minmax,BOP,MINUS_DM,STDDEV,ADXR,TAN,COS,HT_DCPHASE,SIN
3624,min,-1.0,1.7150428568969838,0.26788992515925897,20.979296400281214,-64.33140727857577,-0.9999917565133217,-42.12774409502572,-0.9998792060439592
3624,max,0.9600008551393876,13.958351928880683,5.605633834634349,52.22292477098301,10.693675962862109,0.99980077345859,306.10731720496557,0.9933382282885547
