stock,minmax,BOP,MINUS_DM,STDDEV,ADXR,TAN,COS,HT_DCPHASE,SIN
3624,min,-1.0,1.752657304790472,0.2737567387484767,20.978829989281643,-30.996422759441323,-0.9999599872655015,-42.127885133632844,-0.9999720889382795
3624,max,0.9600000000000011,14.263986196672949,5.72839162090126,52.22247795549081,133.84055604500924,0.9980042925738893,306.10717516504326,0.9994799944282542
