stock,minmax,BOP,MINUS_DM,STDDEV,ADXR,TAN,COS,HT_DCPHASE,SIN
3653,min,-1.0,16.18091729997023,1.361887143062091,9.747288074119567,-16.304985347233796,-0.999907633378923,-39.51888783185109,-0.9987569395429716
3653,max,0.9761946720709621,58.52159701364221,29.10784705466601,37.22119081979001,23.518365261512365,0.9992890262048276,299.69462945765304,0.9990972503192816
