stock,minmax,BOP,MINUS_DM,STDDEV,ADXR,TAN,COS,HT_DCPHASE,SIN
3653,min,-1.0,16.30899232213629,1.3725028573031157,9.56087295459429,-30.406135704648744,-0.9997655128826153,-39.518860110292394,-0.999427590208299
3653,max,1.976194177020897,42.694683279930715,27.962218852200632,27.648852632447017,59.94848079761509,1.9988012064836718,339.2135084083859,1.9988872150055847
