stock,minmax,BOP,MINUS_DM,STDDEV,ADXR,TAN,COS,HT_DCPHASE,SIN
3653,min,-1.0,16.30899232213629,1.3725028573031157,9.56087295459429,-30.406135704648744,-0.9997655128826153,-39.518860110292394,-0.999427590208299
3653,max,0.9761941770208971,59.003675602067005,29.334721709503746,37.209725587041305,29.54234509296635,0.9990356936010566,299.6946482980935,0.9994596247972858
