stock,minmax,BOP,MINUS_DM,STDDEV,ADXR,TAN,COS,HT_DCPHASE,SIN
3661,min,-0.9696961389079296,71.38135473042168,8.16440476632376,20.672482547874175,-24.286628820816,-0.9982537327190182,-31.399787567200633,-0.996742411581909
3661,max,0.96610077080877,258.89317479030024,98.51437495005615,36.57280160387242,100.07268959478239,0.999230936913659,307.47363468708704,0.9999500763492201
