stock,minmax,BOP,MINUS_DM,STDDEV,ADXR,TAN,COS,HT_DCPHASE,SIN
3661,min,-0.9696971561473271,70.68063730993178,8.08427526039247,20.672487977412512,-74.45770818377127,-0.9866959933452569,-31.39979554614314,-0.9999098238005223
3661,max,0.9661019282324474,256.35172279024005,97.54731913153778,36.572812318704266,52.6721188568469,0.9978995654170936,307.4736277560997,0.9993740547647302
