stock,minmax,BOP,MINUS_DM,STDDEV,ADXR,TAN,COS,HT_DCPHASE,SIN
3661,min,-0.9696961389079296,71.38135473042168,8.16440476632376,20.672482547874175,-24.286628820816,-0.9982537327190182,-31.399787567200633,-0.996742411581909
3661,max,1.9357969097166996,187.51182005987857,90.3499701837324,15.900319055998246,124.35931841559838,1.9974846696326773,338.8734222542877,1.9966924879311292
