stock,minmax,BOP,MINUS_DM,STDDEV,ADXR,TAN,COS,HT_DCPHASE,SIN
3665,min,-1.0,9.796726303154514,0.8247490979946639,14.183801978570585,-22.102251346788446,-0.9993927660353089,-44.44905524068014,-0.9997341290861816
3665,max,1.0,32.15853248054958,8.517115139917868,35.1557115083452,43.35737442147281,0.999918111906894,309.92185195367233,0.9883953165021606
