stock,minmax,BOP,MINUS_DM,STDDEV,ADXR,TAN,COS,HT_DCPHASE,SIN
3669,min,-1.0,2.094761119630063,0.10036453557565171,11.962156726903135,-37.03924967345519,-0.999215844426627,-40.73202058169977,-0.9999255708767227
3669,max,1.0,5.29749355804534,1.1759564226624266,35.12705761729434,81.95761397364045,0.9968971105385905,307.42300390663934,0.9997998432466556
