stock,minmax,BOP,MINUS_DM,STDDEV,ADXR,TAN,COS,HT_DCPHASE,SIN
3675,min,-1.0,7.388629940429427,1.5648567129714743,15.268783885525037,-110.02568899401848,-0.999927588367804,-39.05663750521114,-0.9999590911365298
3675,max,1.0,34.96007133664203,15.439581956598426,53.858223798733654,110.55107497706263,0.9912137806216119,302.7409599321322,0.999958699538446
