stock,minmax,BOP,MINUS_DM,STDDEV,ADXR,TAN,COS,HT_DCPHASE,SIN
3675,min,-1.0,7.388629940429427,1.5648567129714743,15.268783885525037,-110.02568899401848,-0.999927588367804,-39.05663750521114,-0.9999590911365298
3675,max,2.0,27.571441396212606,13.874725243626951,38.589439913208615,220.5767639710811,1.991141368989416,341.79759743734337,1.9999177906749757
