stock,minmax,BOP,MINUS_DM,STDDEV,ADXR,TAN,COS,HT_DCPHASE,SIN
3680,min,-0.944446376408404,15.044910573682454,0.8245817009496449,20.00938467441052,-3315.845740917814,-0.9965925756975916,-42.25722871093291,-0.9999999545240963
3680,max,1.9174231596756646,29.910262166934015,16.60498570465157,22.268030467267337,3335.9023564865083,1.988454778869479,334.39701775982115,1.998759314141233
