stock,minmax,BOP,MINUS_DM,STDDEV,ADXR,TAN,COS,HT_DCPHASE,SIN
3680,min,-0.944446376408404,15.044910573682454,0.8245817009496449,20.00938467441052,-3315.845740917814,-0.9965925756975916,-42.25722871093291,-0.9999999545240963
3680,max,0.9729767832672607,44.95517274061647,17.42956740560121,42.27741514167786,20.05661556869417,0.9918622031718874,292.13978904888825,0.9987593596171367
