stock,minmax,BOP,MINUS_DM,STDDEV,ADXR,TAN,COS,HT_DCPHASE,SIN
3702,min,-1.0,0.6844280353970431,0.04570747862876215,10.367839226657496,-30.847182099208066,-0.9989278744964368,-42.20393818652013,-0.999459299938825
3702,max,2.0,1.6932745422877353,0.8295649347396838,17.81440921647296,61.244174852704234,1.9987585468359654,344.19497551877606,1.998934254525917
