stock,minmax,BOP,MINUS_DM,STDDEV,ADXR,TAN,COS,HT_DCPHASE,SIN
3702,min,-1.0,0.6844280353970431,0.04570747862876215,10.367839226657496,-30.847182099208066,-0.9989278744964368,-42.20393818652013,-0.999459299938825
3702,max,1.0,2.3777025776847784,0.875272413368446,28.182248443130455,30.396992753496168,0.9998306723395287,301.9910373322559,0.9994749545870919
