stock,minmax,BOP,MINUS_DM,STDDEV,ADXR,TAN,COS,HT_DCPHASE,SIN
3707,min,-1.0,4.995656062952476,0.4118829416461679,14.989279386056484,-23.415956788202436,-0.9952507994927533,-42.66790197548312,-0.9949572752919508
3707,max,1.0,14.049884154013121,3.4168483375205163,36.66648385849112,42.408275214632845,0.9994951754195747,311.9955190592146,0.9997221005287991
