stock,minmax,BOP,MINUS_DM,STDDEV,ADXR,TAN,COS,HT_DCPHASE,SIN
3707,min,-1.0,4.995656062952476,0.4118829416461679,14.989279386056484,-23.415956788202436,-0.9952507994927533,-42.66790197548312,-0.9949572752919508
3707,max,2.0,9.054228091060644,3.0049653958743483,21.677204472434635,65.82423200283529,1.994745974912328,354.6634210346977,1.9946793758207497
