stock,minmax,BOP,MINUS_DM,STDDEV,ADXR,TAN,COS,HT_DCPHASE,SIN
3708,min,-1.0,4.98290778803834,0.22256063803215775,13.335249544558572,-44.9888593834183,-0.9932333567442664,-43.7607211018568,-0.9998770198708911
3708,max,1.0,12.84354954799206,3.9015975904248696,24.978721031197434,63.756940698053235,0.9979778393864647,314.0789158127172,0.9997530556203317
