stock,minmax,BOP,MINUS_DM,STDDEV,ADXR,TAN,COS,HT_DCPHASE,SIN
3708,min,-1.0,4.98290778803834,0.22256063803215775,13.335249544558572,-44.988859383418294,-0.9932333567442664,-43.760721101856745,-0.9998770198708911
3708,max,2.0,7.86064175995372,3.679036952392712,11.643471486638862,108.74580008147153,1.991211196130731,357.8396369145739,1.9996300754912228
