stock,minmax,BOP,MINUS_DM,STDDEV,ADXR,TAN,COS,HT_DCPHASE,SIN
3711,min,-1.0,2.3063388231789705,0.2844468766110385,20.988136836309145,-2.293836936150797,-0.982096084299092,-33.969109997853195,-0.9998201017273111
3711,max,1.0,9.278642285022098,2.8891731541066203,29.493871001814117,52.712413660288206,0.9808494409688161,314.5896264056361,0.9166780522507062
