stock,minmax,BOP,MINUS_DM,STDDEV,ADXR,TAN,COS,HT_DCPHASE,SIN
4104,min,-1.0,0.9003512829866167,0.11956363327369078,36.18378830491091,-43.37513221021571,-0.9999159041205508,7.325969247944727,-0.9985283986260195
4104,max,0.9696750902527075,5.504944733003158,3.7258636516124666,58.548174470541404,35.30127780759799,0.9999722717583047,305.5502229975819,0.9997343466501197
