stock,minmax,BOP,MINUS_DM,STDDEV,ADXR,TAN,COS,HT_DCPHASE,SIN
4104,min,-1.0,0.9003512829866167,0.11956363327369078,36.18378830491091,-43.3751322102157,-0.9999159041205508,7.325969247944727,-0.9985283986260195
4104,max,1.9696750902527076,4.604593450016541,3.606300018338776,22.364386165630492,78.6764100178137,1.9998881758788554,298.2242537496372,1.9982627452761392
