stock,minmax,BOP,MINUS_DM,STDDEV,ADXR,TAN,COS,HT_DCPHASE,SIN
4129,min,-0.9473598523905132,1.7778110793761337,0.3268954487220057,19.681721967597568,-11.293796485558108,-0.9989849511227474,-32.54651213599311,-0.9979490681471879
4129,max,1.9473598523905133,7.779207247282278,3.738311686663944,39.04839968618912,26.8835969064339,1.998984951118687,338.69869154691395,1.9912293640398209
