stock,minmax,BOP,MINUS_DM,STDDEV,ADXR,TAN,COS,HT_DCPHASE,SIN
4129,min,-0.9473580163235339,1.6998289729263774,0.31405447043569157,19.82915003861454,-39.4612262637635,-0.9998952374096366,-32.546498845582676,-0.9999993138667937
4129,max,1.0,9.179451382408343,3.9057649417244504,59.896840270756954,853.6514054148985,0.999160336623307,306.1522343504058,0.9996790630362146
