stock,minmax,BOP,MINUS_DM,STDDEV,ADXR,TAN,COS,HT_DCPHASE,SIN
4129,min,-0.9473598523905132,1.7778110793761337,0.3268954487220057,19.681721967597568,-11.293796485558108,-0.9989849511227474,-32.54651213599311,-0.9979490681471879
4129,max,1.0,9.557018326658412,4.06520713538595,58.73012165378669,15.589800420875793,0.9999999999959395,306.15217941092084,0.993280295892633
