stock,minmax,BOP,MINUS_DM,STDDEV,ADXR,TAN,COS,HT_DCPHASE,SIN
4137,min,-1.0,7.030604997607273,0.963729093921544,23.30706503453127,-33.34425226320877,-0.9938921209084732,-44.32259805417334,-0.9995505977914582
4137,max,0.8749999999999996,30.47935755594521,9.977722172602581,50.836218501445465,2.925364208228181,0.9927758084550152,309.72942544804096,0.9992091249574888
