stock,minmax,BOP,MINUS_DM,STDDEV,ADXR,TAN,COS,HT_DCPHASE,SIN
4137,min,-1.0,7.5623797374584845,1.034198618143945,22.46237582264383,-16.334325464994407,-0.9976030474976542,-44.32259477899356,-0.9973928889336072
4137,max,0.8750048816048128,32.7149738998896,10.707445882681936,49.37365084275377,45.18800198564605,0.9998624595801576,309.729283302146,0.9997552265846696
