stock,minmax,BOP,MINUS_DM,STDDEV,ADXR,TAN,COS,HT_DCPHASE,SIN
4137,min,-1.0,7.5623797374584845,1.034198618143945,22.46237582264383,-16.334325464994407,-0.9976030474976542,-44.32259477899356,-0.9973928889336072
4137,max,1.8750048816048128,25.152594162431114,9.673247264537991,26.91127502010994,61.52232745064046,1.9974655070778118,354.05187808113953,1.9971481155182769
