stock,minmax,BOP,MINUS_DM,STDDEV,ADXR,TAN,COS,HT_DCPHASE,SIN
4163,min,-1.0,3.8850875904188658,0.38839999998005825,18.866260504763066,-39.789585274208065,-0.9930949504839687,-44.018829874172184,-0.9937740448150922
4163,max,0.9000020596898107,22.330311880386446,8.666553039125876,50.058335036643726,304.15573337807876,0.9999964881635904,290.95159113424745,0.9999945952642061
