stock,minmax,BOP,MINUS_DM,STDDEV,ADXR,TAN,COS,HT_DCPHASE,SIN
4163,min,-1.0,3.7758695098554864,0.3774750005023947,19.178874313367523,-169.7720428599466,-0.999926781338686,-44.01877253666049,-0.9999826529210704
4163,max,0.8999915229093366,21.702590621854746,8.422918721298748,50.06532647588988,153.09366496189315,0.9999999485319988,290.951227164653,0.9999786675042647
