stock,minmax,BOP,MINUS_DM,STDDEV,ADXR,TAN,COS,HT_DCPHASE,SIN
4164,min,-1.0,1.4724667892324246,0.11277951233482388,21.499753620508802,-201.99400998741197,-0.9997783669475842,-39.09093584851996,-0.9942917220492091
4164,max,1.0,10.013248280121099,3.3388346915659475,50.57067515133933,33.12580081274006,0.9966196276053801,314.2858552025807,0.9999877457978711
