stock,minmax,BOP,MINUS_DM,STDDEV,ADXR,TAN,COS,HT_DCPHASE,SIN
4164,min,-1.0,1.5312418443715483,0.11731313652792738,21.515627190550273,-32.82199962840414,-0.9999720614876653,-39.090124077337805,-0.9995361925646383
4164,max,1.0,10.414934097105538,3.472835225230478,50.57521289060419,31.534354241970764,0.9964792421653007,314.2870872235253,0.9994896613783374
