stock,minmax,BOP,MINUS_DM,STDDEV,ADXR,TAN,COS,HT_DCPHASE,SIN
4536,min,-1.0,3.7724021835157244,0.2973805912587527,13.124090578630891,-52.69780985965848,-0.99956600240155,-34.08289236138688,-0.9992020328173348
4536,max,1.95237998784687,37.37173396706157,17.178492378456216,27.326699740568174,74.03983703072012,1.9982941357243456,348.343913960376,1.9990220348496812
