stock,minmax,BOP,MINUS_DM,STDDEV,ADXR,TAN,COS,HT_DCPHASE,SIN
4536,min,-1.0,3.61127769426481,0.28444687660144624,13.122230920331443,-8.524270287793701,-0.9989853361877071,-34.082876446677005,-0.9931891549796031
4536,max,0.952385994261331,39.357576273432876,16.71605488110307,40.39363477607199,4.762144280498025,0.999681744727977,314.26102719053745,0.9923976384054282
