stock,minmax,BOP,MINUS_DM,STDDEV,ADXR,TAN,COS,HT_DCPHASE,SIN
4536,min,-1.0,3.7724021835157244,0.2973805912587527,13.124090578630891,-52.69780985965848,-0.99956600240155,-34.08289236138688,-0.9992020328173348
4536,max,0.95237998784687,41.144136150577296,17.47587296971497,40.450790319199065,21.34202717106164,0.9987281333227956,314.26102159898915,0.9998200020323464
