stock,minmax,BOP,MINUS_DM,STDDEV,ADXR,TAN,COS,HT_DCPHASE,SIN
4541,min,-1.0,1.278975621349618,0.11704002734620679,20.087061197561518,-27.407796632508582,-0.9999589030364952,-40.42399354346094,-0.9993350508819242
4541,max,1.9863098942128188,7.749488778324672,3.411596956192888,21.399601154011243,208.47147470303256,1.9970198071739493,352.44659346837227,1.9993197999145278
