stock,minmax,BOP,MINUS_DM,STDDEV,ADXR,TAN,COS,HT_DCPHASE,SIN
4551,min,-1.0,6.082645825185784,0.2286843624983417,11.870769546958504,-8.362268982137474,-0.9972014977595065,-44.27923587760199,-0.9954466061699478
4551,max,1.0,15.449083714140766,4.041711366050212,30.372382037014283,141.08558643009317,0.9986856350738418,314.9407553243859,0.9999748818097406
