stock,minmax,BOP,MINUS_DM,STDDEV,ADXR,TAN,COS,HT_DCPHASE,SIN
4551,min,-1.0,6.253558484291079,0.23515101535842892,11.88097641637918,-29.796004368745205,-0.9864929419731017,-44.279846864624346,-0.9994372866088019
4551,max,2.0,9.509062364075863,3.9200921502807513,16.46161792323724,48.898122811866074,1.9864489805003722,359.2205446376678,1.9980698241771453
