stock,minmax,BOP,MINUS_DM,STDDEV,ADXR,TAN,COS,HT_DCPHASE,SIN
4551,min,-1.0,6.253558484291079,0.23515101535842892,11.88097641637918,-29.796004368745205,-0.9864929419731017,-44.279846864624346,-0.9994372866088019
4551,max,1.0,15.762620848366943,4.15524316563918,28.342594339616422,19.10211844312087,0.9999560385272707,314.94069777304344,0.9986325375683432
