stock,minmax,BOP,MINUS_DM,STDDEV,ADXR,TAN,COS,HT_DCPHASE,SIN
4557,min,-1.0,1.5832273616375172,0.19061394491854938,13.667244496328628,-8.626857573834538,-0.9969850261440125,-40.50472310117493,-0.9980036726332068
4557,max,0.9285691426376936,11.61795106050852,5.477252430406929,46.33557595277051,15.80222052455449,0.9996356759940207,305.5387755395214,0.9927920152300426
