stock,minmax,BOP,MINUS_DM,STDDEV,ADXR,TAN,COS,HT_DCPHASE,SIN
4572,min,-1.0,4.2477286110963615,0.40611466658648493,22.9337096062428,-76.21764380133384,-0.9999997743308484,-43.716222083814785,-0.9999139396910982
4572,max,1.0,20.729372441353902,9.430500008250316,45.55613663647378,7.4062293643495,0.9996757253202057,310.70371960411035,0.9987539104424924
