stock,minmax,BOP,MINUS_DM,STDDEV,ADXR,TAN,COS,HT_DCPHASE,SIN
4572,min,-1.0,4.2477286110963615,0.40611466658648493,22.9337096062428,-76.21764380133384,-0.9999997743308484,-43.716222083814785,-0.9999139396910982
4572,max,2.0,16.48164383025754,9.024385341663832,22.62242703023098,83.62387316568334,1.9996754996510542,354.41994168792513,1.9986678501335906
