stock,minmax,BOP,MINUS_DM,STDDEV,ADXR,TAN,COS,HT_DCPHASE,SIN
4736,min,-1.0,5.0283591736989,0.21658388312146898,14.306648840253622,-84.89768047167529,-0.9868437971702803,-43.521883040795615,-0.9999306361538477
4736,max,0.7500212062091808,17.731833912968607,5.043676336328209,27.759533950183247,28.466709515158055,0.9781595533964479,313.4548605278144,0.9993835558392851
