stock,minmax,BOP,MINUS_DM,STDDEV,ADXR,TAN,COS,HT_DCPHASE,SIN
4736,min,-1.0,4.723678013917658,0.2034056281399862,14.132275416406616,-21.88756099877578,-0.996617348369012,-43.522272060158116,-0.990880990638178
4736,max,0.7499999999999979,16.657171580220272,4.737991109910537,27.759394660689928,7.354023547317077,0.9989990033793027,313.45466555493033,0.998957932128842
