stock,minmax,BOP,MINUS_DM,STDDEV,ADXR,TAN,COS,HT_DCPHASE,SIN
4736,min,-1.0,5.0283591736989,0.21658388312146898,14.306648840253622,-84.89768047167529,-0.9868437971702803,-43.521883040795615,-0.9999306361538477
4736,max,1.7500212062091807,12.703474739269708,4.82709245320674,13.452885109929625,113.36438998683334,1.9650033505667281,356.97674356861,1.9993141919931328
