stock,minmax,BOP,MINUS_DM,STDDEV,ADXR,TAN,COS,HT_DCPHASE,SIN
4739,min,-1.0,4.2632653962025095,0.21205219733284908,15.1576413069746,-86.88187195310392,-0.9953212177825371,-43.51109919420924,-0.9993519970485758
4739,max,0.9000105864916348,11.834361505146063,3.167968253375069,33.14830723594716,12.036447271002709,0.9997553540980301,306.93710145025057,0.9999337679012592
