stock,minmax,BOP,MINUS_DM,STDDEV,ADXR,TAN,COS,HT_DCPHASE,SIN
4743,min,-1.0,12.865336515012974,1.6294869160357566,13.158494780220627,-96.52955768546586,-0.9995481206453329,-44.646334810756116,-0.9998623986533388
4743,max,0.9230742290787465,39.36036333199841,12.449629067722881,27.53324516409556,60.27383665695314,0.9970926231103359,312.3797362509179,0.9999463444788563
