stock,minmax,BOP,MINUS_DM,STDDEV,ADXR,TAN,COS,HT_DCPHASE,SIN
4743,min,-1.0,12.252596499443591,1.5519249588045885,13.158606282209716,-33.16849583600853,-0.9996554394764073,-44.64649244166958,-0.9995458257541379
4743,max,0.9230764516247656,37.485869728141395,11.85676895509849,27.533352410381433,7.717629087160827,0.9911892531008958,312.3798176966782,0.9917096051246084
