stock,minmax,BOP,MINUS_DM,STDDEV,ADXR,TAN,COS,HT_DCPHASE,SIN
4743,min,-1.0,12.865336515012974,1.6294869160357566,13.158494780220627,-96.52955768546586,-0.9995481206453329,-44.646334810756116,-0.9998623986533388
4743,max,1.9230742290787464,26.495026816985433,10.820142151687126,14.374750383874934,156.80339434241898,1.9966407437556688,357.02607106167403,1.9998087431321951
