stock,minmax,BOP,MINUS_DM,STDDEV,ADXR,TAN,COS,HT_DCPHASE,SIN
4746,min,-1.0,3.9770124632889132,0.3823139547582889,15.470258788024505,-14.735823378423504,-0.9995003492786075,-38.238459277417405,-0.9977053083926609
4746,max,1.7778069205837712,11.340126456389866,6.552967394286207,24.782259186235155,33.71183962088231,1.9989556019235908,352.34930326588756,1.9963196489336643
