stock,minmax,BOP,MINUS_DM,STDDEV,ADXR,TAN,COS,HT_DCPHASE,SIN
4746,min,-1.0,3.893855316603385,0.3743311550005923,15.4701594375792,-103.5384459013211,-0.9994895056069371,-38.23850069816149,-0.9999533623844742
4746,max,0.7777777777777775,14.996937899747703,6.790383022304639,40.25271377529417,51.00002791346177,0.9997949135518743,314.1108453510997,0.9998078218670309
