stock,minmax,BOP,MINUS_DM,STDDEV,ADXR,TAN,COS,HT_DCPHASE,SIN
4746,min,-1.0,3.9770124632889132,0.3823139547582889,15.470258788024505,-14.735823378423504,-0.9995003492786075,-38.238459277417405,-0.9977053083926609
4746,max,0.7778069205837712,15.31713891967878,6.935281349044496,40.25251797425966,18.976016242458805,0.9994552526449832,314.1108439884701,0.9986143405410035
