stock,minmax,BOP,MINUS_DM,STDDEV,ADXR,TAN,COS,HT_DCPHASE,SIN
4763,min,-1.0,5.207573500086046,1.773599269716396,31.208059750081958,-26.311066670639477,-0.9998812721203816,-34.61393933470117,-0.992648407764235
4763,max,1.0,65.68353636293065,36.53473029688545,66.0048041332711,39.70688245423188,0.9983319579290142,286.93694057315776,0.9996830199776342
