stock,minmax,BOP,MINUS_DM,STDDEV,ADXR,TAN,COS,HT_DCPHASE,SIN
4763,min,-1.0,4.498474039001578,1.5321140226299732,31.20807766426835,-13.50043438174135,-0.999967128445748,-34.61399999324192,-0.9998245247459855
4763,max,1.0,56.73987052227135,31.560070906535017,66.00488961317097,53.37278936755875,0.9997876605167266,286.93688621161215,0.9939651050008452
