stock,minmax,BOP,MINUS_DM,STDDEV,ADXR,TAN,COS,HT_DCPHASE,SIN
4768,min,-1.0,8.372588857318867,0.35971500044805105,12.058890797805635,-24.540209803234625,-0.99264055663133,-42.41889938412152,-0.9982806429930294
4768,max,1.0,32.37868215565344,9.44309822750731,26.622215588957648,2.7463342869655034,0.9918951721210703,313.74641671049653,0.9991707738149648
