stock,minmax,BOP,MINUS_DM,STDDEV,ADXR,TAN,COS,HT_DCPHASE,SIN
4768,min,-1.0,7.852395744492549,0.33735999998791816,12.058779849004276,-9.658924699112486,-0.9999175679999759,-42.41886148609183,-0.9946833487581646
4768,max,1.0,30.366718380015175,8.856373216706126,26.622141264949093,11.541365693588617,0.984419879924419,313.7466138882635,0.9962673378782522
