stock,minmax,BOP,MINUS_DM,STDDEV,ADXR,TAN,COS,HT_DCPHASE,SIN
4770,min,-1.0,20.94017825721835,1.0926387900889147,19.219883357174027,-244.24446219525262,-0.9932445316016826,-43.2410845304924,-0.9987488546822328
4770,max,0.6666745871450661,64.73816043524843,14.217523303246724,28.70499555920958,11.92880386658508,0.9998782404732423,303.0922284009558,0.9999916186284602
