stock,minmax,BOP,MINUS_DM,STDDEV,ADXR,TAN,COS,HT_DCPHASE,SIN
4770,min,-1.0,20.94017825721835,1.0926387900889147,19.219883357174027,-244.24446219525262,-0.9932445316016826,-43.2410845304924,-0.9987488546822328
4770,max,1.666674587145066,43.79798217803008,13.12488451315781,9.485112202035552,256.1732660618377,1.993122772074925,346.3333129314482,1.998740473310693
