stock,minmax,BOP,MINUS_DM,STDDEV,ADXR,TAN,COS,HT_DCPHASE,SIN
4904,min,-1.0,0.5116725267396391,0.1971768587227185,12.655362221117041,-179.4462828600665,-0.9990247097309689,20.060617064254878,-0.9999844728783316
4904,max,1.0,3.4407336784284306,0.9679100193801464,52.19634540275436,31.693192903048264,0.9994547676299614,277.75317561185784,0.9989581922396608
