stock,minmax,BOP,MINUS_DM,STDDEV,ADXR,TAN,COS,HT_DCPHASE,SIN
4904,min,-1.0,0.5116725267396391,0.1971768587227185,12.655362221117041,-179.4462828600665,-0.9990247097309689,20.060617064254863,-0.9999844728783316
4904,max,2.0,2.929061151688791,0.7707331606574279,39.540983181637316,211.13947576311477,1.9984794773609305,257.6925585476013,1.9989426651179922
