stock,minmax,BOP,MINUS_DM,STDDEV,ADXR,TAN,COS,HT_DCPHASE,SIN
4915,min,-1.0,1.767397080482204,0.13322502769810202,11.684599957570718,-75.063782847408,-0.9998642884280488,-24.556717833233733,-0.9990176501649337
4915,max,1.8889433684726704,3.26335946939541,1.4478878026846949,8.652417776484015,140.57192923464044,1.999758697353723,337.4665069046302,1.9989289240822434
