stock,minmax,BOP,MINUS_DM,STDDEV,ADXR,TAN,COS,HT_DCPHASE,SIN
4915,min,-1.0,1.767397080482204,0.13322502769810202,11.684599957570718,-75.063782847408,-0.9998642884280488,-24.556717833233733,-0.9990176501649337
4915,max,0.8889433684726705,5.030756549877614,1.5811128303827968,20.337017734054733,65.50814638723243,0.9998944089256742,312.90978907139646,0.9999112739173097
