stock,minmax,BOP,MINUS_DM,STDDEV,ADXR,TAN,COS,HT_DCPHASE,SIN
4919,min,-1.0,4.346886559710924,0.6448049584154298,18.450270105168716,-12.864800522039472,-0.9960878351411849,-34.69126137301453,-0.9996617637841073
4919,max,1.0,26.876487189376306,8.349975140225835,39.425741149463974,38.43835172370757,0.99774824223631,305.56089675369526,0.9988781052582504
