stock,minmax,BOP,MINUS_DM,STDDEV,ADXR,TAN,COS,HT_DCPHASE,SIN
4919,min,-1.0,4.314177942325606,0.6280437564273551,18.311939237673847,-6.31013665726337,-0.99969674163428,-34.69122674446919,-0.9973526733021101
4919,max,1.0,26.180522242086308,8.133096688124656,38.973215076202024,13.715688360132752,0.9999538382460156,305.56060250372997,0.9942898027881844
