stock,minmax,BOP,MINUS_DM,STDDEV,ADXR,TAN,COS,HT_DCPHASE,SIN
4931,min,-0.9677419354838714,2.2342284668753165,0.1363506508842044,9.590798197278595,-166.6875440264216,-0.9990492260957907,-43.00618344951846,-0.9999820049944045
4931,max,0.9655172413793108,8.176636125561892,2.0814324394504333,26.06253564036918,24.082072223546017,0.9999963473038573,314.18729541050334,0.9989000907450211
