stock,minmax,BOP,MINUS_DM,STDDEV,ADXR,TAN,COS,HT_DCPHASE,SIN
4931,min,-0.9677216516453582,2.1716932970677614,0.13254370447384162,9.59538159140555,-8.71140128618654,-0.9980029006396905,-43.009891393540215,-0.9996567780602983
4931,max,0.9654966392830479,7.958711853182963,2.0231901407419635,26.26604990790739,38.15800534865876,0.9998194512840592,314.18724619186906,0.999605404227266
