stock,minmax,BOP,MINUS_DM,STDDEV,ADXR,TAN,COS,HT_DCPHASE,SIN
4938,min,-0.8695714217761497,0.8097003860833857,0.07312000006154276,12.311886860643337,-25.793132936442866,-0.9960029461859446,-43.13201638770289,-0.9998222168520419
4938,max,1.0,3.341518973328562,1.0237485718691561,40.46956899462428,53.02513617955066,0.9762121902471684,297.71669226288935,0.9992492893917552
