stock,minmax,BOP,MINUS_DM,STDDEV,ADXR,TAN,COS,HT_DCPHASE,SIN
4953,min,-1.0,2.1518855375497363,0.4874395240677646,22.980982832534206,-54.04196675009286,-0.9994226109893987,-41.387433670846406,-0.9998288423944649
4953,max,1.0,18.102849515603495,5.0979670924815945,50.8965736698398,11.368152416616876,0.995274922909985,311.6699687017468,0.9971082135502022
