stock,minmax,BOP,MINUS_DM,STDDEV,ADXR,TAN,COS,HT_DCPHASE,SIN
4953,min,-1.0,2.1518855375497363,0.4874395240677646,22.980982832534206,-54.04196675009286,-0.9994226109893987,-41.387433670846406,-0.9998288423944649
4953,max,2.0,15.950963978053759,4.61052756841383,27.915590837305597,65.41011916670973,1.9946975338993838,353.05740237259323,1.996937055944667
