stock,minmax,BOP,MINUS_DM,STDDEV,ADXR,TAN,COS,HT_DCPHASE,SIN
4958,min,-1.0,2.375491405231235,0.0,14.55885693562881,-11.46107916545453,-0.9998296639191633,-35.68033423699302,-0.9962151565887074
4958,max,1.0,13.279392413377282,4.246298803708267,30.78895144440304,8.020098565594862,0.9979044654146937,314.2681696219002,0.9923160874914217
