stock,minmax,BOP,MINUS_DM,STDDEV,ADXR,TAN,COS,HT_DCPHASE,SIN
4958,min,-1.0,2.375491405231235,0.0,14.55885693562881,-11.46107916545453,-0.9998296639191633,-35.68033423699302,-0.9962151565887074
4958,max,2.0,10.903901008146047,4.246298803708267,16.23009450877423,19.481177731049392,1.9977341293338569,349.9485038588932,1.988531244080129
