stock,minmax,BOP,MINUS_DM,STDDEV,ADXR,TAN,COS,HT_DCPHASE,SIN
4961,min,-0.9473720752620987,11.253804672429618,0.8629697621948902,15.045411940750252,-91.42817412886565,-0.9991297804930886,-41.14293178254144,-0.9999401903932399
4961,max,1.0,44.47963235251405,18.63622446083154,42.10644796466123,46.31177768798641,0.9996759542911567,312.9605760014348,0.9944786550281893
