stock,minmax,BOP,MINUS_DM,STDDEV,ADXR,TAN,COS,HT_DCPHASE,SIN
4961,min,-0.9473720752620987,11.253804672429618,0.8629697621948902,15.045411940750252,-91.42817412886565,-0.9991297804930886,-41.14293178254144,-0.9999401903932399
4961,max,1.9473720752620987,33.225827680084436,17.77325469863665,27.061036023910976,137.73995181685206,1.9988057347842454,354.1035077839762,1.9944188454214293
