stock,minmax,BOP,MINUS_DM,STDDEV,ADXR,TAN,COS,HT_DCPHASE,SIN
4966,min,-1.0,64.7740345042805,3.5179709906183625,19.561552587734514,-72.62117961403295,-0.9949667542139806,-36.293929172337016,-0.9998423216023234
4966,max,1.0,247.9108719253145,56.25286875800829,27.180615859279886,56.30507474010756,0.9995654052832085,309.77587740683873,0.9999052058252805
