stock,minmax,BOP,MINUS_DM,STDDEV,ADXR,TAN,COS,HT_DCPHASE,SIN
4966,min,-1.0,65.4361538851611,3.553960085026282,19.558695349595503,-152.93508384924655,-0.9977988375556399,-36.2939354266814,-0.9999786232426576
4966,max,1.0,250.44750284575815,56.82850701011024,26.943957776400346,41.27706718514202,0.9979913948737721,309.7765449787107,0.999946666800092
