stock,minmax,BOP,MINUS_DM,STDDEV,ADXR,TAN,COS,HT_DCPHASE,SIN
4966,min,-1.0,65.4361538851611,3.553960085026282,19.558695349595503,-152.93508384924655,-0.9977988375556399,-36.2939354266814,-0.9999786232426576
4966,max,2.0,185.01134896059705,53.27454692508396,7.385262426804843,194.21215103438857,1.9957902324294121,346.0704804053921,1.9999252900427495
