stock,minmax,BOP,MINUS_DM,STDDEV,ADXR,TAN,COS,HT_DCPHASE,SIN
4968,min,-1.0,9.516538926705085,0.5999999999641052,19.365476473415747,-66347.41756422931,-0.9999902731420214,-42.96985360985758,-0.9971732887740798
4968,max,2.0,20.137873461915188,12.968345514502692,14.739930195445623,66360.68912622903,1.9928611248097243,356.58142592748374,1.9971732886604947
