stock,minmax,BOP,MINUS_DM,STDDEV,ADXR,TAN,COS,HT_DCPHASE,SIN
4977,min,-1.0,7.2213452083848875,0.6385770099051512,15.187072812990863,-23.154784615476217,-0.9992638921501019,-44.07970589915806,-0.9990687173606919
4977,max,1.0,24.639829185837748,6.37455206677198,27.07986238449851,9.88024344966923,0.9988458315054637,314.61337074123867,0.9938959503007269
