stock,minmax,BOP,MINUS_DM,STDDEV,ADXR,TAN,COS,HT_DCPHASE,SIN
4977,min,-1.0,7.459835750382686,0.6596494141526761,15.187139408249667,-43.209817567438286,-0.9996139797688905,-44.07964822210397,-0.9924542912291696
4977,max,1.0,25.45375419424142,6.58514373224809,27.08027304796865,63.786824813421475,0.9908966084765634,314.61339336852456,0.9998771350550012
