stock,minmax,BOP,MINUS_DM,STDDEV,ADXR,TAN,COS,HT_DCPHASE,SIN
4979,min,-0.9772863120143461,2.8569631192628715,0.34613360773774193,18.127919490568615,-23.019640523515857,-0.9998556767542889,-43.29450898620473,-0.999057765978356
4979,max,1.0,13.12189183371752,4.356841701324925,35.0114487776825,8.20299208224677,0.999243601226694,303.49394646652183,0.9978673278650815
