stock,minmax,BOP,MINUS_DM,STDDEV,ADXR,TAN,COS,HT_DCPHASE,SIN
4979,min,-0.977255779269202,2.818436259370848,0.341479506854362,18.12783889407996,-7.982256934913113,-0.9977301663796512,-43.294519645269474,-0.9993448217459221
4979,max,1.0,12.944877614430247,4.29809076097774,35.011317756538574,122.04557550650443,0.9999977890122942,303.4942748721996,0.9999664336546841
