stock,minmax,BOP,MINUS_DM,STDDEV,ADXR,TAN,COS,HT_DCPHASE,SIN
5222,min,-1.0,5.774182707656157,0.3894321271366115,18.703382649915618,-105.66435054351619,-0.9993720680095457,-31.569141053495173,-0.9999552200240527
5222,max,0.9615366007063711,22.22812449358369,13.815877119548706,55.561370541166895,12.404228261947035,0.998517022180435,295.48395397682077,0.9967661501059706
