stock,minmax,BOP,MINUS_DM,STDDEV,ADXR,TAN,COS,HT_DCPHASE,SIN
5222,min,-1.0,6.35183203636751,0.4284280037197878,19.15257326221738,-169.560557031872,-0.9999739449707014,-31.569113977013785,-0.9999619665656109
5222,max,0.9615428596560681,24.452284342556663,15.198255392774318,55.70809256516866,114.65416657992962,0.9992662081137402,295.4837530923079,0.9999826096226342
