stock,minmax,BOP,MINUS_DM,STDDEV,ADXR,TAN,COS,HT_DCPHASE,SIN
5258,min,-0.933353235316062,2.9308640505588874,0.5459937237816321,15.091907148758283,-21.456307353070873,-0.9999551696628237,-42.173412746454915,-0.9990873252440545
5258,max,0.9861154300640584,14.02426588086521,4.648671605265813,46.54747361213299,23.389963678448943,0.9999841871186895,300.4965098598242,0.9931709241918647
