stock,minmax,BOP,MINUS_DM,STDDEV,ADXR,TAN,COS,HT_DCPHASE,SIN
5258,min,-0.9333474247868666,3.1045782439442227,0.578367881540768,15.091977748307569,-69.95133123011661,-0.99909268707566,-42.173445235695226,-0.9986681528957801
5258,max,0.9861141691253101,14.855295213395973,4.924144328104531,46.54755791288853,16.550052060444113,0.9997236763429279,300.4964910010325,0.9998978328034371
