stock,minmax,BOP,MINUS_DM,STDDEV,ADXR,TAN,COS,HT_DCPHASE,SIN
5269,min,-1.0,45.364658075744245,7.869802777524102,17.542504907269272,-18.037857881239617,-0.9986250051620332,-40.109516232239116,-0.9984667944089326
5269,max,1.0,246.72544113847133,76.09121509830614,39.26101699174055,241.05975262675952,0.99830580083888,286.4423784105601,0.9999913957110594
