stock,minmax,BOP,MINUS_DM,STDDEV,ADXR,TAN,COS,HT_DCPHASE,SIN
5269,min,-1.0,45.87685038116797,7.958632982664637,17.54250463357752,-40.60069940007672,-0.9972895097360385,-40.1095289838654,-0.9991186186855608
5269,max,1.0,249.51116828655947,76.95038582481182,39.26099765649129,142.8753958673216,0.9997000450297984,286.44236528440933,0.999975507159461
