stock,minmax,BOP,MINUS_DM,STDDEV,ADXR,TAN,COS,HT_DCPHASE,SIN
5285,min,-1.0,2.1518629349667338,0.18165415930660425,16.25651308845467,-24.694556940614934,-0.9993639298233874,-43.819430189596915,-0.9991810944719425
5285,max,1.0,11.401285037254713,5.323038617329873,47.279369187406544,23.50416209953646,0.9996604151761693,302.8832707259069,0.9990961604365209
