stock,minmax,BOP,MINUS_DM,STDDEV,ADXR,TAN,COS,HT_DCPHASE,SIN
5285,min,-1.0,2.2181427539176313,0.18702466578170207,16.17502096354041,-58.301276235676156,-0.9999890316833578,-43.81979261614612,-0.9997239353184297
5285,max,1.0,11.733033240368252,5.4812456676939405,47.38649675817352,42.54902799611298,0.9999951212963694,302.8831334135095,0.999852932040623
