stock,minmax,BOP,MINUS_DM,STDDEV,ADXR,TAN,COS,HT_DCPHASE,SIN
5288,min,-1.0,5.191340246846683,0.29295340240779577,15.547818148538958,-10.436078943840897,-0.9993601548486429,-41.953929286636026,-0.9999871091111926
5288,max,1.0,18.761428284820276,5.119233148980114,26.46872336212105,196.94246624212798,0.9921222711722881,312.1641708527268,0.9989915217733438
