stock,minmax,BOP,MINUS_DM,STDDEV,ADXR,TAN,COS,HT_DCPHASE,SIN
5288,min,-1.0,5.386074715903604,0.3039265071868033,15.380960516028633,-104.85037222259857,-0.9903919419018942,-41.953541566400645,-0.9999545220977131
5288,max,1.0,19.465433829753316,5.311317157406989,26.468619989856986,14.54821482484162,0.9999338378448984,312.1639200633414,0.9976459539172406
