stock,minmax,BOP,MINUS_DM,STDDEV,ADXR,TAN,COS,HT_DCPHASE,SIN
5288,min,-1.0,5.386074715903604,0.3039265071868033,15.380960516028633,-104.85037222259858,-0.9903919419018942,-41.953541566400645,-0.9999545220977131
5288,max,2.0,14.079359113849712,5.007390650220185,11.087659473828353,119.3985870474402,1.9903257797467926,354.117461629742,1.9976004760149537
