stock,minmax,BOP,MINUS_DM,STDDEV,ADXR,TAN,COS,HT_DCPHASE,SIN
5289,min,-1.0,3.264006789496769,0.35303999999854885,19.234197919915378,-10.380788423660169,-0.9886420659145609,-33.95118278605099,-0.9965656575048293
5289,max,1.0,35.396665596619194,12.812749014730837,63.637763792796974,112.99340876048305,0.9999787637890116,298.44540235548664,0.9999608403977037
