stock,minmax,BOP,MINUS_DM,STDDEV,ADXR,TAN,COS,HT_DCPHASE,SIN
5289,min,-1.0,3.4363995564562186,0.37168000015684705,19.2265120652155,-29.430880153092545,-0.9999101169232644,-33.951250973107676,-0.9984728983656964
5289,max,1.0,37.26684827050154,13.489705871284759,63.637959152905665,27.494003005300197,0.9999432518361988,298.4453418202053,0.9994232499266734
