stock,minmax,BOP,MINUS_DM,STDDEV,ADXR,TAN,COS,HT_DCPHASE,SIN
5306,min,-1.0,2.6425571424695096,0.35900668185174855,14.04569713827006,-13.448786612669506,-0.998610838920777,-44.159045772722436,-0.9972469919040658
5306,max,1.0,11.826974144124716,2.7160638161883517,31.66933540693877,13.333593600459333,0.9983601348883443,310.40554328876476,0.9971994187655124
