stock,minmax,BOP,MINUS_DM,STDDEV,ADXR,TAN,COS,HT_DCPHASE,SIN
5309,min,-1.0,2.0764707804960776,0.27012382790438044,12.458667627554025,-14.221773927687076,-0.9997097174046569,-35.1715889886068,-0.9996135819964551
5309,max,0.9374920270442667,5.167688036608567,1.5608970377320017,22.292194128415687,35.96089013292656,0.9932328345106536,308.7280291465725,0.9922111474745927
