stock,minmax,BOP,MINUS_DM,STDDEV,ADXR,TAN,COS,HT_DCPHASE,SIN
5340,min,-0.9687500000000018,0.700877972772685,0.28705400188855457,18.598257609752544,-3.9674771408028624,-0.9999567971199811,-41.18121024137815,-0.9999338662588036
5340,max,1.9687500000000018,10.596452781399355,4.114922826764716,37.77655762394688,327.2272891000145,1.9912182858076384,342.3862311001756,1.9999290814624837
