stock,minmax,BOP,MINUS_DM,STDDEV,ADXR,TAN,COS,HT_DCPHASE,SIN
5340,min,-0.9687500000000018,0.700877972772685,0.28705400188855457,18.598257609752544,-3.9674771408028624,-0.9999567971199811,-41.18121024137815,-0.9999338662588036
5340,max,1.0,11.297330754172041,4.401976828653271,56.37481523369942,323.2598119592116,0.9912614886876574,301.20502085879747,0.9999952152036801
