stock,minmax,BOP,MINUS_DM,STDDEV,ADXR,TAN,COS,HT_DCPHASE,SIN
5347,min,-1.0,4.0010944606423005,0.11591328830669868,11.228959998077528,-38.15625288242623,-0.9992396606009042,-39.51072251269454,-0.9996567465483461
5347,max,1.0,12.59410709872478,4.942658782236988,26.474135449325388,25.10900016496607,0.9999114804865784,309.5750261925242,0.999207872844361
