stock,minmax,BOP,MINUS_DM,STDDEV,ADXR,TAN,COS,HT_DCPHASE,SIN
5371,min,-1.0,1.6400236161669473,0.20215115726755986,15.555434700257411,-31.80771430548541,-0.9994983856125059,-13.030158696093167,-0.9995061633908119
5371,max,0.959194226488905,8.894389203008263,5.193584533862614,39.29618343604969,16.85177090197693,0.9984844918939869,300.32098041821564,0.9977606283677147
