stock,minmax,BOP,MINUS_DM,STDDEV,ADXR,TAN,COS,HT_DCPHASE,SIN
5371,min,-1.0,1.6992468684313735,0.2094628883512564,15.555335144489629,-39.4383453480284,-0.9997573266177515,-13.029981852961555,-0.9995208782339726
5371,max,0.9591858875604853,9.216042957520465,5.381287665010521,39.296596300875905,32.29281823842081,0.9998757882228522,300.321436129097,0.9996786907121792
