stock,minmax,BOP,MINUS_DM,STDDEV,ADXR,TAN,COS,HT_DCPHASE,SIN
5425,min,-1.0,2.841929332778721,0.5614143304041057,17.98097129958893,-21.169794843670815,-0.999956739994155,-31.195092338594463,-0.9988861911806131
5425,max,1.0,19.822386948097634,7.480736075706788,44.23955642952488,8.433232781129226,0.9999671489977893,312.89272289867296,0.9979135404364571
