stock,minmax,BOP,MINUS_DM,STDDEV,ADXR,TAN,COS,HT_DCPHASE,SIN
5439,min,-1.0,1.1631056821267307,0.023760050383565323,29.1438172386352,-17.868361037935998,-0.9999452903243424,-35.37483114471189,-0.9976586746275121
5439,max,0.947385550010844,7.7353156664520455,2.3122410229027137,52.90138405141916,62.416581979247766,0.9989072742051126,305.86554853956227,0.9998716823368731
