stock,minmax,BOP,MINUS_DM,STDDEV,ADXR,TAN,COS,HT_DCPHASE,SIN
5439,min,-1.0,1.1156738673419107,0.02278025439592181,29.143714194574134,-98.79898584429264,-0.9997640238809163,-35.375093092195016,-0.9999108000076276
5439,max,0.9474100882153419,7.419780553616825,2.217938400765038,52.90106130837762,74.86408789526881,0.999998283062951,305.86531106318404,0.9999487809329227
