stock,minmax,BOP,MINUS_DM,STDDEV,ADXR,TAN,COS,HT_DCPHASE,SIN
5457,min,-1.0,2.6592910102350116,0.22499585414104317,14.580521590417328,-110.75659760926897,-0.9993403237620824,-34.4890453395364,-0.9999592428093546
5457,max,1.0,7.452283204763884,1.9533518296459853,24.41058183870839,30.49661078688111,0.9958607621773052,307.74737897678284,0.9994628237520934
