stock,minmax,BOP,MINUS_DM,STDDEV,ADXR,TAN,COS,HT_DCPHASE,SIN
5483,min,-1.0,6.584330171974591,0.5409957168538286,14.070257548773636,-20.58470015699704,-0.9967083367300172,-41.02082478737441,-0.9983664841031319
5483,max,1.0,18.779731595084836,4.7220970635563395,24.427701880140827,17.4739360406896,0.9998716306036621,310.622814775548,0.9988220874617544
