stock,minmax,BOP,MINUS_DM,STDDEV,ADXR,TAN,COS,HT_DCPHASE,SIN
5483,min,-1.0,6.750324880336695,0.5546401442132435,14.06980148455756,-35.045104412543076,-0.9944172769178448,-41.02076662064735,-0.9977843417675404
5483,max,1.0,19.255250577029287,4.841172572010507,24.43372911789409,14.997228082143023,0.9996094976084806,310.6229508427327,0.9995931351458688
