stock,minmax,BOP,MINUS_DM,STDDEV,ADXR,TAN,COS,HT_DCPHASE,SIN
5607,min,-1.0,0.9951628250189432,0.127957502359911,16.342855241146697,-26.633860546829688,-0.9999592759659187,-40.17060466836301,-0.9992958861553055
5607,max,1.0,6.546289630167552,2.5914276060916035,50.56437968668645,23.586678515027973,0.9999982004109907,302.4728001281395,0.9981691501623955
