stock,minmax,BOP,MINUS_DM,STDDEV,ADXR,TAN,COS,HT_DCPHASE,SIN
5607,min,-1.0,1.0998191150235082,0.14027500132650653,16.342336734140645,-142.12570927900035,-0.9998971899586867,-40.16706941013797,-0.9999713368015893
5607,max,1.0,7.217124026888884,2.8412421040099125,50.00947728413985,132.07278652055118,0.998274534710795,302.4726436750041,0.999975248097275
