stock,minmax,BOP,MINUS_DM,STDDEV,ADXR,TAN,COS,HT_DCPHASE,SIN
5607,min,-1.0,1.0998191150235082,0.14027500132650653,16.342336734140645,-142.12570927900035,-0.9998971899586867,-40.16706941013797,-0.9999713368015893
5607,max,2.0,6.117304911865376,2.700967102683406,33.6671405499992,274.19849579955155,1.9981717246694817,342.6397130851421,1.9999465848988645
