stock,minmax,BOP,MINUS_DM,STDDEV,ADXR,TAN,COS,HT_DCPHASE,SIN
5871,min,-0.9583329679099832,10.305196217451776,0.9212530799776013,13.871039819463899,-20.322661743785684,-0.9961500267059779,-36.217774725299535,-0.9987915712458105
5871,max,1.9583329679099832,15.61320860440835,6.28770494162774,20.84758440027689,31.71131385067929,1.994473465289821,350.48177251561333,1.9949587120193328
