stock,minmax,BOP,MINUS_DM,STDDEV,ADXR,TAN,COS,HT_DCPHASE,SIN
5871,min,-0.9583329679099832,10.305196217451776,0.9212530799776013,13.871039819463899,-20.322661743785684,-0.9961500267059779,-36.21777472529948,-0.9987915712458105
5871,max,1.0,25.918404821860126,7.2089580216053415,34.71862421974079,11.388652106893606,0.9983234385838431,314.26399779031385,0.9961671407735222
