stock,minmax,BOP,MINUS_DM,STDDEV,ADXR,TAN,COS,HT_DCPHASE,SIN
5871,min,-0.9583352791190726,9.676623014642008,0.8650488740629736,13.857964590910711,-55.45782989061491,-0.9929067613314457,-36.21744301869444,-0.9993221313428717
5871,max,1.0,24.339007086660693,6.769250041602381,34.17288410211408,17.512278008049062,0.9949656693935887,314.26397059990455,0.9998374681900306
