stock,minmax,BOP,MINUS_DM,STDDEV,ADXR,TAN,COS,HT_DCPHASE,SIN
5876,min,-0.9614807403701859,1.0707341751268047,0.07718786434468185,11.916945663389756,-38.01523743667282,-0.9998485455711073,-41.81094899694665,-0.9998039701000643
5876,max,1.0,3.8120674777729295,1.1052916418764729,24.679043006805315,50.49634969082242,0.9997514288438253,310.3031181056429,0.25176430342567185
