stock,minmax,BOP,MINUS_DM,STDDEV,ADXR,TAN,COS,HT_DCPHASE,SIN
5880,min,-1.0,0.2099571298469949,0.037439999998762706,14.00513081425299,-41.911808579735975,0.023852835621227163,-32.56404043160444,-0.9997154806407804
5880,max,2.0,1.2893448122836872,0.34888896552146553,25.72962439709676,47.75358560233685,0.9761436763362292,334.8806627508193,1.9853783796060696
