stock,minmax,BOP,MINUS_DM,STDDEV,ADXR,TAN,COS,HT_DCPHASE,SIN
5880,min,-1.0,0.2099571298469949,0.037439999998762706,14.00513081425299,-41.911808579735975,0.023852835621227163,-32.56404043160444,-0.9997154806407804
5880,max,1.0,1.4993019421306821,0.3863289655202282,39.73475521134975,5.841777022600872,0.9999965119574564,302.31662231921484,0.985662898965289
