stock,minmax,BOP,MINUS_DM,STDDEV,ADXR,TAN,COS,HT_DCPHASE,SIN
5903,min,-1.0,2.8690722496393173,0.2303010252228957,12.520347555326005,-7.4134203160015755,-0.9999926380486033,-36.4092440864668,-0.9910245758631013
5903,max,1.0,13.524776142211318,5.3319543812573365,36.617239174716154,66.10560516232445,0.9998243966357201,314.6808288066278,0.9998856018753604
