stock,minmax,BOP,MINUS_DM,STDDEV,ADXR,TAN,COS,HT_DCPHASE,SIN
5903,min,-1.0,2.959688589211379,0.2376005048155781,12.855650577489325,-17.630509339012267,-0.999857066715048,-36.40906434236285,-0.9911944864880833
5903,max,1.0,13.761922004527118,5.500323201189208,36.617231731817334,7.485566849601737,0.9851492075434367,314.6809208452132,0.9983952996854255
