stock,minmax,BOP,MINUS_DM,STDDEV,ADXR,TAN,COS,HT_DCPHASE,SIN
5904,min,-1.0,16.928872747424116,2.6159212242741456,16.46554958915981,-63.50610418360819,-0.988930548524895,-40.6727971594151,-0.9998760466390343
5904,max,1.0,60.63667023124136,19.66979146640153,45.1097058523967,52.70994490351198,0.9991447668223731,314.782385253284,0.9906975642789997
