stock,minmax,BOP,MINUS_DM,STDDEV,ADXR,TAN,COS,HT_DCPHASE,SIN
6104,min,-1.0,5.574024464541307,0.5175602944641905,16.103575751776205,-248.95806672424928,-0.9996612859724093,-38.42300693377581,-0.9999919329946776
6104,max,1.9210598122680644,20.716732289727005,5.454080633991884,24.277632844955654,1008.1649868319564,1.999562789548957,351.2334341570053,1.9999910655353461
