stock,minmax,BOP,MINUS_DM,STDDEV,ADXR,TAN,COS,HT_DCPHASE,SIN
6121,min,-1.0,8.001953292097523,0.6021332311737287,13.048617574054843,-17.2755449112577,-0.9999608728978205,-37.9238469086996,-0.9956387671273361
6121,max,1.0,24.091044928961256,7.477960646761875,22.842698267413333,74.65627044183523,0.9996446118747729,308.46393287101813,0.9999103027789715
