stock,minmax,BOP,MINUS_DM,STDDEV,ADXR,TAN,COS,HT_DCPHASE,SIN
6121,min,-1.0,8.001953292097523,0.6021332311737287,13.048617574054843,-17.2755449112577,-0.9999608728978205,-37.9238469086996,-0.9956387671273361
6121,max,2.0,16.089091636863735,6.875827415588146,9.79408069335849,91.93181535309292,1.9996054847725935,346.38777977971773,1.9955490699063076
