stock,minmax,BOP,MINUS_DM,STDDEV,ADXR,TAN,COS,HT_DCPHASE,SIN
6125,min,-1.0,0.6334068275607323,0.05558612775534997,12.79444477300968,-245.26877160079945,-0.9893122897487889,-36.42444448670955,-0.9989064926809046
6125,max,1.8420355447621182,3.630157229490091,1.453418706695832,26.90819930515287,416.5714065286865,1.989278331015596,350.40542800195175,1.9988981811681072
