stock,minmax,BOP,MINUS_DM,STDDEV,ADXR,TAN,COS,HT_DCPHASE,SIN
6125,min,-1.0,0.6334068275607323,0.05558612775534997,12.79444477300968,-245.26877160079945,-0.9893122897487889,-36.42444448670955,-0.9989064926809046
6125,max,0.8420355447621183,4.263564057050823,1.509004834451182,39.70264407816255,171.30263492788706,0.999966041266807,313.9809835152422,0.9999916884872028
