stock,minmax,BOP,MINUS_DM,STDDEV,ADXR,TAN,COS,HT_DCPHASE,SIN
6138,min,-1.0,8.238026631649076,0.7623168070652537,17.724590918581626,-79.87078192391843,-0.9987921500423664,-41.02225438247319,-0.9999216312216127
6138,max,1.0,35.231977414511206,8.270909217391376,26.48257380702211,28.65170319804941,0.9972340530827265,312.5843039878986,0.9993914832137083
