stock,minmax,BOP,MINUS_DM,STDDEV,ADXR,TAN,COS,HT_DCPHASE,SIN
6138,min,-1.0,8.521477757766617,0.7885401230108191,17.724432375177308,-495.15451944858773,-0.9999977302972671,-41.02222712569767,-0.9999979606715353
6138,max,1.0,36.444006060641925,8.55540668569221,26.48233985599518,6.41063489985541,0.9999979828656761,312.5843992924106,0.9880510660801183
