stock,minmax,BOP,MINUS_DM,STDDEV,ADXR,TAN,COS,HT_DCPHASE,SIN
6139,min,-1.0,1.0954606755372165,0.1844379418617597,24.2014064439008,-44.453090796389745,-0.9999368365654966,-37.69182511265717,-0.9998079100098775
6139,max,1.9555420928769478,3.8531412917519887,3.570666718943124,19.565300143441654,95.46482173484317,1.9997430310644133,349.812960748402,1.999554979461663
