stock,minmax,BOP,MINUS_DM,STDDEV,ADXR,TAN,COS,HT_DCPHASE,SIN
6139,min,-1.0,1.0954606755372165,0.1844379418617597,24.2014064439008,-44.453090796389745,-0.9999368365654966,-37.69182511265717,-0.9998079100098775
6139,max,0.9555420928769478,4.948601967289205,3.7551046608048835,43.766706587342455,51.011730938453425,0.9998061944989167,312.12113563574485,0.9997470694517855
