stock,minmax,BOP,MINUS_DM,STDDEV,ADXR,TAN,COS,HT_DCPHASE,SIN
6146,min,-0.933327220770486,6.61772405574305,0.8091296840839265,17.31062196274261,-7.420507761620229,-0.9991901175672048,-40.85636595465098,-0.9993447025265029
6146,max,1.0,28.965101889166174,7.477202290056441,41.043193228511676,29.80320995719538,0.9994829369979971,314.46337838432964,0.9994375584433619
