stock,minmax,BOP,MINUS_DM,STDDEV,ADXR,TAN,COS,HT_DCPHASE,SIN
6147,min,-0.8889451690515404,1.0586890550080463,0.12896835888869454,17.44699124428947,-16.363447690481607,-0.9993936748356008,-32.4213921799859,-0.9969092126961849
6147,max,1.0,3.9145937484773956,1.119685910599761,40.04769244527866,37.49473335101991,0.9993710847700146,312.0079116039169,0.99964453417593
