stock,minmax,BOP,MINUS_DM,STDDEV,ADXR,TAN,COS,HT_DCPHASE,SIN
6147,min,-0.8889451690515404,1.0586890550080463,0.12896835888869454,17.44699124428947,-16.363447690481607,-0.9993936748356008,-32.4213921799859,-0.9969092126961849
6147,max,1.8889451690515404,2.8559046934693493,0.9907175517110665,22.600701200989192,53.85818104150152,1.9987647596056153,344.4293037839028,1.9965537468721148
