stock,minmax,BOP,MINUS_DM,STDDEV,ADXR,TAN,COS,HT_DCPHASE,SIN
6176,min,-1.0,0.6935416710204398,0.1748800000383788,14.118975452761887,-1395.2465160131587,-0.9978255880496768,-37.0180429744417,-0.999999743156876
6176,max,1.0,8.748180770811931,2.155155521444085,47.4148907091463,89.29813790511191,0.9954247934397991,301.33213817843034,0.9967393976672919
