stock,minmax,BOP,MINUS_DM,STDDEV,ADXR,TAN,COS,HT_DCPHASE,SIN
6197,min,-1.0,0.8488565978476117,0.18101030468910273,25.828700127754402,-15.429304278037943,-0.9988480053997576,-36.4061286287166,-0.9981530919525183
6197,max,2.0,4.5966872261145815,2.347377438993739,15.273734656998585,36.968591888244674,1.9982865361356885,341.03725878141483,1.9970771076084666
