stock,minmax,BOP,MINUS_DM,STDDEV,ADXR,TAN,COS,HT_DCPHASE,SIN
6206,min,-1.0,0.9970139771402601,0.09658174547310393,14.55962355449497,-56.353530218637665,-0.9999989638023082,-38.94619594277543,-0.999842592580709
6206,max,1.0,4.783061535450045,1.3631997373691285,28.306901001733785,26.407881391641688,0.9994204593264825,313.5459777445584,0.9992837970206083
