stock,minmax,BOP,MINUS_DM,STDDEV,ADXR,TAN,COS,HT_DCPHASE,SIN
6206,min,-1.0,1.0440993258073694,0.10114610027735119,14.559951322343125,-19.76530524335308,-0.9990822623161948,-38.94476317604244,-0.9990390911607105
6206,max,2.0,3.964993545347113,1.3265098336235552,13.875383309682796,42.559840618993654,1.9737751861384703,352.4929370940871,1.9977616815645192
