stock,minmax,BOP,MINUS_DM,STDDEV,ADXR,TAN,COS,HT_DCPHASE,SIN
6206,min,-1.0,1.0440993258073694,0.10114610027735119,14.559951322343125,-19.76530524335308,-0.9990822623161948,-38.94476317604244,-0.9990390911607105
6206,max,1.0,5.009092871154483,1.4276559339009065,28.43533463202592,22.794535375640574,0.9746929238222753,313.54817391804465,0.9987225904038085
