stock,minmax,BOP,MINUS_DM,STDDEV,ADXR,TAN,COS,HT_DCPHASE,SIN
6213,min,-1.0,4.222991983644523,0.2595332302456344,8.78821276091237,-32.698792042256386,-0.9996867400610234,-43.16291671566893,-0.9995326932226264
6213,max,1.0,13.449288104312593,3.6402279368197923,28.572494056105434,6.1680478201887095,0.999954650043784,314.78516560557483,0.9968295675390415
