stock,minmax,BOP,MINUS_DM,STDDEV,ADXR,TAN,COS,HT_DCPHASE,SIN
6213,min,-1.0,4.168178088524606,0.25617745101690387,8.788132151089014,-63.80023280149786,-0.9994863057258011,-43.16267660609833,-0.999877186681621
6213,max,1.0,13.27478129772998,3.592931158484689,28.57228341697818,425.64006126547014,0.9999778114847181,314.78500320357034,0.9999972401644003
