stock,minmax,BOP,MINUS_DM,STDDEV,ADXR,TAN,COS,HT_DCPHASE,SIN
6223,min,-1.0,4.128252881907886,0.35470912025843604,11.269904684780395,-25.069391782305214,-0.999998851030426,-44.12099197226962,-0.9954823341837771
6223,max,0.952380952380952,19.981485107177285,10.515538034736206,31.745978056148058,7.27833418560672,0.9977241450176791,312.53804160979956,0.9992053708096565
