stock,minmax,BOP,MINUS_DM,STDDEV,ADXR,TAN,COS,HT_DCPHASE,SIN
6223,min,-1.0,4.180509247498597,0.35919910910476227,11.269904698669745,-115.16683926773298,-0.996886787669073,-44.120991972287925,-0.9985234590785252
6223,max,0.952380952380952,20.234415298387898,10.648646111124224,31.745978172051544,4.698045891746506,0.9999507650376364,312.538041609799,0.9999623044094421
