stock,minmax,BOP,MINUS_DM,STDDEV,ADXR,TAN,COS,HT_DCPHASE,SIN
6231,min,-1.0,5.566026656422478,0.35429219356135194,13.777040247620285,-36.152633429018444,-0.9956798686568186,-41.33191855119412,-0.9998740965982308
6231,max,0.9782573757318326,23.215705027912733,10.486377677807901,38.661713786822844,71.48632262055553,0.9874005130204156,292.81731481795816,0.999902172634453
