stock,minmax,BOP,MINUS_DM,STDDEV,ADXR,TAN,COS,HT_DCPHASE,SIN
6231,min,-1.0,4.604193839213855,0.2937949380000491,13.780539866614173,-15.02495005465589,-0.9999163953633802,-41.332017475092925,-0.999912519757674
6231,max,0.9782680914678021,19.25344643410867,8.696882368756423,38.71775489930083,75.59647024643488,0.999893290554746,292.81721516801247,0.9999045051409486
