stock,minmax,BOP,MINUS_DM,STDDEV,ADXR,TAN,COS,HT_DCPHASE,SIN
6235,min,-0.8889311525294785,1.3788795442605557,0.19858719999168215,20.29778831749813,-21.231387727433276,-0.9999859009415385,-22.97870605984548,-0.9959604706148796
6235,max,1.0,14.456983396283455,8.021586426038121,65.60550078472662,26.20001531632881,0.999038233305963,313.0361440164197,0.9992723999443457
