stock,minmax,BOP,MINUS_DM,STDDEV,ADXR,TAN,COS,HT_DCPHASE,SIN
6235,min,-0.8889059383151781,1.3672082769515148,0.19691040602381238,20.297004053927434,-121.80925059093593,-0.9978586336457055,-22.979716090455668,-0.9995906855828399
6235,max,1.0,14.334156351403468,7.953493478466006,65.60568263371886,34.94001821957783,0.9999984223549769,313.0351538822547,0.9999663032892574
