stock,minmax,BOP,MINUS_DM,STDDEV,ADXR,TAN,COS,HT_DCPHASE,SIN
6239,min,-1.0,1.7950222856860791,0.12705368314656024,15.457838833964008,-61.74327519385629,-0.9992895012383873,-37.50617797179956,-0.9883484673174535
6239,max,2.0,3.357501508774695,2.444627054893584,16.303859216195296,74.61976983666784,1.9992869104371458,347.8190131226068,1.9882173363553883
