stock,minmax,BOP,MINUS_DM,STDDEV,ADXR,TAN,COS,HT_DCPHASE,SIN
6239,min,-1.0,1.7950222856860791,0.12705368314656024,15.457838833964008,-61.743275193856284,-0.9992895012383873,-37.50617797179956,-0.9883484673174535
6239,max,1.0,5.152523794460774,2.5716807380401443,31.761698050159303,12.87649464281155,0.9999974091987583,310.312835150807,0.9998688690379348
