stock,minmax,BOP,MINUS_DM,STDDEV,ADXR,TAN,COS,HT_DCPHASE,SIN
6245,min,-1.0,5.611323066684906,0.18179999996394228,20.480479159249178,-27.83021346216955,-0.9996285475843146,-29.110958505745145,-0.9997750802677092
6245,max,1.0,22.784741036549555,6.168813775953756,46.19140866231635,47.140908993744354,0.9923105858043657,312.85586088950066,0.997141862887705
