stock,minmax,BOP,MINUS_DM,STDDEV,ADXR,TAN,COS,HT_DCPHASE,SIN
6245,min,-1.0,5.3662233207759895,0.1739100043186527,20.54731024070159,-159.34800497081065,-0.9980672191267149,-29.110845590005965,-0.9999803091748497
6245,max,1.0,21.782000789249846,5.901005544142705,46.05888662796504,28.597462491072623,0.9987104140882853,312.85600176861897,0.9997555977756643
