stock,minmax,BOP,MINUS_DM,STDDEV,ADXR,TAN,COS,HT_DCPHASE,SIN
6271,min,-1.0,6.816542851023267,0.1450400000875031,18.192206939840915,-19.574842399586835,-0.9990847969146208,-42.04112788767429,-0.998528089519108
6271,max,0.9444325284961408,32.229255693711416,9.062266159324222,44.025795398377525,16.346342117773418,0.998248386587673,299.0482661265475,0.9986976599024144
