stock,minmax,BOP,MINUS_DM,STDDEV,ADXR,TAN,COS,HT_DCPHASE,SIN
6271,min,-1.0,6.816542851023267,0.1450400000875031,18.192206939840915,-19.574842399586835,-0.9990847969146208,-42.04112788767429,-0.998528089519108
6271,max,1.9444325284961408,25.412712842688148,8.91722615923672,25.83358845853661,35.92118451736025,1.9973331835022938,341.0893940142218,1.9972257494215224
