stock,minmax,BOP,MINUS_DM,STDDEV,ADXR,TAN,COS,HT_DCPHASE,SIN
6274,min,-1.0,2.8467610248405992,0.17086103126948074,20.696802337316157,-246.4286273526014,-0.999725649833876,-39.21639927346803,-0.9999917665410457
6274,max,1.9565319992448547,11.053626024578971,3.918664734586658,16.46229244109898,277.7390836983843,1.999628597812372,353.79649826375106,1.9937782166291207
