stock,minmax,BOP,MINUS_DM,STDDEV,ADXR,TAN,COS,HT_DCPHASE,SIN
6279,min,-1.0,4.416610711248844,0.359872607497033,16.774518256200842,-13.478545475367696,-0.9999573984208334,-39.90019901374387,-0.9962021925394907
6279,max,1.799991681916491,18.081719328234538,5.068818128072267,10.914349979570453,24.91993462984891,1.983133510535658,354.05602186033786,1.9934612777066978
