stock,minmax,BOP,MINUS_DM,STDDEV,ADXR,TAN,COS,HT_DCPHASE,SIN
6279,min,-1.0,4.178201891874441,0.34030908538733207,16.77447767944785,-164.3949526134327,-0.9988226221009153,-39.90125113802907,-0.9914832997410118
6279,max,0.8000087966220949,21.274515743268825,5.1333958561538005,26.860567887874716,8.533115097736705,0.997114038902693,314.15575400724504,0.9999814996053195
