stock,minmax,BOP,MINUS_DM,STDDEV,ADXR,TAN,COS,HT_DCPHASE,SIN
6282,min,-1.0,1.3017231981418709,0.11903603821098166,13.817528081292656,-6.936564251234058,-0.9985425969515106,-36.45722125754668,-0.9994316858192256
6282,max,1.0,6.128251713817022,2.7793755492908563,39.246276547018674,44.819190251822526,0.9999898216532884,312.0781076678037,0.9997511830974649
