stock,minmax,BOP,MINUS_DM,STDDEV,ADXR,TAN,COS,HT_DCPHASE,SIN
6284,min,-1.0,2.2206060043784923,0.16424331217593754,13.838376233228264,-91.62289401529189,-0.9999601734427671,-43.76747867703193,-0.999940444318972
6284,max,0.9473743016759772,6.289507313131338,2.5740630253344166,40.1767803341646,18.306410132023874,0.9930380945311053,307.0114289721457,0.9961949047516437
