stock,minmax,BOP,MINUS_DM,STDDEV,ADXR,TAN,COS,HT_DCPHASE,SIN
6284,min,-1.0,2.3224335913429446,0.16763407766139124,13.727816043164113,-113.26578421986653,-0.9991379656768758,-43.76589986970862,-0.9999610284980615
6284,max,0.9473309608540909,6.4339228337513505,2.6266040660885235,40.17714321795894,45.69908564957844,0.9928124943069799,307.0111761152521,0.9997606689474419
