stock,minmax,BOP,MINUS_DM,STDDEV,ADXR,TAN,COS,HT_DCPHASE,SIN
6284,min,-1.0,2.3224335913429446,0.16763407766139124,13.727816043164113,-113.26578421986655,-0.9991379656768758,-43.76589986970862,-0.9999610284980615
6284,max,1.947330960854091,4.111489242408406,2.4589699884271323,26.44932717479483,158.96486986944498,1.9919504599838558,350.77707598496073,1.9997216974455032
