stock,minmax,BOP,MINUS_DM,STDDEV,ADXR,TAN,COS,HT_DCPHASE,SIN
6285,min,-1.0,3.0599163839432313,0.09229225322673566,12.316496510950447,-34.62523987903815,-0.9977216376156118,-34.79387530818076,-0.9999584799415903
6285,max,1.0,17.305889909820877,4.963709836241772,27.333814417051514,109.7343258701451,0.9999948039282868,311.1371633231324,0.9993763131842669
