stock,minmax,BOP,MINUS_DM,STDDEV,ADXR,TAN,COS,HT_DCPHASE,SIN
6285,min,-1.0,3.059980553125036,0.09233540172951757,12.316613742405437,-32.486140528748074,-0.9978545721958268,-34.79378782163968,-0.9999754113547689
6285,max,1.0,17.306352288690576,4.963855346242167,27.333814539951433,142.59677139700273,0.9999991239276094,311.1370223653139,0.9994416033427571
