stock,minmax,BOP,MINUS_DM,STDDEV,ADXR,TAN,COS,HT_DCPHASE,SIN
6288,min,-0.930265188718959,1.0570473394439535,0.03719207442849693,16.65689819683242,-7.196632085354031,-0.9998331791106414,-38.69425575520188,-0.9999391678603399
6288,max,1.0,4.887281756658676,1.5446464004426226,40.187802399878656,90.65643589882926,0.9991829588812587,307.65247760904487,0.9857159471933048
