stock,minmax,BOP,MINUS_DM,STDDEV,ADXR,TAN,COS,HT_DCPHASE,SIN
6288,min,-0.930265188718959,1.0570473394439535,0.03719207442849693,16.65689819683242,-7.19663208535403,-0.9998331791106414,-38.69425575520188,-0.9999391678603399
6288,max,1.930265188718959,3.8302344172147222,1.5074543260141255,23.530904203046237,97.8530679841833,1.9990161379919003,346.34673336424675,1.9856551150536448
