stock,minmax,BOP,MINUS_DM,STDDEV,ADXR,TAN,COS,HT_DCPHASE,SIN
6290,min,-1.0,0.8335508587486666,0.22379030004626216,15.696513682459099,-54.46620010184034,-0.9985713321542463,-42.89077055136619,-0.9998314976083178
6290,max,1.0,12.4431382160336,3.7222603548916853,51.07214158021906,12.932428058403051,0.9999823678793874,299.00312153412045,0.997791995357668
