stock,minmax,BOP,MINUS_DM,STDDEV,ADXR,TAN,COS,HT_DCPHASE,SIN
6409,min,-1.0,105.63232506955717,3.6548509356784744,9.747579926850054,-7.086327340141297,-0.9997651192160255,-35.64045968018581,-0.9998512075976012
6409,max,1.0,246.52791133227998,60.21367802705296,20.862915979194668,57.962372715765305,0.9822185431486485,314.8229905269728,0.9901893076666678
