stock,minmax,BOP,MINUS_DM,STDDEV,ADXR,TAN,COS,HT_DCPHASE,SIN
6409,min,-1.0,105.63232506955717,3.6548509356784744,9.747579926850054,-7.086327340141297,-0.9997651192160255,-35.64045968018581,-0.9998512075976012
6409,max,2.0,140.89558626272282,56.55882709137448,11.115336052344613,65.0487000559066,1.981983662364674,350.46345020715864,1.990040515264269
