stock,minmax,BOP,MINUS_DM,STDDEV,ADXR,TAN,COS,HT_DCPHASE,SIN
6411,min,-1.0,2.9583935622332054,0.37852500050805477,14.813490544898073,-239.4914361554724,-0.9997312049197173,-44.855842312506525,-0.9999912826526971
6411,max,1.0,22.346449794204727,6.9897885142836556,51.713855093249606,29.360202863471095,0.9998702529726848,308.339096699068,0.999420472239831
