stock,minmax,BOP,MINUS_DM,STDDEV,ADXR,TAN,COS,HT_DCPHASE,SIN
6411,min,-1.0,3.036635660561876,0.3885250005244082,14.813454421541131,-126.61924152776307,-0.9999948381724759,-44.855634385335804,-0.9985797832938086
6411,max,1.0,22.937172627332934,7.17458412537254,51.71377910544214,44.403061679986806,0.9995303323251248,308.33949367827915,0.9999688146750917
