stock,minmax,BOP,MINUS_DM,STDDEV,ADXR,TAN,COS,HT_DCPHASE,SIN
6412,min,-1.0,1.0266882112502826,0.06685807651633936,21.80620026222998,-16.27734935444741,-0.996102646262401,-22.494020556530756,-0.9996946575965107
6412,max,2.0,8.234451566669136,3.1520331918545574,16.297078994692306,56.734190308508815,1.9934483427556104,330.7921100200557,1.995664869279282
