stock,minmax,BOP,MINUS_DM,STDDEV,ADXR,TAN,COS,HT_DCPHASE,SIN
6412,min,-1.0,1.0266882112502826,0.06685807651633936,21.80620026222998,-16.27734935444741,-0.996102646262401,-22.494020556530756,-0.9996946575965107
6412,max,1.0,9.26113977791942,3.218891268370897,38.103279256922285,40.456840954061406,0.9973456964932094,308.2980894635249,0.9959702116827712
