stock,minmax,BOP,MINUS_DM,STDDEV,ADXR,TAN,COS,HT_DCPHASE,SIN
6414,min,-1.0,5.601354706074092,0.6488389705004093,19.51737115518349,-19.66685084695659,-0.9976217977644718,-43.70916455715599,-0.9999981362896723
6414,max,1.0,24.37152497074672,9.248536650868367,39.49658227100896,517.9587679819067,0.9967106211410766,310.5124008887341,0.9999008491769926
