stock,minmax,BOP,MINUS_DM,STDDEV,ADXR,TAN,COS,HT_DCPHASE,SIN
6415,min,-0.9777765856144638,46.63035169223051,3.3907250770563944,15.932081598623157,-34.508155128981734,-0.9992709329566496,-44.05296594358356,-0.9978294934357658
6415,max,0.9333337843597574,165.12463960359136,42.9547231536746,25.278304874011774,13.549051521633286,0.9999431141503526,313.39047647454174,0.9995803829773533
