stock,minmax,BOP,MINUS_DM,STDDEV,ADXR,TAN,COS,HT_DCPHASE,SIN
6415,min,-0.9777765856144638,46.63035169223051,3.3907250770563944,15.932081598623157,-34.508155128981734,-0.9992709329566496,-44.05296594358356,-0.9978294934357658
6415,max,1.9111103699742213,118.49428791136086,39.563998076618205,9.346223275388617,48.05720665061502,1.9992140471070021,357.4434424181253,1.9974098764131192
