stock,minmax,BOP,MINUS_DM,STDDEV,ADXR,TAN,COS,HT_DCPHASE,SIN
6416,min,-1.0,3.539268907865335,0.16436031628268122,17.70013528678141,-38.145552899417126,-0.9996875574431685,-40.04177839857175,-0.9995786181580238
6416,max,1.0,15.997248055286951,4.49168369170834,32.233734865304854,26.726949465608335,0.9996185812136071,301.6513548778617,0.9996565540525622
