stock,minmax,BOP,MINUS_DM,STDDEV,ADXR,TAN,COS,HT_DCPHASE,SIN
6416,min,-1.0,3.6162623964012424,0.16794837777262497,17.70026713353485,-37.97927806493986,-0.9984490643310838,-40.04167209403795,-0.9963643329904677
6416,max,1.0,16.345303994188008,4.589420016777806,32.23404204763343,56.662421997442216,0.9984424463982822,301.6514896354173,0.9998443036972708
