stock,minmax,BOP,MINUS_DM,STDDEV,ADXR,TAN,COS,HT_DCPHASE,SIN
6417,min,-1.0,1.097116162290636,0.0,21.03681762756241,-677.7402862114418,-0.9995453809200446,-35.69318645201656,-0.9999989114642627
6417,max,1.0,44.23601302524726,11.524641744608985,65.81112113187893,32.766165212542134,0.9980165151004619,304.9772708727153,0.9994196398386296
