stock,minmax,BOP,MINUS_DM,STDDEV,ADXR,TAN,COS,HT_DCPHASE,SIN
6417,min,-1.0,1.1204713288149961,0.0,21.03685544319356,-25.89250724571755,-0.999282483139874,-35.69418993986483,-0.9992550342975416
6417,max,1.0,45.17735586043074,11.769884262742949,65.8112235176303,17.13598206769118,0.9995242575373834,304.975992477953,0.9983015823722267
