stock,minmax,BOP,MINUS_DM,STDDEV,ADXR,TAN,COS,HT_DCPHASE,SIN
6443,min,-1.0,1.8292914890779928,0.08961981924447017,12.544454003583002,-48.81060897234308,-0.9989975070484103,-34.160566326369235,-0.9997902002998124
6443,max,0.9666850600082738,5.809192349937834,1.2293075211687665,25.115760400216473,35.94188493775628,0.9999927349349731,312.62610173636733,0.9771728685276798
