stock,minmax,BOP,MINUS_DM,STDDEV,ADXR,TAN,COS,HT_DCPHASE,SIN
6443,min,-1.0,1.8598217319402863,0.09110359818297216,12.544177015349259,-29.942906199723918,-0.9998517534196791,-34.16011398079581,-0.9998749373292225
6443,max,0.9666870208290959,5.905981034869312,1.2497714277424932,25.116845852001354,63.223773659312826,0.9993949530924414,312.62691511219674,0.9980781093608398
