stock,minmax,BOP,MINUS_DM,STDDEV,ADXR,TAN,COS,HT_DCPHASE,SIN
6469,min,-1.0,7.08147061190798,0.8959161479019222,17.84859467033587,-3.463176537818498,-0.9996660063549208,-34.16767244698724,-0.9996444024381095
6469,max,1.0,58.164435384720036,21.975157872960448,51.09780347796756,37.48778368678002,0.9999802626390303,305.93303191468726,0.9871921365628606
