stock,minmax,BOP,MINUS_DM,STDDEV,ADXR,TAN,COS,HT_DCPHASE,SIN
6469,min,-1.0,5.9636182185183975,0.7544177028749256,17.833651817895998,-19.560279605646897,-0.9994071971606658,-34.16772711428939,-0.9979176722360237
6469,max,1.0,48.9804810867846,18.505355033571178,51.09773897542898,231.3029854720583,0.9935361728511903,305.93298470886316,0.9999906545237183
