stock,minmax,BOP,MINUS_DM,STDDEV,ADXR,TAN,COS,HT_DCPHASE,SIN
6470,min,-0.9545476247314402,2.091624310050638,0.13954359033010424,15.232034897554701,-19.538681301238796,-0.999962243892141,-28.79375700940085,-0.9986873516833841
6470,max,0.9333086602516657,10.737743862049186,3.3168819378448107,35.347220197425465,9.393535895074969,0.9999163798094054,313.4845679018872,0.9986928443017083
