stock,minmax,BOP,MINUS_DM,STDDEV,ADXR,TAN,COS,HT_DCPHASE,SIN
6472,min,-1.0,19.743927155030413,3.147940507843163,14.426909774514566,-25.72835633408713,-0.9951978379695458,-41.78441909883452,-0.999245508768688
6472,max,2.0,98.19478344047911,45.54209984944172,26.79526845931638,36.69611223274546,1.9951750685459178,346.21849361230153,1.997069272451899
