stock,minmax,BOP,MINUS_DM,STDDEV,ADXR,TAN,COS,HT_DCPHASE,SIN
6472,min,-1.0,19.441341585174587,3.099720003556262,14.426954919635396,-30.129488868573247,-0.9787773936617715,-41.78453430711602,-0.9994496640935298
6472,max,1.0,116.13134583185709,47.94386842533704,41.22214468648642,21.81018411930819,0.9991580803405652,304.43407952965646,0.99895053669568
