stock,minmax,BOP,MINUS_DM,STDDEV,ADXR,TAN,COS,HT_DCPHASE,SIN
6472,min,-1.0,19.743927155030413,3.147940507843163,14.426909774514566,-25.728356334087135,-0.9951978379695458,-41.78441909883452,-0.999245508768688
6472,max,1.0,117.93871059550952,48.69004035728488,41.222178233830945,10.96775589865833,0.999977230576372,304.434074513467,0.997823763683211
