stock,minmax,BOP,MINUS_DM,STDDEV,ADXR,TAN,COS,HT_DCPHASE,SIN
6488,min,-1.0,16.918616865110884,1.952327048646277,13.425377244674433,-12.04027353735809,-0.9998036451642621,-44.121436948589576,-0.9956999973434246
6488,max,2.0,37.64693755834754,15.305355345657825,17.637737184863003,180.85025881756354,1.9876887713082065,346.06388121249677,1.9956824519823408
