stock,minmax,BOP,MINUS_DM,STDDEV,ADXR,TAN,COS,HT_DCPHASE,SIN
6488,min,-1.0,16.918616865110884,1.952327048646277,13.425377244674433,-12.04027353735809,-0.9998036451642621,-44.12143694858946,-0.9956999973434246
6488,max,1.0,54.56555442345842,17.2576823943041,31.063114429537436,168.80998528020544,0.9878851261439445,301.94244426390713,0.9999824546389162
