stock,minmax,BOP,MINUS_DM,STDDEV,ADXR,TAN,COS,HT_DCPHASE,SIN
6505,min,-1.0,1.4564511595716054,0.23865340056361856,12.818565326519398,-67.10000080578948,-0.9999837644300454,-36.896793544802335,-0.9998889668611521
6505,max,1.0,4.6380448887414705,2.164836393448461,25.23255630808265,277.3666779350168,0.9999179659664984,309.54390840255616,0.9999935008404217
