stock,minmax,BOP,MINUS_DM,STDDEV,ADXR,TAN,COS,HT_DCPHASE,SIN
6510,min,-1.0,24.707405369805862,2.353079999900328,20.237018805601544,-45.973849951405136,-0.9997441769507478,-37.61696639476861,-0.9997635201277363
6510,max,2.0,111.07561014415865,19.698085125010092,18.93553277810419,54.08177313624963,1.9996795797546278,351.16865420861296,1.9988600494350766
