stock,minmax,BOP,MINUS_DM,STDDEV,ADXR,TAN,COS,HT_DCPHASE,SIN
6510,min,-1.0,24.707405369805862,2.353079999900328,20.237018805601544,-45.973849951405136,-0.9997441769507478,-37.61696639476861,-0.9997635201277363
6510,max,1.0,135.7830155139645,22.05116512491042,39.17255158370573,8.107923184844495,0.9999354028038799,313.55168781384435,0.9990965293073403
