stock,minmax,BOP,MINUS_DM,STDDEV,ADXR,TAN,COS,HT_DCPHASE,SIN
6515,min,-0.9761897776669436,29.513036957279937,3.0580150395771,16.691955921110328,-20.915169130216782,-0.9969029008059509,-41.81178356084746,-0.9941683745318494
6515,max,1.0,148.54228919075746,61.898422144912885,42.05956043005987,83.69597714787645,0.999080142449666,304.6537286964424,0.9999286302228085
