stock,minmax,BOP,MINUS_DM,STDDEV,ADXR,TAN,COS,HT_DCPHASE,SIN
6531,min,-1.0,8.189332655427801,1.9220700001387174,20.46821186615002,-493.06726387295805,-0.9997856013675368,-43.78495072651293,-0.9999979433692465
6531,max,2.0,48.02126496265842,14.780558323493945,22.339694438498732,525.0448808722822,1.999474016236185,353.6465544909922,1.9995093366651275
