stock,minmax,BOP,MINUS_DM,STDDEV,ADXR,TAN,COS,HT_DCPHASE,SIN
6561,min,-0.9523783252970832,5.415977767350208,0.610346289784783,17.384027114234396,-217.79762545150157,-0.9952936965978825,-42.185406310709254,-0.9980695798389778
6561,max,1.9523783252970832,30.362216428999993,14.178489182333603,35.826291734418646,346.38959540183293,1.9950167383626416,349.72890767030367,1.9980590394446947
