stock,minmax,BOP,MINUS_DM,STDDEV,ADXR,TAN,COS,HT_DCPHASE,SIN
6561,min,-0.9523783252970832,5.415977767350208,0.610346289784783,17.384027114234396,-217.79762545150155,-0.9952936965978825,-42.185406310709254,-0.9980695798389778
6561,max,1.0,35.7781941963502,14.788835472118386,53.21031884865304,128.59196995033136,0.9997230417647591,307.5435013595944,0.9999894596057167
