stock,minmax,BOP,MINUS_DM,STDDEV,ADXR,TAN,COS,HT_DCPHASE,SIN
6570,min,-1.0,0.9419197781585122,0.2605702239417118,14.310308993326998,-94.01757112215209,-0.9993330403951107,-24.889264649408346,-0.9993156085472897
6570,max,1.0,9.685190472874261,3.877065619769968,44.84225024848753,18.77896457948429,0.999882143908298,314.8776309811726,0.9999434392574394
