stock,minmax,BOP,MINUS_DM,STDDEV,ADXR,TAN,COS,HT_DCPHASE,SIN
6589,min,-1.0,8.809329922129795,0.5099019513577089,16.079695591053916,-8.653227339083285,-0.9997555067434422,-43.35243307869894,-0.9996478560364893
6589,max,1.0,25.480225664326507,6.8992753242641625,32.20118435617032,37.67126065305412,0.9952666362171313,295.2886622431114,0.9933886495524434
