stock,minmax,BOP,MINUS_DM,STDDEV,ADXR,TAN,COS,HT_DCPHASE,SIN
6591,min,-1.0,1.3077199220429228,0.07090750597179561,17.24283440642041,-26.097454311745754,-0.9997375729349106,-37.154645785911896,-0.9992666761830978
6591,max,1.0,3.7292457928894365,1.3831963238829874,42.996226642647215,669.5779189700609,0.9934523590607023,299.6216230367296,0.9999988847633549
