stock,minmax,BOP,MINUS_DM,STDDEV,ADXR,TAN,COS,HT_DCPHASE,SIN
6591,min,-1.0,1.3077199220429228,0.07090750597179561,17.24283440642041,-26.097454311745754,-0.9997375729349106,-37.154645785911896,-0.9992666761830978
6591,max,2.0,2.421525870846514,1.3122888179111918,25.753392236226805,695.6753732818066,1.9931899319956128,336.7762688226415,1.9992655609464527
