stock,minmax,BOP,MINUS_DM,STDDEV,ADXR,TAN,COS,HT_DCPHASE,SIN
6591,min,-1.0,1.3679455267412497,0.07415250231715505,17.24276518383867,-9.626700020670546,-0.9980593477412487,-37.15605625825998,-0.9872091355134207
6591,max,1.0,3.901257773619213,1.4468905653162782,42.996858379665255,6.66583866663873,0.9991719852737774,299.6225892429751,0.9946479806972914
