stock,minmax,BOP,MINUS_DM,STDDEV,ADXR,TAN,COS,HT_DCPHASE,SIN
6612,min,-0.9523878619035184,3.3061897435164456,0.4306520498181749,19.738867533084854,-58.800993794493934,-0.9996503439274802,-34.650268381096794,-0.9998554205797137
6612,max,1.0,31.988799495451968,12.427857046909198,59.39710960935082,52.86831264140933,0.9997337434375028,311.0064387969137,0.990337161769376
