stock,minmax,BOP,MINUS_DM,STDDEV,ADXR,TAN,COS,HT_DCPHASE,SIN
6612,min,-0.9523878619035184,3.3061897435164456,0.4306520498181749,19.738867533084854,-58.800993794493934,-0.9996503439274802,-34.650268381096794,-0.9998554205797137
6612,max,1.9523878619035184,28.682609751935523,11.997204997091023,39.658242076265964,111.66930643590327,1.9993840873649829,345.6567071780105,1.9901925823490898
