stock,minmax,BOP,MINUS_DM,STDDEV,ADXR,TAN,COS,HT_DCPHASE,SIN
6612,min,-0.9523799377849744,3.0380462014363676,0.39104107918621717,19.08305698721309,-143.14752432858407,-0.9998240903005358,-34.65022550818975,-0.9997044616811609
6612,max,1.0,29.046918167738454,11.284789642948864,59.22043957509954,41.12271911226269,0.99982636355028,311.0063610430321,0.9999756001910373
