stock,minmax,BOP,MINUS_DM,STDDEV,ADXR,TAN,COS,HT_DCPHASE,SIN
6643,min,-1.0,19.539983949913918,3.225474271223162,19.680355963393943,-10.732623414574606,-0.9930789898172269,-39.543279513861194,-0.9997675817909529
6643,max,2.0,67.9536669964543,43.73975331759707,22.119623677546308,57.106586640501305,1.9912837083850807,344.2841306295945,1.9954549566671451
