stock,minmax,BOP,MINUS_DM,STDDEV,ADXR,TAN,COS,HT_DCPHASE,SIN
6670,min,-1.0,4.500584388719167,0.40311833491973503,21.34851802482956,-8.475478975748201,-0.9988035339767349,-40.43180058694895,-0.9877372773759571
6670,max,1.0,20.637376730984883,8.732358278816708,37.35652779707083,4.061649010287259,0.9993622822893418,308.6774973679393,0.9931113232028661
