stock,minmax,BOP,MINUS_DM,STDDEV,ADXR,TAN,COS,HT_DCPHASE,SIN
6670,min,-1.0,4.500584388719167,0.40311833491973503,21.34851802482956,-8.475478975748201,-0.9988035339767349,-40.43180058694895,-0.9877372773759571
6670,max,2.0,16.136792342265714,8.329239943896972,16.008009772241273,12.537127986035461,1.9981658162660767,349.10929795488823,1.980848600578823
