stock,minmax,BOP,MINUS_DM,STDDEV,ADXR,TAN,COS,HT_DCPHASE,SIN
6679,min,-1.0,9.938536219999309,2.068730107444472,11.14183106461969,-22.83479691123493,-0.9998883080880064,-44.1566188759565,-0.9972885354731779
6679,max,2.0,41.76173082054199,17.969013702012976,30.095690568324915,36.386642931379356,1.9998630658671956,358.6828427482957,1.9963310072690779
