stock,minmax,BOP,MINUS_DM,STDDEV,ADXR,TAN,COS,HT_DCPHASE,SIN
6683,min,-1.0,8.634596906572881,1.036035144977143,17.505005601040224,-4.904873841199895,-0.9884730624941828,-42.80132254625971,-0.9798429703831517
6683,max,1.0,32.49768448970382,7.82302571577121,32.20989519771042,18.23983179376863,0.9999297246505394,307.9223040438629,0.9985004855860359
