stock,minmax,BOP,MINUS_DM,STDDEV,ADXR,TAN,COS,HT_DCPHASE,SIN
6691,min,-1.0,2.2860884514770894,0.4950864991394561,16.985033538761158,-20.329927140801914,-0.9996797974376207,-29.53661310710146,-0.9999754712706237
6691,max,1.8571512447158316,22.68496906926498,9.85476827599792,43.022521288055195,163.10075792295456,1.9989070569836662,343.6053404536377,1.9955552409746873
