stock,minmax,BOP,MINUS_DM,STDDEV,ADXR,TAN,COS,HT_DCPHASE,SIN
6691,min,-1.0,1.6391679188135557,0.3966306574216554,17.027670485899243,-34.98549930636187,-0.9997490397119605,-29.536690153704058,-0.9995917484559376
6691,max,0.8571428571428588,19.983229664867725,8.291868932491465,61.87379875941507,54.00609314467077,0.9986220186559521,314.06864299865117,0.9998286149941694
