stock,minmax,BOP,MINUS_DM,STDDEV,ADXR,TAN,COS,HT_DCPHASE,SIN
6691,min,-1.0,2.2860884514770894,0.4950864991394561,16.985033538761158,-20.329927140801914,-0.9996797974376207,-29.53661310710146,-0.9999754712706237
6691,max,0.8571512447158317,24.971057520742068,10.349854775137375,60.00755482681635,142.77083078215264,0.9992272595460456,314.06872734653626,0.9955797697040637
