stock,minmax,BOP,MINUS_DM,STDDEV,ADXR,TAN,COS,HT_DCPHASE,SIN
6712,min,-1.0,6.561991374664003,0.7782886235704116,15.187221959070202,-3249.6465274670986,-0.9998451953111155,-43.139172970851575,-0.9999999526524267
6712,max,2.0,17.81156723858364,5.5715053423440555,14.978103928102618,3275.1391280726402,1.9996793723679422,352.9293193701921,1.9942027115288157
