stock,minmax,BOP,MINUS_DM,STDDEV,ADXR,TAN,COS,HT_DCPHASE,SIN
6715,min,-1.0,8.413362280568693,0.5568559059613045,14.350437132594045,-36.03768937532084,-0.9993956049026107,-38.63688764020196,-0.9997689887175361
6715,max,1.0,28.209568340266202,13.386768772784125,31.31744183488648,46.51501349335115,0.9999670261891972,314.2476536439915,0.9996152262683872
