stock,minmax,BOP,MINUS_DM,STDDEV,ADXR,TAN,COS,HT_DCPHASE,SIN
6719,min,-0.962968356031053,20.17606560647931,1.5999315789279247,14.671236084964061,-11.191573711956368,-0.9782716580880867,-43.63788674023283,-0.9960317720184593
6719,max,0.949997413480933,62.586493779018284,21.795533400428024,29.807467217882675,6.694533928650995,0.9996089151443214,299.2698203499648,0.9890267628103246
