stock,minmax,BOP,MINUS_DM,STDDEV,ADXR,TAN,COS,HT_DCPHASE,SIN
6719,min,-0.962968356031053,20.17606560647931,1.5999315789279247,14.671236084964061,-11.191573711956368,-0.9782716580880867,-43.63788674023283,-0.9960317720184593
6719,max,1.912965769511986,42.41042817253897,20.195601821500098,15.136231132918613,17.886107640607364,1.977880573232408,342.9077070901976,1.985058534828784
