stock,minmax,BOP,MINUS_DM,STDDEV,ADXR,TAN,COS,HT_DCPHASE,SIN
6732,min,-1.0,14.900135596083922,2.148622752735037,17.116826081091716,-46.06630440308119,-0.9999082906468938,-43.76673321620456,-0.9997644680640295
6732,max,1.0,78.58169390083316,26.94078452275581,49.56190743537299,48.41963553793699,0.9980534239049252,311.28904377026544,0.9997867995744678
