stock,minmax,BOP,MINUS_DM,STDDEV,ADXR,TAN,COS,HT_DCPHASE,SIN
6741,min,-1.0,8.47812639531082,0.889563743434555,19.28578741152988,-46.82371942115512,-0.9999427684153517,-44.87459925369558,-0.9959800885396541
6741,max,1.9583396175824919,14.22425881406135,10.945217154479877,16.005273202524037,57.94268306061859,1.9993607091508836,354.87747010955457,1.9957521122643245
