stock,minmax,BOP,MINUS_DM,STDDEV,ADXR,TAN,COS,HT_DCPHASE,SIN
6741,min,-1.0,8.47812639531082,0.889563743434555,19.28578741152988,-46.82371942115512,-0.9999427684153517,-44.87459925369558,-0.9959800885396541
6741,max,0.9583396175824919,22.70238520937217,11.834780897914433,35.29106061405392,11.118963639463477,0.9994179407355318,310.002870855859,0.9997720237246703
