stock,minmax,BOP,MINUS_DM,STDDEV,ADXR,TAN,COS,HT_DCPHASE,SIN
6741,min,-1.0,8.393753589316999,0.8807312747679262,19.28589116640905,-48.23953694818932,-0.9987934535301118,-44.87467082556327,-0.9987626719827367
6741,max,0.958327338586142,22.47641007078231,11.71704564835219,35.29086560604834,20.083493682761762,0.9999966421933291,310.00280571081043,0.9997852051819323
