stock,minmax,BOP,MINUS_DM,STDDEV,ADXR,TAN,COS,HT_DCPHASE,SIN
6747,min,-1.0,5.51549843610056,0.5647439758989756,20.03083557120071,-96.55612162011859,-0.999981953280838,-31.77855306831691,-0.9997949392214651
6747,max,0.8888918542399489,36.291505440628754,13.147133208478735,50.37889214036055,9.552970800792238,0.9987552311663438,305.7411590651339,0.999946373995184
