stock,minmax,BOP,MINUS_DM,STDDEV,ADXR,TAN,COS,HT_DCPHASE,SIN
6747,min,-1.0,6.393785587917159,0.6546776715028326,20.125413637059047,-558.2263779142056,-0.9999050400135117,-31.77850228440184,-0.9992080341070627
6747,max,0.8888873540990392,42.03493399192413,15.24085378119987,50.969831176356955,25.111559463448298,0.9910923799497788,305.74119130349106,0.9999983954684898
