stock,minmax,BOP,MINUS_DM,STDDEV,ADXR,TAN,COS,HT_DCPHASE,SIN
6756,min,-1.0,15.053182524662024,0.5598304794096444,15.075689328980674,-31.597901883623383,-0.9999451113244188,-41.622872526666924,-0.9994995883317773
6756,max,1.9444418690895606,20.3012423013173,12.380132819674099,13.326545891649856,45.67196009749433,1.999552301365907,354.51379690553074,1.9986794446785079
