stock,minmax,BOP,MINUS_DM,STDDEV,ADXR,TAN,COS,HT_DCPHASE,SIN
6768,min,-1.0,1.463100339338231,0.06690083393353397,6.853952652517485,-15.739136029492887,-0.9999199357353964,-43.30580313225266,-0.9971404128998635
6768,max,1.0,7.687587469710729,1.5439004548153927,19.589982937795178,38.52788839519941,0.999691330960146,307.47136694536545,0.9996633332488353
