stock,minmax,BOP,MINUS_DM,STDDEV,ADXR,TAN,COS,HT_DCPHASE,SIN
6768,min,-1.0,1.463100339338231,0.06690083393353397,6.853952652517485,-15.739136029492888,-0.9999199357353964,-43.30580313225266,-0.9971404128998635
6768,max,2.0,6.224487130372498,1.4769996208818588,12.736030285277693,54.2670244246923,1.9996112666955423,350.77717007761817,1.9968037461486987
