stock,minmax,BOP,MINUS_DM,STDDEV,ADXR,TAN,COS,HT_DCPHASE,SIN
6781,min,-0.9705887772400055,48.23853981956217,3.2954368876015834,18.518918746829133,-22.508204308321602,-0.9999355236864568,-42.48285975038914,-0.9955485409412151
6781,max,1.9407386357346885,105.07624140767552,34.011881722677614,12.1105909158243,57.70528938180969,1.9997704150433429,351.32640470342574,1.9951451800567632
