stock,minmax,BOP,MINUS_DM,STDDEV,ADXR,TAN,COS,HT_DCPHASE,SIN
6781,min,-0.9705887772400055,48.23853981956217,3.2954368876015834,18.518918746829133,-22.508204308321602,-0.9999355236864568,-42.48285975038914,-0.9955485409412151
6781,max,0.9701498584946829,153.3147812272377,37.3073186102792,30.629509662653433,35.19708507348809,0.9998348913568861,308.8435449530366,0.999596639115548
