stock,minmax,BOP,MINUS_DM,STDDEV,ADXR,TAN,COS,HT_DCPHASE,SIN
6782,min,-1.0,25.433963120640133,2.05415373172927,13.766139315623287,-26099.966248704135,-0.9996512827675738,-41.36741464058673,-0.9951737617121885
6782,max,0.9848462940843653,98.47721233284071,28.63346343770435,30.830311613327115,10.141546221026276,0.9958474372710371,308.39075666486355,0.99999999926601
