stock,minmax,BOP,MINUS_DM,STDDEV,ADXR,TAN,COS,HT_DCPHASE,SIN
6782,min,-1.0,25.66063188059396,2.0729970606902604,19.253138497011474,-26.322399434114185,-0.9986416107756149,-41.250029225689104,-0.9992791427677054
6782,max,0.9848470218869418,99.37778218062853,28.896110943406214,31.087952951718478,4.00041354420482,0.993493233138015,307.854958754433,0.9901044538655434
