stock,minmax,BOP,MINUS_DM,STDDEV,ADXR,TAN,COS,HT_DCPHASE,SIN
6788,min,-1.0,5.5250132235894736,0.4757152988905916,20.79159984415888,-625.9659545163865,-0.9980341535158184,-41.494059287172945,-0.9946496688163707
6788,max,1.0,26.057545316783756,9.400755850334214,43.930436454466864,39.467541927775486,0.9999261923558648,297.0210627577663,0.9999987239498386
