stock,minmax,BOP,MINUS_DM,STDDEV,ADXR,TAN,COS,HT_DCPHASE,SIN
6799,min,-1.0,5.698165490466153,0.49948034037802064,16.949954261197227,-12.991136390810126,-0.99999779247417,-44.201805393227005,-0.9998770645583172
6799,max,1.0,38.79213297194449,14.20614570199856,43.38472965396184,63.76852970861248,0.9994401973362372,310.6860449780795,0.9997757982775015
