stock,minmax,BOP,MINUS_DM,STDDEV,ADXR,TAN,COS,HT_DCPHASE,SIN
6803,min,-1.0,1.5157534983012166,0.18267999913686617,14.495744331562943,-174.35188340547634,-0.9992076964672316,-28.17999464876266,-0.9993107364913912
6803,max,1.0,17.160822457001814,4.609088864963111,48.999842431310256,26.919547855154107,0.9999953293181588,290.2505794295189,0.9999835522686711
