stock,minmax,BOP,MINUS_DM,STDDEV,ADXR,TAN,COS,HT_DCPHASE,SIN
6806,min,-1.0,3.622902944003903,0.48968708947683987,17.1742059147619,-31.681735849544925,-0.9988842628904707,-41.34414241457125,-0.9984337812492423
6806,max,1.943394794749222,18.30252231590972,6.2900006633921945,23.46911205205957,48.78614724267045,1.9986215920196915,346.307463713132,1.9979360124105559
