stock,minmax,BOP,MINUS_DM,STDDEV,ADXR,TAN,COS,HT_DCPHASE,SIN
6806,min,-1.0,3.622902944003903,0.48968708947683987,17.1742059147619,-31.68173584954493,-0.9988842628904707,-41.34414241457125,-0.9984337812492423
6806,max,0.9433947947492222,21.925425259913624,6.779687752869035,40.64331796682147,17.104411393125527,0.9997373291292206,304.96332129856074,0.9995022311613135
