stock,minmax,BOP,MINUS_DM,STDDEV,ADXR,TAN,COS,HT_DCPHASE,SIN
6811,min,-1.0,4.896213596761906,0.5488537823206284,25.401519996471574,-23.41126157670027,-0.9998310171128371,-20.709041578299036,-0.9999244159153804
6811,max,1.0,38.2700179975117,17.825795173848466,48.09378123448136,81.32895702273741,0.9995299557091888,308.16721271255165,0.9995294293850558
