stock,minmax,BOP,MINUS_DM,STDDEV,ADXR,TAN,COS,HT_DCPHASE,SIN
6811,min,-1.0,4.896213596761906,0.5488537823206284,25.401519996471574,-23.411261576700273,-0.9998310171128371,-20.709041578299036,-0.9999244159153804
6811,max,2.0,33.3738044007498,17.27694139152784,22.692261238009788,104.74021859943767,1.9993609728220259,328.8762542908507,1.9994538453004362
