stock,minmax,BOP,MINUS_DM,STDDEV,ADXR,TAN,COS,HT_DCPHASE,SIN
6829,min,-1.0,2.675589040756591,0.2222094201550343,15.019371920626398,-4.292398141278927,-0.9997966132710422,-39.6942499895722,-0.998259257859034
6829,max,0.9830658120110892,23.677580678741254,9.746988505707936,55.81220267364725,98.83856376595409,0.9999329900860746,293.67235819041855,0.9999488219408592
