stock,minmax,BOP,MINUS_DM,STDDEV,ADXR,TAN,COS,HT_DCPHASE,SIN
6829,min,-1.0,2.675589040756591,0.2222094201550343,15.019371920626398,-4.292398141278927,-0.9997966132710422,-39.6942499895722,-0.998259257859034
6829,max,1.9830658120110893,21.001991637984663,9.524779085552902,40.79283075302085,103.13096190723302,1.9997296033571168,333.36660817999075,1.9982080797998933
