stock,minmax,BOP,MINUS_DM,STDDEV,ADXR,TAN,COS,HT_DCPHASE,SIN
6829,min,-1.0,2.59895098344079,0.2169311835647452,15.019636559850357,-147.97166290478842,-0.9998118025679399,-39.694250011639895,-0.9999869303488962
6829,max,0.9830490077247321,23.108123163123572,9.51396176826493,55.95260935697418,195.590946347858,0.9930217848595291,293.67234818894633,0.9997786934871736
