stock,minmax,BOP,MINUS_DM,STDDEV,ADXR,TAN,COS,HT_DCPHASE,SIN
6830,min,-1.0,4.443488562083026,0.6434975723421104,23.859478403052062,-17.081685663957064,-0.9804118188847839,-32.579719905989805,-0.9982907956308876
6830,max,1.0,22.709321384931442,8.564487292909188,47.10526489289852,12.07041981814267,0.9999456785044043,313.75049000653394,0.9965857397551839
