stock,minmax,BOP,MINUS_DM,STDDEV,ADXR,TAN,COS,HT_DCPHASE,SIN
8028,min,-1.0,2.482462380499955,0.08295812440766884,9.36398523223291,-152.99873720732947,-0.9999597239613939,-32.90079019540241,-0.9960573367635337
8028,max,2.0,4.8208736375978685,2.0240577135981743,10.29398174934985,223.5219195993212,1.9315139015536995,343.76783906297476,1.9960359777890277
