stock,minmax,BOP,MINUS_DM,STDDEV,ADXR,TAN,COS,HT_DCPHASE,SIN
8046,min,-0.9285616448780182,14.347183928194786,0.514128907862581,11.866127290000298,-165.56196550424238,-0.9957082482151597,-32.45489947551749,-0.9999817594901051
8046,max,1.0,43.22853304151705,9.73054479018676,34.074922017632545,14.238708388438887,0.9986933006342507,307.064114530054,0.999026962324094
