stock,minmax,BOP,MINUS_DM,STDDEV,ADXR,TAN,COS,HT_DCPHASE,SIN
8046,min,-0.9285616448780182,14.347183928194786,0.514128907862581,11.866127290000298,-165.56196550424238,-0.9957082482151597,-32.45489947551732,-0.9999817594901051
8046,max,1.9285616448780183,28.881349113322266,9.21641588232418,22.208794727632245,179.80067389268126,1.9944015488494102,339.51901400557136,1.9990087218141992
