stock,minmax,BOP,MINUS_DM,STDDEV,ADXR,TAN,COS,HT_DCPHASE,SIN
8049,min,-1.0,0.7358513415592275,0.06280437567683919,24.080656544076383,-12.634375404115701,-0.9998534702542758,-35.39205952588833,-0.9999073102901113
8049,max,1.0,4.289297157280453,1.074559063803691,52.04432599050669,73.44107886807898,0.9997137740952162,313.3865919620438,0.9778267539007649
