stock,minmax,BOP,MINUS_DM,STDDEV,ADXR,TAN,COS,HT_DCPHASE,SIN
8049,min,-1.0,0.6860193365007478,0.058552151104126135,24.081148875256126,-27.327288888132497,-0.9990467865573435,-35.39197121789999,-0.9623626595495475
8049,max,1.0,3.9989176006714287,1.0018469396065608,52.038285995844646,150.98990052593737,0.9999482507604187,313.3896086243884,0.9999780689250385
