stock,minmax,BOP,MINUS_DM,STDDEV,ADXR,TAN,COS,HT_DCPHASE,SIN
8050,min,-0.8947690595436858,3.4625085366500645,0.1283216832345072,13.378963525557928,-1270.1096089813136,-0.9993406342070541,-34.66641414018227,-0.9999996900530271
8050,max,1.8947690595436857,8.113741904942954,2.514989674436882,16.522875628823847,1283.7053913991163,1.9992138549955907,346.84289597873203,1.9997754025119583
