stock,minmax,BOP,MINUS_DM,STDDEV,ADXR,TAN,COS,HT_DCPHASE,SIN
8050,min,-0.8947275405007413,3.270453919040553,0.1211795956128565,13.378248084363598,-24.269912253546988,-0.9988408069421948,-34.666083170499746,-0.9999926193266
8050,max,1.0,10.943046882835635,2.496780911012588,29.341447744285077,260.2762879178805,0.9994402121940671,312.1768276107979,0.9998263788947068
