stock,minmax,BOP,MINUS_DM,STDDEV,ADXR,TAN,COS,HT_DCPHASE,SIN
8050,min,-0.8947690595436858,3.4625085366500645,0.1283216832345072,13.378963525557928,-1270.1096089813136,-0.9993406342070541,-34.66641414018227,-0.9999996900530271
8050,max,1.0,11.576250441593018,2.643311357671389,29.901839154381776,13.595782417802587,0.9998732207885366,312.17648183854976,0.9997757124589312
