stock,minmax,BOP,MINUS_DM,STDDEV,ADXR,TAN,COS,HT_DCPHASE,SIN
8069,min,-1.0,7.892280917577151,0.6923141079496093,13.526120258545951,-28.745654626998206,-0.9998324855069749,-43.44592215515968,-0.9999949514924295
8069,max,1.0,39.08137843354772,11.632431254973165,34.14941949987429,314.7037020653262,0.999698437627636,311.5304792568534,0.9993954508286733
