stock,minmax,BOP,MINUS_DM,STDDEV,ADXR,TAN,COS,HT_DCPHASE,SIN
8069,min,-1.0,7.666702976994026,0.6800953021633989,13.36516805593127,-67.62804854128186,-0.993587215115393,-43.44584689537305,-0.996642627023492
8069,max,1.0,38.98399980518147,11.427172092063167,34.12573102855168,59.876033144300465,0.9998565083401323,311.5305773987228,0.9998906937282
