stock,minmax,BOP,MINUS_DM,STDDEV,ADXR,TAN,COS,HT_DCPHASE,SIN
8086,min,-1.0,3.2525746686076404,0.3543273322608745,18.734086761262745,-130.08155646224168,-0.9999819018826279,-42.09844816442296,-0.9999704525976446
8086,max,1.0,13.597326690262369,4.224013845335313,33.8154416276737,113.7545941067668,0.9994381338567679,313.7049006311863,0.9999613626845658
