stock,minmax,BOP,MINUS_DM,STDDEV,ADXR,TAN,COS,HT_DCPHASE,SIN
8086,min,-1.0,3.2421776582896062,0.35777087638810995,18.73425356428841,-32.268575775934416,-0.9992074342602034,-42.09875073487075,-0.9999436861830071
8086,max,1.0,13.711346838897732,4.265208084020158,34.050702090830285,94.2234878555044,0.9998869257099253,313.7047996923094,0.9995201585807313
