stock,minmax,BOP,MINUS_DM,STDDEV,ADXR,TAN,COS,HT_DCPHASE,SIN
8114,min,-1.0,3.948750766650801,0.37696000001363184,14.466284973257896,-6.783573907775247,-0.9999504238247888,-41.07425688543975,-0.9999542214103762
8114,max,1.0,15.271302787154827,2.8177308092880318,22.11196018545424,104.50543719911406,0.9999402076960647,313.5370491526723,0.9999454353048094
