stock,minmax,BOP,MINUS_DM,STDDEV,ADXR,TAN,COS,HT_DCPHASE,SIN
8210,min,-1.0,2.9818629688419467,0.2927438634794781,15.343098773009967,-17.139117705362047,-0.9970202993844306,-44.249412544357426,-0.9997728937192142
8210,max,1.0,13.038897285174524,7.943828747046642,30.477098491782158,188.48827091071485,0.9999971765675838,304.014609771192,0.9999859268221708
