stock,minmax,BOP,MINUS_DM,STDDEV,ADXR,TAN,COS,HT_DCPHASE,SIN
8215,min,-1.0,1.0106250596768118,0.06324803870433958,20.320607316879897,-47.42121381102462,-0.9998365465986394,-38.36933002549392,-0.9997777305076284
8215,max,2.0,4.605492691992173,1.890158805759701,15.677445886011622,84.98441001818264,1.9912779040314486,351.5692616251863,1.9978016144919275
