stock,minmax,BOP,MINUS_DM,STDDEV,ADXR,TAN,COS,HT_DCPHASE,SIN
8215,min,-1.0,1.0106250596768118,0.06324803870433958,20.320607316879897,-47.42121381102462,-0.9998365465986394,-38.36933002549392,-0.9997777305076284
8215,max,1.0,5.616117751668985,1.9534068444640404,35.99805320289152,37.56319620715803,0.9914413574328091,313.1999315996924,0.9980238839842992
