stock,minmax,BOP,MINUS_DM,STDDEV,ADXR,TAN,COS,HT_DCPHASE,SIN
8255,min,-1.0,9.740829925077616,0.5637741590225349,17.531946308877075,-6.556074347271693,-0.9787378691367064,-42.35552523469369,-0.9885663777659881
8255,max,0.9285745947782893,23.182898109988976,7.652047326146096,35.56728175577088,11.768323170787909,0.9995633528787958,307.09012071245115,0.996409154717282
