stock,minmax,BOP,MINUS_DM,STDDEV,ADXR,TAN,COS,HT_DCPHASE,SIN
8255,min,-1.0,9.740829925077616,0.5637741590225349,17.531946308877075,-6.556074347271694,-0.9787378691367064,-42.35552523469369,-0.9885663777659881
8255,max,1.9285745947782893,13.44206818491136,7.088273167123561,18.035335446893804,18.3243975180596,1.978301222015502,349.44564594714484,1.98497553248327
