stock,minmax,BOP,MINUS_DM,STDDEV,ADXR,TAN,COS,HT_DCPHASE,SIN
8261,min,-1.0,5.078006512700081,0.3014283065757305,14.864071133528892,-11.137566932865052,-0.9897419535010479,-32.460425210166875,-0.9959934258643374
8261,max,1.0,12.973136134146822,4.176872887029586,24.637605708267152,55.316148944721164,0.9993615697892535,313.88173283346475,0.9998366347444084
