stock,minmax,BOP,MINUS_DM,STDDEV,ADXR,TAN,COS,HT_DCPHASE,SIN
8261,min,-1.0,4.934026732967716,0.292890156865194,14.864279348412149,-22.908583937804625,-0.9980448595567948,-32.46042768558243,-0.9929333241061014
8261,max,1.0,12.605242719940403,4.058448423521971,24.548413794193777,8.366929607725586,0.99929452155086,313.8813274788761,0.9990486213459732
