stock,minmax,BOP,MINUS_DM,STDDEV,ADXR,TAN,COS,HT_DCPHASE,SIN
8261,min,-1.0,5.078006512700081,0.3014283065757305,14.864071133528892,-11.137566932865052,-0.9897419535010479,-32.460425210166875,-0.9959934258643374
8261,max,2.0,7.895129621446741,3.8754445804538555,9.77353457473826,66.45371587758622,1.9891035232903014,346.3421580436316,1.9958300606087458
