stock,minmax,BOP,MINUS_DM,STDDEV,ADXR,TAN,COS,HT_DCPHASE,SIN
8279,min,-1.0,5.99537274114711,0.4207832724205836,18.983310010571685,-34.23639641549009,-0.9993159716296729,-35.944362014360195,-0.9958577164705565
8279,max,1.0,21.4973561250056,4.670575685883375,30.317198592798015,10.95248313599712,0.9986133972382085,295.3789592935326,0.999573699214895
