stock,minmax,BOP,MINUS_DM,STDDEV,ADXR,TAN,COS,HT_DCPHASE,SIN
8299,min,-1.0,12.566791697042584,1.3660589885239336,12.33766659571876,-27.651606662977656,-0.9999154542749257,-40.38953645712559,-0.9993467137415768
8299,max,1.0,51.73143786641388,15.242912087264155,33.30515975691025,8.518675566381546,0.999996975039113,309.3926036787116,0.9986735616902849
