stock,minmax,BOP,MINUS_DM,STDDEV,ADXR,TAN,COS,HT_DCPHASE,SIN
8299,min,-1.0,12.566791697042584,1.3660589885239336,12.33766659571876,-27.65160666297766,-0.9999154542749257,-40.38953645712559,-0.9993467137415768
8299,max,2.0,39.164646169371295,13.876853098740222,20.96749316119149,36.1702822293592,1.9999124293140387,349.7821401358372,1.9980202754318617
