stock,minmax,BOP,MINUS_DM,STDDEV,ADXR,TAN,COS,HT_DCPHASE,SIN
8299,min,-1.0,12.38927624435236,1.34678037623089,12.337661190196368,-4.508385230097333,-0.9915604567417245,-40.38949358157487,-0.9762724332706111
8299,max,1.0,51.000651185972224,15.02755927813042,33.305107832758694,2930.029593127919,0.9957401848115746,309.3929734334763,0.9999999417593849
