stock,minmax,BOP,MINUS_DM,STDDEV,ADXR,TAN,COS,HT_DCPHASE,SIN
8341,min,-1.0,5.470335664542533,0.33305027006228316,9.505007797861706,-2.952696578298119,-0.9978843463046319,-42.072637148853346,-0.9977719959178494
8341,max,2.0,10.966620120407773,4.015235376487431,31.09185353274863,27.465087452292764,1.9971174048599034,356.58205986875515,1.996940888846687
