stock,minmax,BOP,MINUS_DM,STDDEV,ADXR,TAN,COS,HT_DCPHASE,SIN
8349,min,-1.0,1.9701179365449142,0.1502558351743715,14.41876739522964,-171.5669568726982,-0.997628035758933,-39.66083240601131,-0.9999973868044825
8349,max,1.0,7.480448524662322,1.8472474181886853,39.62468979349333,437.41955931385536,0.9979259074785015,309.83206416248584,0.9994468011236528
