stock,minmax,BOP,MINUS_DM,STDDEV,ADXR,TAN,COS,HT_DCPHASE,SIN
8349,min,-1.0,1.9701179365449142,0.1502558351743715,14.41876739522964,-171.5669568726982,-0.997628035758933,-39.66083240601131,-0.9999973868044825
8349,max,2.0,5.510330588117407,1.6969915830143139,25.20592239826369,608.9865161865536,1.9955539432374345,349.49289656849714,1.9994441879281353
