stock,minmax,BOP,MINUS_DM,STDDEV,ADXR,TAN,COS,HT_DCPHASE,SIN
8358,min,-0.8749999999999953,2.0072646660482794,0.19763530659363557,21.7256719724582,-4520.473340866369,-0.9993988785718014,-40.91022458880934,-0.9998528266606261
8358,max,1.0,8.505911800945473,3.22252794905083,42.43657760182527,58.28039526445986,0.999964148695423,306.8080420844084,0.999999975531792
