stock,minmax,BOP,MINUS_DM,STDDEV,ADXR,TAN,COS,HT_DCPHASE,SIN
8420,min,-1.0,2.1665894628000126,0.3770516389124983,19.047166911569654,-709.5350607768638,-0.9999808608605089,-37.95235019703307,-0.9997351270146861
8420,max,1.8627294827730765,10.233195845323014,3.775752494394055,25.362360649154112,730.2940443014152,1.9937272225070555,351.30771567066984,1.9997341338491597
