stock,minmax,BOP,MINUS_DM,STDDEV,ADXR,TAN,COS,HT_DCPHASE,SIN
8422,min,-1.0,1.149080510215391,0.2210419543742466,14.246841315931057,-6.201372138713661,-0.9984249322046475,-42.49339763104592,-0.9872466587025414
8422,max,1.0,6.524158053425272,2.801316066846373,41.642468965204486,6.147207019671507,0.9996849288653299,300.8115589977441,0.9845369317252602
