stock,minmax,BOP,MINUS_DM,STDDEV,ADXR,TAN,COS,HT_DCPHASE,SIN
8436,min,-1.0,7.121438210963507,0.9515165381403519,17.945612570109994,-19.68681283074608,-0.9970443404856789,-42.573840982409706,-0.9993084470909428
8436,max,2.0,34.24445636072497,12.500211408944262,28.581629522152184,46.561718699023245,1.9950387469757125,349.74593473281544,1.9883578125999244
