stock,minmax,BOP,MINUS_DM,STDDEV,ADXR,TAN,COS,HT_DCPHASE,SIN
8436,min,-1.0,6.791677853634216,0.907548197279798,17.47387185297744,-16.67566834538314,-0.9951462480225155,-42.573990704590415,-0.998206777815853
8436,max,1.0,39.59993283354355,12.83018465454005,46.58206264591887,17.738699352915734,0.9999983057564837,307.1720104042072,0.9984147680533916
