stock,minmax,BOP,MINUS_DM,STDDEV,ADXR,TAN,COS,HT_DCPHASE,SIN
8436,min,-1.0,7.121438210963507,0.9515165381403519,17.945612570109994,-19.68681283074608,-0.9970443404856789,-42.573840982409706,-0.9993084470909428
8436,max,1.0,41.36589457168847,13.451727947084613,46.52724209226218,26.874905868277164,0.9979944064900335,307.17209375040574,0.9890493655089817
