stock,minmax,BOP,MINUS_DM,STDDEV,ADXR,TAN,COS,HT_DCPHASE,SIN
8454,min,-1.0,17.197926468508978,1.2023565351825496,23.85313303907334,-57.08145182780062,-0.9998620759916726,-36.64865885110288,-0.9999044701032345
8454,max,0.9500001527925925,135.02557775535584,29.40626010063993,46.99541921223455,72.34095373299526,0.9986699886920221,296.95274086114847,0.9998777150860522
