stock,minmax,BOP,MINUS_DM,STDDEV,ADXR,TAN,COS,HT_DCPHASE,SIN
8454,min,-1.0,18.058135182788874,1.2625132812687225,23.853134385326115,-13.772683504462453,-0.9972020372753584,-36.648674317379516,-0.9973744526574455
8454,max,0.9500016006472446,141.77986416759438,30.877245783418978,46.995447141205375,8.027137274105469,0.9950693019785977,296.9527314794072,0.9923294024943506
