stock,minmax,BOP,MINUS_DM,STDDEV,ADXR,TAN,COS,HT_DCPHASE,SIN
8464,min,-1.0,7.514146985406618,1.6369218275545556,11.65138110900102,-14.332140239475876,-0.9822757959538312,-35.19419623874944,-0.9975746985605434
8464,max,1.0,32.149031705851456,10.670960908440348,44.941652997537226,5.60524264259384,0.9994717074001929,302.69589208395803,0.98445601663307
