stock,minmax,BOP,MINUS_DM,STDDEV,ADXR,TAN,COS,HT_DCPHASE,SIN
8464,min,-1.0,7.291872934412616,1.5884058280088693,11.654851304024845,-260.0320633960039,-0.9986372317425753,-35.19426340005862,-0.9999926054562497
8464,max,1.0,31.196572658164495,10.35480142110205,44.940297862856355,16.451438431794923,0.9998013116235492,302.6957964021084,0.9970056693619143
