stock,minmax,BOP,MINUS_DM,STDDEV,ADXR,TAN,COS,HT_DCPHASE,SIN
8478,min,-1.0,28.755337598843102,0.19660000047260015,15.492444330201561,-124.99834506560529,-0.9990719390480294,-36.98991187377874,-0.999595705221711
8478,max,1.0,115.40733894108077,45.79911429517536,39.9639790889993,126.48734978994382,0.9999063307999781,303.76786254337895,0.9999687496086923
