stock,minmax,BOP,MINUS_DM,STDDEV,ADXR,TAN,COS,HT_DCPHASE,SIN
8478,min,-1.0,28.755337598843102,0.19660000047260015,15.492444330201561,-124.99834506560529,-0.9990719390480294,-36.98991187377874,-0.999595705221711
8478,max,2.0,86.65200134223767,45.60251429470276,24.47153475879774,251.48569485554913,1.9989782698480076,340.7577744171577,1.9995644548304035
