stock,minmax,BOP,MINUS_DM,STDDEV,ADXR,TAN,COS,HT_DCPHASE,SIN
8916,min,-1.0,1.119580619321303,0.05888161003225016,16.10818811089807,-126.35780023759936,-0.946760961178627,-44.70753376709513,-0.999968685499325
8916,max,1.8750167807759435,4.609127658270912,0.891892033691191,11.284470900588815,138.06839125966223,1.9440989235450732,357.0000415662969,1.9920887113743202
