stock,minmax,BOP,MINUS_DM,STDDEV,ADXR,TAN,COS,HT_DCPHASE,SIN
8916,min,-1.0,1.119580619321303,0.05888161003225016,16.10818811089807,-126.35780023759936,-0.946760961178627,-44.70753376709513,-0.999968685499325
8916,max,0.8750167807759436,5.728708277592215,0.9507736437234411,27.392659011486884,11.71059102206288,0.9973379623664463,312.29250779920176,0.9921200258749951
