stock,minmax,BOP,MINUS_DM,STDDEV,ADXR,TAN,COS,HT_DCPHASE,SIN
8926,min,-0.9444652439785314,0.36397070210523985,0.03752122601547461,20.130930397698613,-43.124566944800435,-0.999402651234256,85.0307791602819,-0.9998229933956453
8926,max,1.0,2.744065549190744,2.329356884292953,69.77085807755435,53.1413528234528,0.9999983748668424,225.69096397670248,0.9997441139554801
