stock,minmax,BOP,MINUS_DM,STDDEV,ADXR,TAN,COS,HT_DCPHASE,SIN
8938,min,-1.0,2.409599099547027,0.16014718981784706,14.586867449867452,-17.55055359578909,-0.9855142441555241,-38.83637105388277,-0.9999988780375779
8938,max,2.0,13.227696847154602,5.823088377332096,28.617828082813087,685.1185083170705,1.984244720099561,351.0378298031178,1.9999519242762032
