stock,minmax,BOP,MINUS_DM,STDDEV,ADXR,TAN,COS,HT_DCPHASE,SIN
8996,min,-1.0,9.620058178073215,1.0485190554346187,16.45405923742245,-17.819610648888375,-0.9994665883854683,-41.45891635100236,-0.9993394770599534
8996,max,2.0,49.07317644206966,13.09049435959569,22.680962653665965,45.31917542386786,1.9987747316569733,349.3607581241239,1.9983735877460984
