stock,minmax,BOP,MINUS_DM,STDDEV,ADXR,TAN,COS,HT_DCPHASE,SIN
9802,min,-1.0,6.55787489704738,0.5157355602097352,8.679537061052285,-21.544235835990072,-0.9987164581459277,-42.27763546671781,-0.99990186412181
9802,max,1.0,34.007916973974474,9.723923670539309,27.67109790406157,71.37385082589846,0.9994295382996634,300.5557748815783,0.9989245090609538
