stock,minmax,BOP,MINUS_DM,STDDEV,ADXR,TAN,COS,HT_DCPHASE,SIN
9802,min,-1.0,6.55787489704738,0.5157355602097352,8.679537061052285,-21.544235835990072,-0.9987164581459277,-42.27763546671781,-0.99990186412181
9802,max,2.0,27.450042076927094,9.208188110329573,18.99156084300928,92.91808666188854,1.998145996445591,342.8334103482961,1.9988263731827638
