stock,minmax,BOP,MINUS_DM,STDDEV,ADXR,TAN,COS,HT_DCPHASE,SIN
9910,min,-1.0,4.759803921163825,0.48863376871524444,15.798436966075776,-6.659115208686813,-0.987339207078459,-42.7690188604887,-0.9984376125294395
9910,max,0.91666666666667,25.65222093164452,5.363199999996636,35.01039392812754,17.868218801553926,0.999038627601328,313.1687078168777,0.9889116622630658
