stock,minmax,BOP,MINUS_DM,STDDEV,ADXR,TAN,COS,HT_DCPHASE,SIN
9911,min,-1.0,0.6896334706115511,0.03612000015071223,11.944869564759342,-11.290964051020381,-0.9992566391896962,-43.90064316155133,-0.5621372695881732
9911,max,1.0,2.029674008817027,0.7754791303523759,21.418502504887513,509.14061760308067,0.9922061134866828,309.50315159286896,0.9999980711730844
