stock,minmax,BOP,MINUS_DM,STDDEV,ADXR,TAN,COS,HT_DCPHASE,SIN
9914,min,-1.0,5.772554985373317,0.3058554951868858,14.179661496010759,-4.553525380619202,-0.9902026028503104,-36.98504415813068,-0.9767243201708943
9914,max,2.0,21.34678639115495,5.478028357930705,8.365683861113727,83.47443628555524,1.9855806777661065,337.28592165796925,1.976644053817184
