stock,minmax,BOP,MINUS_DM,STDDEV,ADXR,TAN,COS,HT_DCPHASE,SIN
9914,min,-1.0,5.772554985373317,0.3058554951868858,14.179661496010759,-4.553525380619202,-0.9902026028503104,-36.98504415813068,-0.9767243201708943
9914,max,1.0,27.11934137652827,5.78388385311759,22.545345357124486,78.92091090493604,0.9953780749157962,300.3008774998386,0.9999197336462898
