stock,minmax,BOP,MINUS_DM,STDDEV,ADXR,TAN,COS,HT_DCPHASE,SIN
9914,min,-1.0,5.768568757942291,0.298329274261814,13.656238732240483,-164.51657259899554,-0.9999407115080795,-36.98490424943691,-0.9999815269475343
9914,max,1.0,26.452399579811765,5.641671686502519,21.859721058531864,6.857408476978287,0.9888429942412514,300.3007144378892,0.9998783165498605
