stock,minmax,BOP,MINUS_DM,STDDEV,ADXR,TAN,COS,HT_DCPHASE,SIN
9938,min,-1.0,1.9409899010242562,0.10977967753954677,19.417686635479107,-29.8206789855819,-0.9980145890091252,-43.43829426218156,-0.9999987652918408
9938,max,0.8666430594900862,5.778174657091786,1.8805109688591863,33.07186582823632,636.3593667250027,0.9978117120296037,307.60846941139437,0.9994382166546731
