stock,minmax,BOP,MINUS_DM,STDDEV,ADXR,TAN,COS,HT_DCPHASE,SIN
9938,min,-1.0,1.9704107342177695,0.11145007134146157,19.416789563806944,-15.499584396921477,-0.9994070162171598,-43.43733034647198,-0.999514210069146
9938,max,1.8666806195060701,3.8950766059846424,1.7974479825108163,13.654013925009693,47.56984366976354,1.999153176141324,351.0456808167535,1.9929245802692368
