stock,minmax,BOP,MINUS_DM,STDDEV,ADXR,TAN,COS,HT_DCPHASE,SIN
9938,min,-1.0,1.9704107342177695,0.11145007134146157,19.416789563806944,-15.499584396921477,-0.9994070162171598,-43.43733034647198,-0.999514210069146
9938,max,0.8666806195060702,5.865487340202412,1.9088980538522777,33.07080348881664,32.070259272842065,0.999746159924164,307.6083504702815,0.9934103702000908
