stock,minmax,BOP,MINUS_DM,STDDEV,ADXR,TAN,COS,HT_DCPHASE,SIN
9939,min,-0.9374873285125354,2.0697234931074746,0.24398324203073563,9.25176106407508,-12.567658563747115,-0.999961394967181,-40.73392974902032,-0.9999987697659722
9939,max,0.9444344326305032,9.335119297448726,2.7773735568685027,41.78121771852866,637.5154787679223,0.9301850858478866,308.2757189045749,0.995301517970778
