stock,minmax,BOP,MINUS_DM,STDDEV,ADXR,TAN,COS,HT_DCPHASE,SIN
9939,min,-0.9375212224108672,2.0597067751688947,0.24278241615467003,9.264567832311487,-7.869548906499006,-0.9999957570848043,-40.73397575742371,-0.998987100965769
9939,max,0.9444612134017513,9.28926849739019,2.763693666815498,41.78101790489521,22.200962651771892,0.9998797890502509,308.2761088466133,0.9983412723122542
