stock,minmax,BOP,MINUS_DM,STDDEV,ADXR,TAN,COS,HT_DCPHASE,SIN
9941,min,-1.0,4.192604970291244,0.21682883191855784,20.295458253415863,-83.27571408273303,-0.9949931135929143,-21.4193645556702,-0.9999279081271817
9941,max,1.0,10.390334892909134,3.2713977560615777,33.9070621241472,26.471591394739196,0.9995267233308203,309.19496428266064,0.9992872366076441
