stock,minmax,BOP,MINUS_DM,STDDEV,ADXR,TAN,COS,HT_DCPHASE,SIN
9941,min,-1.0,4.033861863484777,0.20801066903473567,20.29539402594181,-14.136833301035084,-0.9995757344116167,-21.4180289593059,-0.9975074743842556
9941,max,1.0,10.108899442025159,3.1388004989236267,33.711963667816576,80.91255687373878,0.9994826763557061,309.1963395470684,0.9999236360464379
