stock,minmax,BOP,MINUS_DM,STDDEV,ADXR,TAN,COS,HT_DCPHASE,SIN
9942,min,-1.0,4.293139208790314,0.23573889281156432,15.037999872512566,-70.39362666274603,-0.9995978828871058,-43.985043068595814,-0.9998991124450062
9942,max,2.0,9.478096428179512,5.597048290479645,25.584792569659577,93.98348210727467,1.9995978816481839,350.6717366013802,1.9918014929272991
