stock,minmax,BOP,MINUS_DM,STDDEV,ADXR,TAN,COS,HT_DCPHASE,SIN
9942,min,-1.0,4.054585438638849,0.22260962788995592,15.038915665687128,-24.43332674827739,-0.9999211603499086,-43.98432939215485,-0.999163512203407
9942,max,1.0,13.006248542250287,5.508728841034429,40.62249988295443,12.958436297161825,0.9999552349957216,306.68649459526085,0.9970356440123451
