stock,minmax,BOP,MINUS_DM,STDDEV,ADXR,TAN,COS,HT_DCPHASE,SIN
9942,min,-1.0,4.293139208790314,0.23573889281156432,15.037999872512566,-70.39362666274603,-0.9995978828871058,-43.98504306859576,-0.9998991124450062
9942,max,1.0,13.771235636969827,5.8327871832912095,40.62279244217214,23.58985544452864,0.999999998761078,306.6866935327844,0.9919023804822928
