stock,minmax,BOP,MINUS_DM,STDDEV,ADXR,TAN,COS,HT_DCPHASE,SIN
9958,min,-1.0,5.056826021139621,0.4210332509747546,19.23133212629604,-13.704666335987486,-0.9999999085197966,-44.643865871695084,-0.9974103221466112
9958,max,1.0,18.89295437669939,5.686262428207687,32.822078371406036,48.795970261419995,0.9991069901981182,306.4796504249024,0.9997900744414407
