stock,minmax,BOP,MINUS_DM,STDDEV,ADXR,TAN,COS,HT_DCPHASE,SIN
9958,min,-1.0,5.056826021139621,0.4210332509747546,19.23133212629604,-13.704666335987485,-0.9999999085197966,-44.64386587169611,-0.9974103221466112
9958,max,2.0,13.836128355559769,5.265229177232933,13.590746245109997,62.50063659740748,1.9991068987179148,351.1235162965985,1.997200396588052
