stock,minmax,BOP,SIN,DEMA,COS,TAN,DIV,MFI,BETA
1503,min,-0.8750007893756357,-0.9998024473834314,115.96437719839093,-0.9986601387846921,-12.969764842706276,1.0216110245842576,12.97487580840008,-1.0401282132645084
1503,max,1.0,0.9970407972784281,334.82316500425287,0.9994936551031967,50.30130525790845,1.1511254740103287,95.53388283083689,1.5687160249738137
