stock,minmax,BOP,SIN,DEMA,COS,TAN,DIV,MFI,BETA
1519,min,-0.9218756486722116,-0.9995950314767721,308.75181367355,-0.9990196782637495,-35.12711076171296,1.0228135937818992,33.47074084655595,-0.4923945457029951
1519,max,1.0,0.9982399647252989,822.392536246477,0.9999931484334783,16.83257067494793,1.1553397549537592,95.02632268657844,1.270058230801865
