stock,minmax,BOP,SIN,DEMA,COS,TAN,DIV,MFI,BETA
2031,min,-1.0,-0.9922047402997557,53.44780953731304,-0.9997987965581984,-56.423629754263736,1.008291897045468,15.417877197835459,-0.6144011405337695
2031,max,0.9166812379786665,0.9998429833650541,61.62620685164721,0.9997103853337099,14.331368728646247,1.0614629895874177,96.59535910554352,1.7834772706357325
