stock,minmax,BOP,SIN,DEMA,COS,TAN,DIV,MFI,BETA
2204,min,-1.0,-0.9902842789364786,103.1948716459723,-0.9999994097480701,-17.807393821768752,1.0142863992041247,20.7371622354485,-2.975347378219968
2204,max,0.9090805079897796,0.9984269461751162,138.75824462121446,0.9997250561427778,12.702725189396643,1.093220610141532,92.29423752876893,2.407392987971809
