stock,minmax,BOP,SIN,DEMA,COS,TAN,DIV,MFI,BETA
2211,min,-1.0,-0.9942692255823874,99.05065396276078,-0.9994526913598197,-181.4131929166695,1.0142179482465095,30.954218351418422,-0.8321743584094199
2211,max,1.0,0.9999848077403878,143.35258970909808,0.9980895519832984,19.26493230019014,1.0975613249043557,85.79771834618444,3.98635577629597
