stock,minmax,BOP,SIN,DEMA,COS,TAN,DIV,MFI,BETA
2233,min,-1.0,-0.9898491446165555,121.3539586141398,-0.9870813359042214,-6.9647834125325865,1.0074906688604537,16.640023576003465,-0.7987848399259638
2233,max,1.0,0.9995614438807782,134.82022091237144,0.9999360590385905,33.75433304643959,1.057251738384126,74.36938806022879,5.280675593265199
