stock,minmax,BOP,SIN,DEMA,COS,TAN,DIV,MFI,BETA
2317,min,-0.9333333333333318,-0.9999972822604571,98.31549530675967,-0.999913832475599,-428.92385465746696,1.0048076923076923,19.62418560477197,-0.08393835172151995
2317,max,1.0,0.9874471005979842,175.78062213197774,0.9987343171910894,9.491903865858687,1.0716723549488054,86.3830179031903,2.865360446663002
