stock,minmax,BOP,SIN,DEMA,COS,TAN,DIV,MFI,BETA
2324,min,-0.956521739130431,-0.999995546431776,35.66962596106833,-0.9983462274487422,-335.0653331183662,1.0065712006685152,21.588249498275502,-0.1140640897428215
2324,max,0.9696969696969693,0.999547275043892,37.92749113041859,0.9691317730707778,12.742745893837569,1.0889487870619945,80.08684590773024,2.9541362749306512
