stock,minmax,BOP,SIN,DEMA,COS,TAN,DIV,MFI,BETA
2327,min,-1.0,-0.9998946885375924,445.3845968530013,-0.9998657223173054,-2166.5828923161785,1.0072203501319446,12.904812402148233,-0.715139078493175
2327,max,1.0,0.9999998934829044,537.8490642355869,0.9995337128216252,13.186280234196106,1.0787401498730318,81.31506476328046,3.5049388388376106
