stock,minmax,BOP,SIN,DEMA,COS,TAN,DIV,MFI,BETA
2329,min,-1.0,-0.9997636247438209,55.12521538349449,-0.9998743236207401,-45.98402609750299,1.0135360403113083,9.226038590902345,-0.8693413975445572
2329,max,1.0,0.9967817446904071,73.07708685120599,0.9998050357487563,12.434391285254204,1.1662269235788851,90.89144479556805,2.5696801652837413
