stock,minmax,BOP,SIN,DEMA,COS,TAN,DIV,MFI,BETA
2330,min,-1.0,-0.9999309468215758,580.2497632291037,-0.999988437436589,-15.323789619611796,1.0062111361562405,34.11577891637296,-0.019771799431556762
2330,max,1.0,0.9992624457529632,852.1825857692261,0.9984962010591188,85.08846176462932,1.0353534729809095,79.56492895211731,1.71081965979346
