stock,minmax,BOP,SIN,DEMA,COS,TAN,DIV,MFI,BETA
2344,min,-1.0,-0.9983799132816571,25.021971346185683,-0.9972509539597743,-152.38005391903997,1.0110707689334677,16.354047776033898,-2.019034709638298
2344,max,0.9167366123887896,0.9999784672384562,29.21042656156235,0.9999356889549094,23.221172797443085,1.0498166020655029,79.11633805358336,2.013454813402242
