stock,minmax,BOP,SIN,DEMA,COS,TAN,DIV,MFI,BETA
2345,min,-0.9692304795262161,-0.9790241746256615,403.6780398304688,-0.9990988693781142,-208.84985542454837,1.013752568787392,21.49623456987687,-0.3800294177369347
2345,max,1.0,0.9999885371085722,533.0545852143364,0.9998338135933404,25.868078809335376,1.0851925575994865,85.1023930443033,3.781589324978049
