stock,minmax,BOP,SIN,DEMA,COS,TAN,DIV,MFI,BETA
2354,min,-0.9811262555184986,-0.9990227260970637,48.535206862536235,-0.9961427557323559,-22.6025974990863,1.0057913496645712,3.4217337645302215,-0.343255171586196
2354,max,1.0,0.9925630017761311,67.33312549746009,0.9992271649895705,18.608885942482782,1.0988811980654964,91.9576684028261,1.8454073738488588
