stock,minmax,BOP,SIN,DEMA,COS,TAN,DIV,MFI,BETA
2356,min,-1.0,-0.9993795383761361,48.34188112229997,-0.9988374053826525,-105.97499028526288,1.0121937036473756,9.58443809932128,-0.6236663420727042
2356,max,0.9230526149470687,0.9999554821448622,57.308061813741716,0.9997506459949755,27.55222552088308,1.0785344161628618,81.27462871472014,2.491113997933437
