stock,minmax,BOP,SIN,DEMA,COS,TAN,DIV,MFI,BETA
2357,min,-0.9444393287138259,-0.9999946366166119,404.5094147575337,-0.9997148201553863,-184.8365906305413,1.0094673964267518,17.6031563970956,-0.8400591958737562
2357,max,0.9230695672962043,0.9879397291860064,498.785660105491,0.9965868481119056,305.32603217293257,1.0851925809825218,84.90335472084936,2.595519821806831
