stock,minmax,BOP,SIN,DEMA,COS,TAN,DIV,MFI,BETA
2371,min,-0.9558823529411749,-0.9999338662588036,42.07344469405732,-0.9999749715063864,-45.18308791052113,1.0107270560190702,9.260212182355206,-0.08026009748177167
2371,max,0.9599999999999994,0.9999964903456066,67.09045283325821,0.9998869257099253,377.4432672068061,1.1257961783439492,89.70473872975822,2.1322499809226185
