stock,minmax,BOP,SIN,DEMA,COS,TAN,DIV,MFI,BETA
2376,min,-0.965516266512116,-0.9998989099490873,246.61514482696435,-0.9995722205648154,-70.32307705352174,1.0122137906216262,24.384030910059295,-0.4786677277681421
2376,max,0.9687491993543613,0.9999608656130902,356.50479875594,0.9986317727260359,113.02980745218734,1.1160990437028435,96.63602131500683,2.9054553399515073
