stock,minmax,BOP,SIN,DEMA,COS,TAN,DIV,MFI,BETA
2377,min,-1.0,-0.9997502725113799,151.9255311023486,-0.9879094287425115,-44.737372534054074,1.0088756493260684,22.298585618271762,-0.5944101615145259
2377,max,0.928567216981132,0.9914878105810279,187.50877785357335,0.9999092282720855,7.6151403755906255,1.0824467107101086,93.3293691355352,2.942076044717232
