stock,minmax,BOP,SIN,DEMA,COS,TAN,DIV,MFI,BETA
2382,min,-1.0,-0.9998920174594236,204.14211945781548,-0.9995196916060495,-68.0413712106084,1.0153846153846153,11.53120983351641,-0.4181878902523976
2382,max,0.976189656613739,0.9951296436272221,287.2677483122149,0.9988660497598738,10.095172226973727,1.081081134961253,79.9097153198087,2.3380603360055208
