stock,minmax,BOP,SIN,DEMA,COS,TAN,DIV,MFI,BETA
2383,min,-1.0,-0.9999643345265011,355.5019797976079,-0.9997175102823446,-23.986463218500592,1.0167364708963,27.812586148810638,-0.3805605889756747
2383,max,0.8913060876060391,0.9988907077167659,503.0139166666145,0.9999418487173687,118.39936900368143,1.1086419092236066,79.08092123795599,2.9803419826149895
