stock,minmax,BOP,SIN,DEMA,COS,TAN,DIV,MFI,BETA
2408,min,-0.9642857142857163,-0.999021480034635,63.40842779543567,-0.99964745596635,-70.59035256924146,1.009433962264151,17.499784728443014,-2.5073707381840014
2408,max,0.8333333333333314,0.9999964903456066,76.67949143500988,0.9998869257099253,377.4432672068061,1.0826833073322935,84.4008395570025,1.7671020969679254
