stock,minmax,BOP,SIN,DEMA,COS,TAN,DIV,MFI,BETA
2436,min,-1.0,-0.9973398369280564,58.837284242121804,-0.9998107715678158,-46.82997105438028,1.0097569873394632,9.454768902950763,-0.6316836492201738
2436,max,1.0,0.9997720845678321,70.32505732586002,0.9971998166358889,14.41439996543713,1.0660524848203823,87.31913387291651,1.7844666867851264
