stock,minmax,BOP,SIN,DEMA,COS,TAN,DIV,MFI,BETA
2439,min,-1.0,-0.9912784393339226,99.11058690459875,-0.999971330566517,-18.927954846990552,1.0098031440017896,18.224342898808924,-0.7305519000412194
2439,max,1.0,0.9986073094546458,120.2182904299974,0.9843271606983696,7.521986705178319,1.056911165526639,90.80969268037823,1.4983590293606674
