stock,minmax,BOP,SIN,DEMA,COS,TAN,DIV,MFI,BETA
2449,min,-1.0,-0.9991017914763718,78.55919260375705,-0.9999459376137884,-47.398285882129564,1.0,25.0208583499211,-2.1469645006725218
2449,max,0.904771206719731,0.9997775154909632,106.79123754793775,0.9999406576950804,18.126274574845137,1.1336405225051513,83.03207188512413,3.8032018497302293
