stock,minmax,BOP,SIN,DEMA,COS,TAN,DIV,MFI,BETA
2457,min,-1.0,-0.9997551733586199,49.32774878639838,-0.9999525706481683,-45.18308791052113,1.0099403578528827,14.91803248473999,-0.8888667027769741
2457,max,0.9599999999999994,0.9928726480845371,60.137557055757405,0.9988159580766447,16.35784955463922,1.0803418803418805,81.01817328967927,7.320208191006973
