stock,minmax,BOP,SIN,DEMA,COS,TAN,DIV,MFI,BETA
2467,min,-1.0,-0.9988548906410162,62.72858880127957,-0.9996953629644885,-20.877970746092487,1.0036895722267885,42.51906072799052,-0.36376347835524625
2467,max,1.0,0.9999998737617579,139.38106236397545,0.9997196617051289,1990.1668684298868,1.150485326138173,94.36454163404642,2.3434465160711118
