stock,minmax,BOP,SIN,DEMA,COS,TAN,DIV,MFI,BETA
2492,min,-1.0,-0.9945824120470299,103.49814418339986,-0.99998234116652,-10.797163683027422,1.009216637452952,14.01669720727683,-0.8797849549103912
2492,max,1.0,0.9999850874567845,125.45092489239605,0.995703182630545,183.10672169445147,1.097345659258191,95.04184138316263,1.4416641040346676
