stock,minmax,BOP,SIN,DEMA,COS,TAN,DIV,MFI,BETA
2548,min,-1.0,-0.9915899646240016,83.47207471751763,-0.9985821745175133,-24.80373896035193,1.0031117226040092,26.723129687081848,-0.774682549978192
2548,max,1.0,0.9991882792259468,146.65423533735998,0.9994707663567429,21.258516880583503,1.116666450320739,92.59598387004321,1.4897388167794567
