stock,minmax,BOP,SIN,DEMA,COS,TAN,DIV,MFI,BETA
2603,min,-1.0,-0.9999826406024034,138.1950778870913,-0.9968986558172187,-18.11916043079057,1.0133333333333332,33.243504428894006,-0.432978765873591
2603,max,1.0,0.9974926207215453,205.3992071122615,0.998017288535829,169.71179333730012,1.1029414344277941,90.32999907889092,1.2528430225528377
