stock,minmax,BOP,SIN,DEMA,COS,TAN,DIV,MFI,BETA
2610,min,-1.0,-0.9121302725795642,18.584992892798642,-0.9998744139619276,-19.534149292792833,1.0052207797799737,21.985767450076736,-0.6250989407875097
2610,max,1.0,0.9986922388890385,22.204645759231017,0.9997785815523625,10.567112136079926,1.0698670891488393,88.16461915735489,3.031953149093512
