stock,minmax,BOP,SIN,DEMA,COS,TAN,DIV,MFI,BETA
2637,min,-1.0,-0.9996008047432783,50.56731480770392,-0.9978455321791369,-13.82226468828109,1.0153253803444524,32.011701253667624,-0.2220707409585477
2637,max,0.9298255219740102,0.9997125227283071,72.69153833404735,0.9999999869393222,41.695538952221526,1.1184018971609366,83.62235110836298,1.909526130944195
