stock,minmax,BOP,SIN,DEMA,COS,TAN,DIV,MFI,BETA
2884,min,-1.0,-0.9989029782167205,23.121342596299407,-0.8135681362946375,-103.49025862267358,1.003938672236337,28.921424207252876,-0.37230671625261097
2884,max,1.0,0.9999533189464614,27.0277238532187,0.9995950764986941,21.331422851208664,1.0432422285053138,92.99898597020453,3.959410699698384
