stock,minmax,BOP,SIN,DEMA,COS,TAN,DIV,MFI,BETA
2885,min,-1.0,-0.9998731169022776,25.31692873342698,-0.9999486526541134,-31.766015400694886,1.005657607333405,24.203544311422736,-1.3663794888458245
2885,max,1.0,0.9986619111948924,31.114926100685306,0.9999987851162917,62.768504894114976,1.0539288313578705,87.73591845958583,1.7730713340862085
