stock,minmax,BOP,SIN,DEMA,COS,TAN,DIV,MFI,BETA
2886,min,-1.0,-0.9999620201283779,35.49461638690749,-0.9408788657006018,-26.24471647546356,1.0050139275766017,24.221299704424123,-0.5075118909239712
2886,max,1.0,0.7219305028876933,38.141014612000454,0.9999374132252006,114.73499071887885,1.0342116142313564,92.84552003120112,2.1727356171077705
