stock,minmax,BOP,SIN,DEMA,COS,TAN,DIV,MFI,BETA
3005,min,-1.0,-0.9956869868891794,103.05447440632342,-0.999020813314648,-9.204371577522164,1.0144237512895224,5.427123592093546,-0.6608250416052261
3005,max,0.9583315371550272,0.9933886495524434,138.69946740719524,0.9999570809832049,10.732137526072965,1.1181816215219744,83.37102661295818,2.3337520072377527
