stock,minmax,BOP,SIN,DEMA,COS,TAN,DIV,MFI,BETA
3022,min,-0.9091509433962272,-0.9998973651425831,75.37024890783576,-0.9958365389650788,-16.03386070006717,1.006016738972434,21.825969065278745,-1.2210145453203098
3022,max,1.0,0.9949345729340512,81.47025702619933,0.9990573398789453,69.79175642352335,1.0469545520392978,92.04616045224417,2.18220416681564
