stock,minmax,BOP,SIN,DEMA,COS,TAN,DIV,MFI,BETA
3023,min,-1.0,-0.9991145974921162,246.01074812563627,-0.9871346541842911,-23.747947774230518,1.0066665840401345,10.518127414942445,-0.9634277258578293
3023,max,0.8823422197380251,0.9910727340736959,285.0272647696706,0.9993644807274552,7.433660620394868,1.0454543676254264,71.89474115275064,2.0452814383753064
