stock,minmax,BOP,SIN,DEMA,COS,TAN,DIV,MFI,BETA
3037,min,-0.9375031795289211,-0.9969479834809888,160.80203934556803,-0.9960873707164185,-103.841484119211,1.0139274487108707,16.13938484633635,-0.5310525228821356
3037,max,1.0,0.9999536341713531,191.53930656628407,0.9999996708158725,12.770140722106248,1.0819208308831179,74.75922788837764,1.7248060218242598
