stock,minmax,BOP,SIN,DEMA,COS,TAN,DIV,MFI,BETA
3038,min,-1.0,-0.9999998594391568,28.44735642258566,-0.9999980671912335,-10.553885765534595,1.0062210790185029,22.47943247974835,-0.6983862265371241
3038,max,1.0,0.9906332911011818,33.484402614659885,0.9999951123906209,1886.0481658401968,1.0761900626594878,85.94520778863664,2.1834239456959263
