stock,minmax,BOP,SIN,DEMA,COS,TAN,DIV,MFI,BETA
3044,min,-1.0,-0.9893011040360471,177.02026800562032,-0.9893075241527255,-6.781234294284812,1.010444156810139,13.86885865944207,-0.9032718959244739
3044,max,1.0,0.9999559618881052,212.0006333023127,0.9971846596698609,106.55070126233426,1.0731129226831673,88.3076387397392,4.36940530154269
