stock,minmax,BOP,SIN,DEMA,COS,TAN,DIV,MFI,BETA
3078,min,-1.0,-0.9998348821102735,70.05795888954442,-0.9999925155548306,-55.02171840455404,1.006289350599593,21.25409841623114,-0.7293180822379726
3078,max,0.937525137417887,0.9965686356805833,78.2272898012024,0.9921131210716472,13.303452710657684,1.039998798791928,78.77461144821045,2.8732428612116285
