stock,minmax,BOP,SIN,DEMA,COS,TAN,DIV,MFI,BETA
3217,min,-1.0,-0.9985779539043261,151.51024366093435,-0.9999837781352465,-10.526391124407617,1.0121215555534568,22.026094463160625,-0.6644854475884678
3217,max,1.0,0.9955178797925671,179.07701752931675,0.9882041363782593,18.73115640892644,1.1003035808903818,84.58036029151424,1.56234121958736
