stock,minmax,BOP,SIN,DEMA,COS,TAN,DIV,MFI,BETA
3227,min,-1.0,-0.9996607451691661,147.16400126918347,-0.9910960737047224,-38.38057330376242,1.0096150434162054,13.12745736224371,-0.20066836541446825
3227,max,0.8666675778740608,0.99726958056977,165.20607777144073,0.9997136270955066,31.66939532229389,1.086825933789908,78.88493248732826,1.5859293494432565
