stock,minmax,BOP,SIN,DEMA,COS,TAN,DIV,MFI,BETA
3231,min,-1.0,-0.9875715421753312,91.52470539334094,-0.9999328771439588,-5.464472596845386,1.016310073051838,21.296420883606093,-0.4916081451203936
3231,max,1.0,0.9999634784737014,123.33332918959103,0.9870891885781977,117.00344429659262,1.0857140946084014,82.06812680977643,2.044078806908551
