stock,minmax,BOP,SIN,DEMA,COS,TAN,DIV,MFI,BETA
3324,min,-1.0,-0.9993946161102941,332.12804132695254,-0.9977445111118234,-162.46831475270795,1.0136816115659146,43.12190415598663,-1.9347053048734648
3324,max,1.0,0.9999999447883112,890.7439913752243,0.9999855404957205,3009.3276010832506,1.152364189585049,92.01042135465099,3.5391625023125144
