stock,minmax,BOP,SIN,DEMA,COS,TAN,DIV,MFI,BETA
3443,min,-0.9166665264284521,-0.9999332844238543,1150.4509366285572,-0.9998639095327954,-9.892318995889235,1.0150149844200602,14.202521824384165,-0.13732542847825427
3443,max,0.9130433255629158,0.9999878252776168,1743.010106281155,0.9997328631037312,202.652284134967,1.1140684384370343,76.3901663497053,2.171010953428114
