stock,minmax,BOP,SIN,DEMA,COS,TAN,DIV,MFI,BETA
3481,min,-1.0,-0.9997224855844109,13.901930627945585,-0.9998611709629996,-34.9061597360365,1.0112365201273088,25.42542053496039,-0.9024541583857415
3481,max,1.0,0.9999523038094057,17.360067831181823,0.5506702121484567,102.3829453162957,1.077926283927704,90.50371114446222,1.572821468192165
