stock,minmax,BOP,SIN,DEMA,COS,TAN,DIV,MFI,BETA
3483,min,-1.0,-0.9992499516553839,134.6378192932576,-0.9999877980968688,-29.68792866471647,1.015974376441174,9.191500833992816,-0.8585758247768639
3483,max,0.9166681283216114,0.999902172634453,179.16836563820527,0.9973887924671884,71.48632262055553,1.1016950261079683,97.27907914609649,2.160326705196295
