stock,minmax,BOP,SIN,DEMA,COS,TAN,DIV,MFI,BETA
3515,min,-1.0,-0.9898922484441565,211.95758502839635,-0.999999490200445,-36.67200626770542,1.013392651923441,20.394876287990208,-0.5717473063532392
3515,max,1.0,0.999998093496724,268.8633940004714,0.9985684542765689,512.1127673322854,1.1151081694842304,90.88726044971315,2.6510999714246815
