stock,minmax,BOP,SIN,DEMA,COS,TAN,DIV,MFI,BETA
3529,min,-1.0,-0.9999259388759947,2152.8469953735953,-0.9980599307645975,-11.938168897389186,1.0174757359757907,15.227728321541157,-0.6681214193530741
3529,max,0.9565219294674295,0.9998944327241355,2874.7649480116925,0.9992758213945616,82.16100224937624,1.1141552490421738,78.91057481446819,1.5217561727946802
