stock,minmax,BOP,SIN,DEMA,COS,TAN,DIV,MFI,BETA
3533,min,-0.8888888888888877,-0.9999637933027425,975.6636849259829,-0.9933445461900832,-36.17220117858311,1.0132652853600796,27.022974322178456,-0.2372307947329976
3533,max,0.958333333333333,0.9999967903550181,1630.4476423965157,0.9999273755454271,394.6893953638952,1.120401337792642,79.67987222868199,1.6435922695685303
