stock,minmax,BOP,SIN,DEMA,COS,TAN,DIV,MFI,BETA
3563,min,-1.0,-0.9990841655735471,210.3366063195908,-0.9999369745899095,-284.9861066131256,1.0168269289570435,25.971790849497705,-2.0759182975084842
3563,max,0.9310319418078732,0.9999938437164095,438.9712369571807,0.999971988543159,122.16642995604022,1.1229191520099815,95.04483362749208,2.3991036777344132
