stock,minmax,BOP,SIN,DEMA,COS,TAN,DIV,MFI,BETA
3708,min,-1.0,-0.9985242571171086,92.44399728871056,-0.9997747000150161,-181.50703144563008,1.0062901187575295,35.53624218429522,-0.3309206686251826
3708,max,1.0,0.9999848234446646,149.19777789053188,0.9999908424929703,9.048524990164257,1.1195650860767141,91.5326949067937,1.5494483027745918
