stock,minmax,BOP,SIN,DEMA,COS,TAN,DIV,MFI,BETA
3711,min,-1.0,-0.9999200030418286,124.58526546729067,-0.9977905860588189,-79.05370112714074,1.0073261596287857,27.993449223964774,-0.2503194476093346
3711,max,1.0,0.983177685508975,155.41907217156077,0.9945398995018409,28.728059748140257,1.1273885015406295,89.32657196043027,1.8150158635410318
