stock,minmax,BOP,SIN,DEMA,COS,TAN,DIV,MFI,BETA
4105,min,-1.0,-0.9692399620202918,74.47889419553115,-0.9981895100953397,-32.268575775934416,1.002560819462228,24.51210283498075,-0.6814299416510102
4105,max,1.0,0.9995201585807313,78.51156872810591,0.9538840873797545,14.465537343027632,1.02113606340819,80.78937993116261,3.5530024312940593
