stock,minmax,BOP,SIN,DEMA,COS,TAN,DIV,MFI,BETA
4129,min,-1.0,-0.9970128641454615,83.78996988833606,-0.9928101975223859,-4.0882225635974665,1.0074236853752516,10.601099606777534,-1.2494891588891825
4129,max,1.0,0.9962706500730598,100.97418269777724,0.9999868908199572,12.908709971278217,1.1027179660796658,93.69485325581725,2.971619159490268
