stock,minmax,BOP,SIN,DEMA,COS,TAN,DIV,MFI,BETA
4746,min,-1.0,-0.9999495383141598,90.4131166117296,-0.9995155710581546,-99.53771974859396,1.0097614904107648,16.019765620895786,-2.1379679759412427
4746,max,0.9677451238798094,0.9935848160603997,111.98742115617125,0.9999380006350196,18.506255944136367,1.1047618028589883,81.0057315011151,1.5170355818171335
