stock,minmax,BOP,SIN,DEMA,COS,TAN,DIV,MFI,BETA
4755,min,-1.0,-0.9975506591984479,119.36517863414748,-0.999157976330919,-14.261376662122931,1.006873388829688,30.252148011314034,-0.9902332014685895
4755,max,0.8333390188988182,0.9999917647387934,155.5967311514694,0.9994580790199541,246.40166060855995,1.0748301971912568,93.75526964362413,2.299899505062565
