stock,minmax,BOP,SIN,DEMA,COS,TAN,DIV,MFI,BETA
4763,min,-0.9473706657568148,-0.9999554384827244,668.0017416529334,-0.9980784470510193,-13.845450128141698,1.0131894379560493,11.38460046943807,-2.003855696961435
4763,max,0.8913039648685711,0.9999853045437365,818.5746499216538,0.9891469996830926,184.45425509484932,1.1049382027931651,87.1986182906146,2.027827102077266
