stock,minmax,BOP,SIN,DEMA,COS,TAN,DIV,MFI,BETA
4768,min,-1.0,-0.9950037542243642,169.42059019881484,-0.9924336056696907,-26.07660726527536,1.010695013365203,5.30506453985241,-0.5414736781414625
4768,max,1.0,0.999265504489192,256.5932726415158,0.9998413304675502,9.966231333921092,1.1074380747900652,86.19173952402943,1.6380843225187225
