stock,minmax,BOP,SIN,DEMA,COS,TAN,DIV,MFI,BETA
4908,min,-0.9166595142047911,-0.999853763912852,84.30830546558194,-0.9872747725130628,-58.466902610677494,1.0143370278262132,15.965422398564858,-0.5159630921196926
4908,max,0.9130438676626017,0.998658955409224,116.14271785985059,0.9999999811236552,9.883867250703979,1.134616165467519,94.975224682787,2.828126400470261
