stock,minmax,BOP,SIN,DEMA,COS,TAN,DIV,MFI,BETA
4919,min,-1.0,-0.9954538053040581,118.43420827128176,-0.9790230001803281,-10.451443002923726,1.0077826949488784,20.2107547560981,-0.5337651749074538
4919,max,1.0,0.9923091668425027,139.16670889350482,0.9998976688730906,8.016447297478159,1.0731704466917964,79.90354297437513,3.438272525052065
