stock,minmax,BOP,SIN,DEMA,COS,TAN,DIV,MFI,BETA
4966,min,-1.0,-0.9997386788121535,696.1604164139494,-0.999055821843371,-43.73333124834327,1.0151724397396247,17.848019996404197,-0.4589236912519166
4966,max,0.9473670218422321,0.9989715331634654,1196.168739634282,0.9999969588139375,22.03203748631786,1.0846774061549642,82.31853020245227,2.3052579462457
