stock,minmax,BOP,SIN,DEMA,COS,TAN,DIV,MFI,BETA
4967,min,-1.0,-0.9997712997015655,77.6282015783595,-0.9998540778251613,-78.24308059152897,1.0141392907505093,16.761180637652213,-0.6700879042213244
4967,max,1.0,0.9999183370769964,113.950876829433,0.9996725680590995,12.942323712358965,1.0973447429290082,95.90128688912773,1.915953221068196
