stock,minmax,BOP,SIN,DEMA,COS,TAN,DIV,MFI,BETA
4967,min,-1.0,-0.9998921430568226,77.62174140769402,-0.999945046937141,-156.73800339072386,1.0141378423304785,16.761181879840674,-0.6701005122735488
4967,max,1.0,0.9999796479516552,113.9413877376737,0.9998234542292305,11.903420125937892,1.0973456896675728,95.90128756120092,1.915998385220895
