stock,minmax,BOP,SIN,DEMA,COS,TAN,DIV,MFI,BETA
4968,min,-1.0,-0.9971732887740798,171.48228771374255,-0.9999902731420214,-15.041353046538894,1.0180722891566265,16.147775631063148,-0.5706660145110743
4968,max,1.0,0.9988166912028082,234.01040278642182,0.9999901397322173,20.537626947138527,1.1085972850678734,87.66220511444325,1.7063449070700802
