stock,minmax,BOP,SIN,DEMA,COS,TAN,DIV,MFI,BETA
5009,min,-1.0,-0.9920760853328108,44.49560444473507,-0.9998651145435608,-71.39063767849754,1.006424281400165,8.434512252430029,-0.5386532286874254
5009,max,0.9411946383346725,0.999901910261095,53.35137027628086,0.9999088379095318,29.756485053573822,1.082568718954601,87.00076203957664,2.003577478285196
