stock,minmax,BOP,SIN,DEMA,COS,TAN,DIV,MFI,BETA
5222,min,-1.0,-0.999057427837822,142.5777902547929,-0.9979610424030562,-17.37646852153677,1.0061347702791883,21.631211365742008,-0.609741548856237
5222,max,1.0,0.9997439749628361,162.74673395609878,0.9945393510523082,44.18352670719994,1.1393941939531402,90.90864529675724,1.7488125278607953
