stock,minmax,BOP,SIN,DEMA,COS,TAN,DIV,MFI,BETA
5269,min,-0.9687498419857703,-0.9992997826914932,1740.8770761438777,-0.9980529818751517,-26.70794127756909,1.0207852308345398,23.903921292896904,-0.3969620831483291
5269,max,0.9666665093547768,0.9998710168710341,2426.679474100902,0.9999424176601013,62.255328979462156,1.0990990990990992,83.99045486764251,2.868713290930052
