stock,minmax,BOP,SIN,DEMA,COS,TAN,DIV,MFI,BETA
5289,min,-1.0,-0.9951361589907368,269.3597095811302,-0.9999503146827653,-21.407098374710845,1.0087564091973826,18.24036326916505,-0.9271925020498576
5289,max,1.0,0.998910707952256,298.29208622409084,0.9979875010476871,15.92658980429681,1.0931036072651388,80.85915359366078,1.5790376358070872
