stock,minmax,BOP,SIN,DEMA,COS,TAN,DIV,MFI,BETA
5309,min,-1.0,-0.9978611679836286,33.50621356553406,-0.9999086171496356,-26.112495417894305,1.0088237942315195,19.822595049367152,-1.0279585367830386
5309,max,1.0,0.9992675198184574,36.157699878747756,0.6583198184759671,15.265081636109166,1.112517940180263,88.26699957019575,2.09148284783082
