stock,minmax,BOP,SIN,DEMA,COS,TAN,DIV,MFI,BETA
5340,min,-1.0,-0.9997551733586199,50.819449741439044,-0.9999749715063864,-45.18308791052113,1.009416195856874,16.35670526935712,-1.8294371221860335
5340,max,0.9374999999999992,0.9998105805530253,60.307920363442115,0.9988159580766447,51.37017146447618,1.1121495327102804,90.92132410875854,1.2376583527941942
