stock,minmax,BOP,SIN,DEMA,COS,TAN,DIV,MFI,BETA
5388,min,-1.0,-0.998503791228747,116.5444816294508,-0.9997555067434422,-20.524889977137594,1.0111940298507462,11.715276126490735,-0.642946895005405
5388,max,0.8823386025423846,0.9988152247235795,139.6265290092088,0.9842694444897566,18.260015075762944,1.066148170482964,72.00752463312115,1.792759963433381
