stock,minmax,BOP,SIN,DEMA,COS,TAN,DIV,MFI,BETA
5434,min,-1.0,-0.9994410318723591,176.54087185268614,-0.9999840332506836,-29.8957430832596,1.0055096308484441,29.29878065020512,-0.6714884263310841
5434,max,0.8749870291584532,0.9937611257087186,262.3241810545183,0.9985644745070192,5.593780265635286,1.0836735039621865,90.14251434474811,2.022027957484315
