stock,minmax,BOP,SIN,DEMA,COS,TAN,DIV,MFI,BETA
5483,min,-0.9230781363363905,-0.9993382775041988,184.49504070191605,-0.9962124257232443,-27.47460343336387,1.0078333874046925,14.285507558264863,-1.8957409297522905
5483,max,0.9090926333358628,0.9988120852675727,214.31131211192164,0.9922276582239584,7.386560946732945,1.093525073731808,93.70438248873063,6.216356203464032
