stock,minmax,BOP,SIN,DEMA,COS,TAN,DIV,MFI,BETA
5534,min,-0.9000313709087058,-0.999996428498131,72.97141629891964,-0.9997033799115961,-374.1608969353973,1.002604577957619,10.767656733018855,-0.718584868524581
5534,max,1.0,0.9956069877872975,126.1569545511287,0.9999575975205466,15.55184130603234,1.1121496971053255,95.57764001319663,2.056653014654109
