stock,minmax,BOP,SIN,DEMA,COS,TAN,DIV,MFI,BETA
6187,min,-1.0,-0.9993866779934502,137.95603407081896,-0.9999783811152466,-28.539140200170152,1.0144094292441102,21.647719003472602,-0.9457754669931506
6187,max,1.0,0.9968192998376946,271.6520638668188,0.9992571420352109,12.450159712388022,1.1368163813495782,96.84223838808865,6.765907648555496
