stock,minmax,BOP,SIN,DEMA,COS,TAN,DIV,MFI,BETA
6223,min,-1.0,-0.9999809539971964,213.9474443600173,-0.9913160064600867,-72.71549556167429,1.016981323143062,30.438443344309785,-0.4554234959842287
6223,max,1.0,0.999999290674526,482.5926804383566,0.9999990896492308,839.579822420178,1.1276595744680853,85.76810815120464,1.8067740410320652
