stock,minmax,BOP,SIN,DEMA,COS,TAN,DIV,MFI,BETA
6235,min,-1.0,-0.9994621946726301,83.8133900222707,-0.998824025681049,-41.24815881699866,1.0098246255345575,18.673491542061,-0.765668837166389
6235,max,0.8965361341030815,0.999706255679349,108.99519728021531,0.9999840375378429,30.478754992957942,1.107618084765172,77.66634280615612,3.4406066413976237
