stock,minmax,BOP,SIN,DEMA,COS,TAN,DIV,MFI,BETA
6285,min,-1.0,-0.9935129310782224,140.07798255523207,-0.9999001648961159,-8.993085525545375,1.013377814776101,11.820862978392336,-0.5084041467680127
6285,max,1.0,0.9938744121606072,152.69512924792258,0.9845576598499981,8.736545427234349,1.0766667221177892,86.91408276020447,2.453022411810418
