stock,minmax,BOP,SIN,DEMA,COS,TAN,DIV,MFI,BETA
6703,min,-1.0,-0.999037783337835,252.7648785090277,-0.9992811368379493,-5.7573024984506445,1.0052171706212991,13.496733390559287,-0.23184176629332526
6703,max,1.0,0.9969689453510177,271.65257303515557,0.9999923470142584,22.779016834530218,1.0567376690377548,92.73823843656008,2.8264884862730386
