stock,minmax,BOP,SIN,DEMA,COS,TAN,DIV,MFI,BETA
6782,min,-1.0,-0.998871329134423,193.66119637099177,-0.9998930647120711,-7.505550316975274,1.0130155053862773,10.99813510877586,-0.3815316635044773
6782,max,1.0,0.9999008491769926,260.75480649568135,0.9996697113556029,71.00755242046857,1.1327435169465414,93.67191998060656,2.1981644310182773
