stock,minmax,BOP,SIN,DEMA,COS,TAN,DIV,MFI,BETA
6789,min,-0.9545512563363866,-0.9998405590176455,260.4634440530323,-0.9999955292119215,-55.99291574949303,1.0129868196748886,22.354787282438103,-0.4122469406717822
6789,max,1.0,0.9995480958923921,309.1650052596536,0.9983623057685143,33.25175900936957,1.1291389518916892,87.92745727588186,3.1312983575445323
