stock,minmax,BOP,SIN,DEMA,COS,TAN,DIV,MFI,BETA
8279,min,-1.0,-0.9992723371290532,144.63093211563063,-0.9968379419548397,-5.004005829711877,1.0,18.889287560927986,-0.5746258435054459
8279,max,1.0,0.9806108564975219,154.43930577949587,0.9899161437900588,26.198883202130993,1.0479455589924878,76.57794276770792,5.066235986968806
