stock,minmax,BOP,SIN,DEMA,COS,TAN,DIV,MFI,BETA
8299,min,-1.0,-0.9999438325886864,499.80840352776085,-0.9998801540206145,-57.01897611487538,1.0,28.99608392024084,-0.8570518905599014
8299,max,0.9285693585080627,0.9997926319254861,731.1824055658142,0.9985754238604685,94.34621952084521,1.0810256732494392,84.11217903202719,2.176673029494083
