stock,minmax,BOP,SIN,DEMA,COS,TAN,DIV,MFI,BETA
8478,min,-1.0,-0.9872415764725211,327.21897396843366,-0.9999999310410216,-15.483071564639967,1.006657838654509,29.52934026539844,-0.07632898053823128
8478,max,1.0,0.9994989009062143,387.5509832878153,0.9979236769333089,31.576204593205155,1.11435546875,97.67002949509842,1.6959219152383287
