stock,minmax,BOP,SIN,DEMA,COS,TAN,DIV,MFI,BETA
9921,min,-1.0,-0.9972093660429219,170.4111937882592,-0.9998830764431416,-13.357436386465556,1.008264923231373,15.412214659730667,-0.4840646510946986
9921,max,1.0,0.9925671798154831,220.63706283844087,0.998321051339658,12.124365866091287,1.0943391447600253,85.33001083130148,1.6838309898846118
