stock,minmax,BOP,SIN,DEMA,COS,TAN,DIV,MFI,BETA
9939,min,-1.0,-0.9998568321298521,121.89877012227747,-0.9988949563588719,-6.558983604011104,1.0063090640285006,21.697075636103236,-0.37387171667512886
9939,max,1.0,0.9885763452491776,164.77116910762606,0.9869795770035479,59.09021680371287,1.0516128817419856,76.48797747265805,2.4087678139550173
