stock,minmax,BOP,HT_DCPERIOD,SIN,SMA,TRANGE,DX,TAN,COS
1210,min,-1.0,16.12595274126478,-0.999993048920093,50.33573333333336,0.1921999999999997,0.4656279849216699,-268.1986562196908,-0.9739336215843829
1210,max,1.0,44.77743107217033,0.9996441423437439,55.67048666666668,1.5380000000000038,61.544899475772375,37.474074064008526,0.9995775622757289
