stock,minmax,BOP,HT_DCPERIOD,SIN,SMA,TRANGE,DX,TAN,COS
1503,min,-0.8571304849884563,16.283476864649458,-0.9999434870725707,98.64420666666668,1.1876000000000033,3.600052993185374,-94.05733983960485,-0.9999978528673547
1503,max,0.9615426466244891,35.94276438579448,0.9935344975232628,131.18579666666662,17.31989999999999,84.0617479415321,29.037594559297943,0.9971463300925237
