stock,minmax,BOP,HT_DCPERIOD,SIN,SMA,TRANGE,DX,TAN,COS
1504,min,-1.0,14.228199601260691,-0.9996277566337795,43.87919333333332,0.2884999999999991,0.02406328488014297,-27.380195037366363,-0.9990544675235383
1504,max,0.9545368620037825,29.60371095141589,0.9999327963976565,47.85465666666668,2.0679000000000016,50.91819267026337,86.25153542891682,0.9997939042257925
