stock,minmax,BOP,HT_DCPERIOD,SIN,SMA,TRANGE,DX,TAN,COS
1519,min,-0.8867907975485753,20.340591540635057,-0.9995950314767721,229.78117000000006,6.774599999999964,0.6521469176968312,-45.05513270317863,-0.9999855895132443
1519,max,1.0,33.26643864346287,0.999844713547885,394.69125666666645,47.87420000000003,76.12266617073976,56.73716529436901,0.9978823571570657
