stock,minmax,BOP,HT_DCPERIOD,SIN,SMA,TRANGE,DX,TAN,COS
2031,min,-0.9130593440678725,14.614948030106873,-0.9997661117668958,44.6922733333333,0.4288999999999987,1.137345104811413,-56.42362975426374,-0.9996087221005898
2031,max,1.0,32.70044993311306,0.9998429833650541,54.80252999999993,4.8613,83.1403392535502,26.377133834109245,0.9999695579223995
