stock,minmax,BOP,HT_DCPERIOD,SIN,SMA,TRANGE,DX,TAN,COS
2059,min,-0.9210529117427884,12.49452011874854,-0.9999244695993639,802.7234233333323,10.876099999999951,2.433124325996568,-27.696434217192127,-0.9999891738783871
2059,max,1.0,26.28071895750154,0.9996228367631054,1067.7052199999994,98.87379999999996,69.82917333846336,81.35785784739903,0.999944645218503
