stock,minmax,BOP,HT_DCPERIOD,SIN,SMA,TRANGE,DX,TAN,COS
2201,min,-1.0,13.648755958149476,-0.9999660344802044,68.22788333333331,0.584699999999998,0.07676252753062358,-49.794135421226024,-0.9999947048530403
2201,max,0.916631038905518,23.961502439716856,0.9997984038339013,80.65984,9.258199999999988,53.389442460033955,121.3262588228696,0.9998032258134987
