stock,minmax,BOP,HT_DCPERIOD,SIN,SMA,TRANGE,DX,TAN,COS
2207,min,-1.0,15.89161492216758,-0.9999811734415215,610.6354466666664,4.8437000000000126,1.5871698563830532,-162.96464731533845,-0.9965749913925775
2207,max,1.0,27.982171414938968,0.9957425023849474,678.0281499999999,33.90620000000001,55.86903497631533,47.177965128158256,0.9999318814431759
