stock,minmax,BOP,HT_DCPERIOD,SIN,SMA,TRANGE,DX,TAN,COS
2233,min,-1.0,18.471748756166754,-0.998636101103699,103.34006000000015,0.47980000000001155,0.05924518493873798,-19.127107955515687,-0.9870813359042214
2233,max,1.0,42.737717038421735,0.9995614438807782,136.64470666666682,16.794699999999978,73.44810971670165,33.75433304643959,0.9999360590385905
