stock,minmax,BOP,HT_DCPERIOD,SIN,SMA,TRANGE,DX,TAN,COS
2301,min,-1.0,15.795710154550292,-0.9999524311407847,104.51277666666671,1.4415000000000049,0.29228968188757465,-5.630602666976401,-0.9989157289196889
2301,max,0.8571216220233683,34.14409484453275,0.9845925082850697,126.05601666666668,8.64930000000001,46.53524494575499,102.51989185002545,0.9903480845395873
