stock,minmax,BOP,HT_DCPERIOD,SIN,SMA,TRANGE,DX,TAN,COS
2303,min,-1.0,13.82078414985598,-0.9393387008102463,43.16882000000001,0.28410000000000224,0.22867285092555215,-415.5364777964688,-0.9999838131097614
2303,max,1.0,25.250530133275987,0.9999971043250478,47.8743333333333,2.5572000000000017,54.34214538989195,10.804219931652622,0.9993193773733285
