stock,minmax,BOP,HT_DCPERIOD,SIN,SMA,TRANGE,DX,TAN,COS
2308,min,-1.0,17.563080736129116,-0.9999913589018095,283.98262,1.9633999999999787,0.477458256012454,-10.660450835279603,-0.9999898656052949
2308,max,1.0,31.531309614371246,0.9956139051523889,332.39844333333286,13.744199999999978,61.6714629474304,240.5457662704279,0.995596895561172
