stock,minmax,BOP,HT_DCPERIOD,SIN,SMA,TRANGE,DX,TAN,COS
2317,min,-1.0,14.57110433586689,-0.9999972822604571,96.74274999999997,0.48749999999999716,0.01654189700520825,-428.9238546574669,-0.999913832475599
2317,max,1.0,33.61768425090274,0.9997138331943204,103.46374999999998,4.387499999999989,63.26398789558356,13.566866430778497,0.9943909698017087
