stock,minmax,BOP,HT_DCPERIOD,SIN,SMA,TRANGE,DX,TAN,COS
2324,min,-0.9231257941550176,19.401874251583404,-0.999995546431776,28.64027666666668,0.3873999999999995,0.2761116848953682,-335.0653331183662,-0.9982501957993417
2324,max,0.9333792154163785,44.15558590697668,0.9986471160378908,35.795503333333315,3.2935000000000016,79.11540282737862,98.71126869640852,0.9995352721435268
