stock,minmax,BOP,HT_DCPERIOD,SIN,SMA,TRANGE,DX,TAN,COS
2327,min,-1.0,14.976582358858973,-0.9999062952123724,408.9720233333336,3.2601000000000226,0.07276736015319461,-2166.582892316178,-0.998220558181645
2327,max,1.0,28.219564387202723,0.9999998934829044,488.6800033333336,32.60039999999998,70.27054442746564,73.04215678429199,0.9982751779126707
