stock,minmax,BOP,HT_DCPERIOD,SIN,SMA,TRANGE,DX,TAN,COS
2329,min,-0.9629070030973765,16.897070579161536,-0.9989786911128222,41.513749999999966,0.7353999999999985,0.04724602646942612,-38.999238912645545,-0.9999981864467703
2329,max,1.0,30.231208010553175,0.9996714180913348,64.54136333333334,12.35459999999999,78.15128543616265,18.885660527719242,0.9998050357487563
