stock,minmax,BOP,HT_DCPERIOD,SIN,SMA,TRANGE,DX,TAN,COS
2337,min,-1.0,18.56953002750946,-0.998851567411248,27.719053333333346,0.24540000000000006,0.0749206877830489,-10.04044634810754,-0.9999994316965873
2337,max,1.0,31.304952619571665,0.9809822066965485,32.803073333333344,2.994399999999999,65.339373739372,20.847689444274486,0.9988517433945964
