stock,minmax,BOP,HT_DCPERIOD,SIN,SMA,TRANGE,DX,TAN,COS
2344,min,-1.0,14.613921163039752,-0.9983799132816571,25.30196666666666,0.198599999999999,0.10107382921180216,-9.410906689591709,-0.9997007194718746
2344,max,0.9069702079820128,25.501611871593525,0.9990740273472452,28.285576666666657,2.581599999999998,72.13167116153572,23.221172797443085,0.9999633739406544
