stock,minmax,BOP,HT_DCPERIOD,SIN,SMA,TRANGE,DX,TAN,COS
2345,min,-0.9692304795262161,13.006430844278825,-0.9971887328363965,466.91169333333323,6.862799999999993,0.1088822159491932,-18.730622508651354,-0.9990988693781142
2345,max,1.0,23.363019236965005,0.9985778730076252,526.9280133333331,49.019600000000025,51.114865589063186,9.605974569279605,0.9998338135933404
