stock,minmax,BOP,HT_DCPERIOD,SIN,SMA,TRANGE,DX,TAN,COS
2353,min,-0.9285397903440119,14.225774418610444,-0.9994249240048292,33.618713333333304,0.43539999999999424,0.27464556266288753,-90.27233940920337,-0.9993162877515422
2353,max,1.0,27.23352951790209,0.9999386491418706,46.49850000000001,4.354500000000002,90.1562912359144,29.473723516880106,0.9988955694124051
