stock,minmax,BOP,HT_DCPERIOD,SIN,SMA,TRANGE,DX,TAN,COS
2357,min,-0.9285788281955288,17.540693678598135,-0.9999946366166119,344.00287666666657,5.309200000000033,0.753265703127168,-184.8365906305413,-0.9977288528074103
2357,max,1.0,31.959185081023044,0.9948919693417537,442.1744999999999,34.750999999999976,83.02271211865482,305.32603217293257,0.9997635255611825
