stock,minmax,BOP,HT_DCPERIOD,SIN,SMA,TRANGE,DX,TAN,COS
2360,min,-0.9411785942069101,15.848225212022536,-0.9998558230599557,205.26992000000013,2.44410000000002,0.044657902871249655,-58.88302796344298,-0.992642788392724
2360,max,0.8571470321769882,23.689719761850114,0.9997461513770703,266.32298000000003,24.440699999999993,50.771813550812354,8.272637422778747,0.9998735906019295
