stock,minmax,BOP,HT_DCPERIOD,SIN,SMA,TRANGE,DX,TAN,COS
2371,min,-1.0,14.406562995682172,-0.9999338662588036,37.78666666666667,0.3500000000000014,1.350591831823241,-15.672114177297415,-0.9999567971199811
2371,max,0.9199999999999988,40.85279060249714,0.9979704901872812,47.47833333333333,4.050000000000004,63.19963365508332,86.9464619859735,0.9998433086476912
