stock,minmax,BOP,HT_DCPERIOD,SIN,SMA,TRANGE,DX,TAN,COS
2379,min,-0.928557747557942,16.59951178002091,-0.999943557086081,390.7486033333333,5.332899999999995,0.4642591216359562,-94.11566249792465,-0.9999689395734037
2379,max,0.9487182199467924,35.564669672054855,0.9920983169158883,460.56380333333334,45.571500000000015,75.0958825242928,35.82713294561585,0.9944114077872658
