stock,minmax,BOP,HT_DCPERIOD,SIN,SMA,TRANGE,DX,TAN,COS
2383,min,-0.95999983638342,14.527095870516115,-0.9999643345265011,367.0858633333334,3.9116000000000213,0.8247273510026267,-53.863825249019555,-0.9997175102823446
2383,max,0.9285709068332071,26.169964351410695,0.9995465888558356,438.57006333333334,48.40579999999994,66.67145272547327,118.39936900368143,0.9981463955592533
