stock,minmax,BOP,HT_DCPERIOD,SIN,SMA,TRANGE,DX,TAN,COS
2392,min,-0.9666700816173207,19.113055007277946,-0.9999337161384724,38.85600000000001,0.244099999999996,0.47776695426183574,-86.84793780185225,-0.9999672315918582
2392,max,1.0,32.45155228578202,0.9998522241281936,46.14890666666669,4.587600000000002,80.15324875130109,10.109014865741509,0.998271945485695
