stock,minmax,BOP,HT_DCPERIOD,SIN,SMA,TRANGE,DX,TAN,COS
2439,min,-1.0,17.6696609398873,-0.9999935272995402,82.6584733333333,0.48200000000001353,0.03976424630830039,-9.873328109074963,-0.999971330566517
2439,max,1.0,40.9704707729402,0.9949100074078927,109.41791333333327,7.231400000000008,74.3771109083125,277.9330153213794,0.9967462467393002
