stock,minmax,BOP,HT_DCPERIOD,SIN,SMA,TRANGE,DX,TAN,COS
2451,min,-1.0,14.665799678923216,-0.9987885782147153,69.67732666666667,0.287399999999991,0.6409485784863304,-14.90749934363929,-0.9999346664586705
2451,max,1.0,28.631489307475363,0.9995847321711944,78.47002333333339,3.353499999999997,68.09015650182346,34.68850350701505,0.9999606057849163
