stock,minmax,BOP,HT_DCPERIOD,SIN,SMA,TRANGE,DX,TAN,COS
2457,min,-1.0,14.673215142934747,-0.9997551733586199,55.76333333333332,0.7000000000000028,0.0554826154080433,-45.18308791052113,-0.9999525706481683
2457,max,0.9583333333333357,32.02831743209196,0.9993419970813103,64.24381,5.200000000000003,55.68433654910167,27.55222552088308,0.9994927338008853
