stock,minmax,BOP,HT_DCPERIOD,SIN,SMA,TRANGE,DX,TAN,COS
2548,min,-1.0,15.399741565971244,-0.9988234913604372,78.35954999999996,0.26189999999999714,0.9395306704779348,-24.80373896035193,-0.9987841957603167
2548,max,1.0,38.06729157161067,0.9991882792259468,83.93858666666657,5.936999999999998,76.54965101293462,21.258516880583503,0.9992203315311674
