stock,minmax,BOP,HT_DCPERIOD,SIN,SMA,TRANGE,DX,TAN,COS
2603,min,-1.0,15.136201369175852,-0.9986456501514319,102.3628399999999,0.950099999999992,0.012645093687141193,-25.407108490202376,-0.9999994718766119
2603,max,1.0,27.772072488546556,0.9992263308277111,146.2439299999999,11.876899999999978,85.16825535947426,19.19455648143304,0.995911096949872
