stock,minmax,BOP,HT_DCPERIOD,SIN,SMA,TRANGE,DX,TAN,COS
2618,min,-1.0,15.545796300452583,-0.9999818183441825,27.074156666666674,0.23789999999999978,0.48124994325296183,-24.04207228920125,-0.9999841297270468
2618,max,1.0,39.88883966894083,0.9809044891472569,30.33250333333335,2.0463999999999984,56.836111242274434,165.82971862888166,0.9985463166988079
