stock,minmax,BOP,HT_DCPERIOD,SIN,SMA,TRANGE,DX,TAN,COS
2707,min,-1.0,17.570173088038146,-0.9999530578937849,195.07395333333326,1.4239000000000033,0.6251883626806269,-28.257683207205364,-0.9999989300733929
2707,max,1.0,35.23522795649526,0.9993744108373426,210.54697333333334,18.035999999999973,73.3609394074534,103.20207415699964,0.9977923990738473
