stock,minmax,BOP,HT_DCPERIOD,SIN,SMA,TRANGE,DX,TAN,COS
2729,min,-1.0,16.676853644007664,-0.9998172411166516,202.0643866666666,0.8719000000000108,0.43176479516200417,-14.06603181858138,-0.9931990832309473
2729,max,1.0,30.32353604902142,0.9974824138554857,236.38597333333337,8.718399999999974,57.68350158867687,52.2981371324342,0.9948096510824466
