stock,minmax,BOP,HT_DCPERIOD,SIN,SMA,TRANGE,DX,TAN,COS
2748,min,-1.0,15.541105324574696,-0.9999691264868971,65.34878000000016,0.6783999999999963,1.528065019025259,-127.25707022299964,-0.9998098489101628
2748,max,1.0,31.862901046980042,0.9988071053703997,78.81072333333356,7.9472999999999985,72.5154738297883,115.51397436552315,0.9976788965645558
