stock,minmax,BOP,HT_DCPERIOD,SIN,SMA,TRANGE,DX,TAN,COS
2885,min,-1.0,16.580817650303494,-0.9991983100556711,23.49500666666668,0.09479999999999933,0.5017642288117273,-18.244884251842414,-0.6472298940954092
2885,max,1.0,40.735177981015084,0.9585756315989143,25.48361666666668,0.758700000000001,61.26448880110906,24.95861803749845,0.9999987851162917
