stock,minmax,BOP,HT_DCPERIOD,SIN,SMA,TRANGE,DX,TAN,COS
2886,min,-1.0,14.177398065641281,-0.9999620201283779,34.17643333333333,0.18710000000000093,0.22112314392047971,-49.53627775921518,-0.9999749311659865
2886,max,1.0,22.65390626078449,0.6012137727185167,36.57866666666669,1.2164999999999964,48.763546414664965,114.73499071887885,0.840597019940591
