stock,minmax,BOP,HT_DCPERIOD,SIN,SMA,TRANGE,DX,TAN,COS
2891,min,-0.8887854816193526,15.914665191379017,-0.9997614096181429,23.113576666666656,0.09550000000000125,0.5100715145084731,-38.51942424799076,-0.980455290594418
2891,max,1.0,27.789387545980894,0.999928748230336,27.13243,0.6685000000000016,59.28397459730355,83.76526473076184,0.9872047732241764
