stock,minmax,BOP,HT_DCPERIOD,SIN,SMA,TRANGE,DX,TAN,COS
2892,min,-1.0,15.57573412252091,-0.7121396087480388,24.86904666666665,0.09419999999999717,0.2631910821262005,-1.0143891580664472,0.4619011822141614
2892,max,1.0,24.021141487319504,0.8869313941163433,25.798079999999995,0.47080000000000055,54.50328090862479,1.9201756312135088,0.9999699008850935
