stock,minmax,BOP,HT_DCPERIOD,SIN,SMA,TRANGE,DX,TAN,COS
3005,min,-0.9361627190279109,13.359282607135347,-0.9998490994739132,71.07078666666666,0.8699000000000012,1.5492235166075101,-57.55598218041371,-0.9733102254008439
3005,max,1.0,27.9635001247749,0.999512694978544,104.79066666666658,12.565200000000004,87.68756003137035,32.02032888604574,0.9999570809832049
