stock,minmax,BOP,HT_DCPERIOD,SIN,SMA,TRANGE,DX,TAN,COS
3008,min,-1.0,15.154119954593959,-0.9996048077990078,2000.2015700000009,14.552799999999934,0.17024997355875288,-53.58317299308929,-0.9996541647179391
3008,max,1.0,29.014930900963137,0.999825899618834,2555.795156666668,232.84490000000005,68.77045542546266,35.55920701676449,0.9997475205910019
