stock,minmax,BOP,HT_DCPERIOD,SIN,SMA,TRANGE,DX,TAN,COS
3019,min,-1.0,16.900787927628496,-0.9991163125358109,60.377203333333334,0.4872999999999976,0.07359326337877992,-51.94001201006453,-0.9999699357632469
3019,max,1.0,29.87738658862731,0.9998147128948593,66.66021333333335,4.4831999999999965,70.42370623119388,18.01358228914515,0.9977661655608845
