stock,minmax,BOP,HT_DCPERIOD,SIN,SMA,TRANGE,DX,TAN,COS
3034,min,-1.0,13.057131272078756,-0.9985532210827961,397.40117,3.3146000000000413,0.665595560107483,-18.570015755982457,-0.9997489858175601
3034,max,1.0,38.0318419396187,0.9950817002079508,504.7616633333333,52.08609999999999,63.86056518047945,10.94069103021805,0.9925755785265045
