stock,minmax,BOP,HT_DCPERIOD,SIN,SMA,TRANGE,DX,TAN,COS
3035,min,-1.0,15.884221234879242,-0.9980236491002673,315.5124199999999,5.877900000000011,0.23446541659191417,-11.236688987387344,-0.9944356125168267
3035,max,1.0,30.814506245739448,0.9999288449505463,405.9014166666664,40.65540000000004,60.659514274537266,83.82218204144961,0.9999882281803297
