stock,minmax,BOP,HT_DCPERIOD,SIN,SMA,TRANGE,DX,TAN,COS
3037,min,-1.0,16.034965819634397,-0.9999679444105602,154.09434333333326,1.9656999999999982,0.2890512637338761,-16.099440762577466,-0.9960873707164185
3037,max,1.0,33.59295433315635,0.9996712183659137,178.64917999999992,18.67409999999998,51.107903952328506,124.88856550389076,0.9999996708158725
