stock,minmax,BOP,HT_DCPERIOD,SIN,SMA,TRANGE,DX,TAN,COS
3038,min,-1.0,14.385402762764318,-0.9999998594391568,27.804233333333325,0.14260000000000161,0.7558569390094609,-19.190346269169392,-0.9999980671912335
3038,max,1.0,27.757636442791267,0.9986450570260458,30.828296666666656,2.661299999999997,72.92543619958097,1886.0481658401968,0.7847977943477167
