stock,minmax,BOP,HT_DCPERIOD,SIN,SMA,TRANGE,DX,TAN,COS
3045,min,-0.8750000000000023,14.677752730865977,-0.9990763610014475,90.60858666666653,0.28889999999999816,0.18886208598696,-18.73806715248208,-0.9838950255520974
3045,max,1.0,25.592751282650756,0.9999756682676776,95.10869999999991,1.829499999999996,64.20017861819434,143.34764472734415,0.9997327356356923
