stock,minmax,BOP,HT_DCPERIOD,SIN,SMA,TRANGE,DX,TAN,COS
3211,min,-1.0,19.78980145042702,-0.9992904699949606,74.29428333333344,0.1880000000000024,0.015778187185579672,-95.28287659113671,-0.9997100026718492
3211,max,1.0,41.12443897105845,0.9999449313526415,83.92997333333334,9.209699999999998,91.85464820341129,23.23462616544157,0.9995671545759897
