stock,minmax,BOP,HT_DCPERIOD,SIN,SMA,TRANGE,DX,TAN,COS
3217,min,-1.0,13.765897226987885,-0.9999999331177357,122.1505266666667,1.9251000000000005,7.7215462263396555,-19.02834529035689,-0.9997859828310816
3217,max,1.0,26.97383527887741,0.9926642205518966,170.11873000000023,17.326300000000003,68.88992353257399,2734.195073702604,0.9997705826562917
