stock,minmax,BOP,HT_DCPERIOD,SIN,SMA,TRANGE,DX,TAN,COS
3218,min,-1.0,12.986912239017052,-0.9999877843351082,270.9370766666667,1.9461999999999762,0.88822841358676,-202.31238415247483,-0.9932750103898548
3218,max,1.0,23.620356649431614,0.9971698284521927,324.45630333333344,17.02879999999999,61.9655150124651,27.10864561596629,0.9997440852811024
