stock,minmax,BOP,HT_DCPERIOD,SIN,SMA,TRANGE,DX,TAN,COS
3227,min,-1.0,15.646151905568589,-0.9996607451691661,120.92960333333332,1.4632000000000005,0.3648851871028581,-38.38057330376241,-0.9817845030767745
3227,max,0.9000102511532568,27.78449959467837,0.9913625233069344,155.23473333333317,16.095700000000022,78.40901101157851,11.183479723368041,0.9997136270955066
