stock,minmax,BOP,HT_DCPERIOD,SIN,SMA,TRANGE,DX,TAN,COS
3231,min,-1.0,16.589853041285277,-0.9846887832212474,91.20867333333338,1.073999999999998,0.2709667117892139,-16.557019152024832,-0.9999351693386312
3231,max,0.9459515570934272,27.655564811142362,0.9999961062021377,109.7400566666667,12.985699999999994,70.08866503745587,358.34143845327776,0.9976190381531888
