stock,minmax,BOP,HT_DCPERIOD,SIN,SMA,TRANGE,DX,TAN,COS
3289,min,-0.9564965713776874,14.486509964934225,-0.996422140974736,85.05187666666671,0.4882000000000062,0.32134461988284874,-249.41423976602442,-0.9999899336383229
3289,max,0.9655318547817489,28.095046914913134,0.9999919624760798,108.52378666666672,14.800599999999989,83.33602515426925,166.51701443287226,0.9999218047592895
