stock,minmax,BOP,HT_DCPERIOD,SIN,SMA,TRANGE,DX,TAN,COS
3324,min,-0.9199948300374806,15.026754447832044,-0.9998553290004276,307.7466066666669,4.951700000000017,0.9807803510698624,-11.429514289015403,-0.9986236234458907
3324,max,1.0,27.60268103915358,0.9999999447883112,394.1863533333334,60.90560000000005,74.6935892453984,3009.3276010832506,0.9986634337733521
