stock,minmax,BOP,HT_DCPERIOD,SIN,SMA,TRANGE,DX,TAN,COS
3481,min,-1.0,14.231171178615135,-0.9997224855844109,12.72507999999999,0.15639999999999965,0.18840576006260826,-34.9061597360365,-0.9993721847137774
3481,max,1.0,33.99616533035383,0.9955350769439804,16.532349999999994,1.2512000000000008,70.30769338376842,42.43769834986294,0.9999958797894298
