stock,minmax,BOP,HT_DCPERIOD,SIN,SMA,TRANGE,DX,TAN,COS
3483,min,-0.9375000000000002,15.293245847607619,-0.9990474443781765,129.3385933333334,2.3755000000000166,0.23261928107771362,-29.68792866471647,-0.9999872990963499
3483,max,0.9444444444444449,28.04346270978052,0.9994331856456211,155.50089000000006,17.5788,53.8846375259126,22.894406527620905,0.9996968632920442
