stock,minmax,BOP,HT_DCPERIOD,SIN,SMA,TRANGE,DX,TAN,COS
3515,min,-1.0,14.92181129622379,-0.9997745010250112,185.4407066666665,2.913499999999999,0.2493222887314325,-47.08030381360986,-0.9943852748846387
3515,max,1.0,28.765144735372086,0.999998093496724,236.73350999999974,22.822000000000003,51.34045403175729,512.1127673322854,0.9937296758068359
