stock,minmax,BOP,HT_DCPERIOD,SIN,SMA,TRANGE,DX,TAN,COS
3661,min,-1.0,15.281429264385476,-0.999910910944511,2476.7586133333343,59.41100000000006,1.7077228780748868,-74.91069134916827,-0.9974392562991791
3661,max,1.0,28.7298403386931,0.999459293251275,3843.0691333333316,331.7117000000003,67.82335955590534,30.396804622858394,0.9990830602928329
