stock,minmax,BOP,HT_DCPERIOD,SIN,SMA,TRANGE,DX,TAN,COS
3680,min,-1.0,17.80323607831114,-0.999546010874856,331.6777533333334,3.92410000000001,1.5582347373865413,-33.17526222538537,-0.9967434435121553
3680,max,0.9555563609675214,29.717735041183104,0.9715578132381981,399.01374000000015,42.14590000000004,71.34924137641642,11.530853027421488,0.9999875187087517
