stock,minmax,BOP,HT_DCPERIOD,SIN,SMA,TRANGE,DX,TAN,COS
3702,min,-1.0,15.586706323930509,-0.9998137216742863,54.802066666666654,0.7698000000000036,2.673935365134402,-51.8015980793481,-0.9999409333549384
3702,max,1.0,34.14958812180599,0.9998933442079208,84.72589666666673,5.292600000000007,84.68302587084658,68.46333288117175,0.9973248821653378
