stock,minmax,BOP,HT_DCPERIOD,SIN,SMA,TRANGE,DX,TAN,COS
3707,min,-1.0,14.330436750374815,-0.9996238935576389,63.580000000000034,0.7000000000000028,0.3502177294609851,-70.59035256924146,-0.9990597137251612
3707,max,0.9374999999999992,30.578122986902,0.9999964903456066,77.06666666666663,4.199999999999989,56.850321517325966,377.4432672068061,0.9998869257099253
