stock,minmax,BOP,HT_DCPERIOD,SIN,SMA,TRANGE,DX,TAN,COS
4147,min,-1.0,17.844914632955557,-0.9990139196271266,81.20903000000007,0.5893999999999977,0.12409765235326764,-18.57380521770384,-0.999147208217208
4147,max,0.8333191958605495,31.246042643960813,0.9992746397638106,97.31069000000005,10.400000000000006,83.96957388864271,26.240479400336145,0.9990579775870402
