stock,minmax,BOP,HT_DCPERIOD,SIN,SMA,TRANGE,DX,TAN,COS
4506,min,-1.0,13.31106386716584,-0.9829890640476252,76.14150999999988,0.09629999999999939,0.7611772597745573,-1.0906184673099468,-0.9992787075039697
4506,max,1.0,27.34216684736426,0.9995990152342542,79.95804666666662,3.6591999999999985,74.57107396318935,35.30127780759799,0.9951943722810613
