stock,minmax,BOP,HT_DCPERIOD,SIN,SMA,TRANGE,DX,TAN,COS
4746,min,-0.9666700711537821,18.01518741946327,-0.9974827865231499,82.98860333333336,1.0769999999999982,0.5914168649782775,-10.963410048032669,-0.9995155710581546
4746,max,0.9864879785795131,29.616963880622148,0.9995908957275718,107.63585333333337,9.301400000000001,62.07828585577616,34.94899640393617,0.9999380006350196
