stock,minmax,BOP,HT_DCPERIOD,SIN,SMA,TRANGE,DX,TAN,COS
4763,min,-0.9473706657568148,15.243160729154534,-0.9999991521952821,705.1213533333334,12.957499999999982,0.05649557860970691,-37.44562022112071,-0.9985491689105032
4763,max,0.9473693880400681,31.69394231626424,0.9999853045437365,931.1585199999995,143.519,66.84721153100423,767.9568375534595,0.9966073998717369
