stock,minmax,BOP,HT_DCPERIOD,SIN,SMA,TRANGE,DX,TAN,COS
4919,min,-1.0,16.717139101031318,-0.9954538053040581,122.69480333333327,0.9740999999999929,0.45943029069091923,-10.451443002923726,-0.9905110574413868
4919,max,1.0,29.459361251666124,0.9996031648970802,138.96104666666662,8.279300000000006,66.62475930759271,35.48547916510698,0.9998976688730906
