stock,minmax,BOP,HT_DCPERIOD,SIN,SMA,TRANGE,DX,TAN,COS
4961,min,-1.0,14.602667638853328,-0.9877740710666212,225.85647999999972,2.404299999999978,0.02923689544282866,-249.61931351326692,-0.9999933351771283
4961,max,0.9767423865048764,31.91159117704592,0.9999919756768872,260.80433666666636,24.043200000000013,50.062641442701675,16.6844212241784,0.9976662914149846
