stock,minmax,BOP,HT_DCPERIOD,SIN,SMA,TRANGE,DX,TAN,COS
4966,min,-0.8947367858832929,13.03040279543313,-0.9997294548815373,924.7062500000001,14.781200000000126,0.5476161469033073,-42.9810494195303,-0.9993944065388946
4966,max,0.8815788770910336,28.966460172773722,0.9989895899524718,1131.7432933333334,108.39460000000008,62.72905161724501,22.228331671394603,0.9994417600730658
