stock,minmax,BOP,HT_DCPERIOD,SIN,SMA,TRANGE,DX,TAN,COS
4967,min,-1.0,15.373558994137287,-0.9997712997015655,64.54235333333334,1.082899999999995,0.2364952242218078,-78.24308059152897,-0.9998540778251613
4967,max,1.0,31.021328329682962,0.9999183370769964,88.07296666666664,8.170699999999997,63.58940131004018,19.441667967247103,0.9973505959623326
