stock,minmax,BOP,HT_DCPERIOD,SIN,SMA,TRANGE,DX,TAN,COS
4967,min,-1.0,15.37354434933857,-0.9999807674966553,65.56370666666658,1.0999999999999943,0.23738887027764718,-161.23555963803662,-0.9981895100953397
4967,max,1.0,31.020907637316427,0.9988580516952367,89.4666666666666,8.300000000000011,63.58963707140586,19.137730929850385,0.9988587716774113
