stock,minmax,BOP,HT_DCPERIOD,SIN,SMA,TRANGE,DX,TAN,COS
4979,min,-0.9230853203998565,15.954304447548273,-0.9996141486384919,142.07198666666662,2.9594999999999914,0.758572778145517,-20.00378665110042,-0.9991954653610262
4979,max,1.0,22.142083230700607,0.9891544794544259,167.1548133333335,20.716700000000003,49.82195801292171,35.9873009300581,0.9994390377927914
