stock,minmax,BOP,HT_DCPERIOD,SIN,SMA,TRANGE,DX,TAN,COS
5222,min,-1.0,15.473636196584577,-0.9967415742703807,144.16658333333348,0.8887,0.55567688960334,-12.35713324636002,-0.9979610424030562
5222,max,1.0,33.05617656405307,0.9937633998454117,149.45452333333353,11.997800000000012,53.76528853587672,3.2148898836963062,0.999462890157166
