stock,minmax,BOP,HT_DCPERIOD,SIN,SMA,TRANGE,DX,TAN,COS
5234,min,-1.0,15.259359483261065,-0.9993881474328837,91.97123333333343,0.4860000000000042,0.45594789068285396,-190.3493097095491,-0.9998081817471512
5234,max,1.0,32.93128096143809,0.9999862006572332,106.65332333333335,11.179299999999998,72.04985126622468,28.573421294791096,0.9989041256474257
