stock,minmax,BOP,HT_DCPERIOD,SIN,SMA,TRANGE,DX,TAN,COS
5269,min,-0.9629627687506515,14.41643814441787,-0.9994249735725387,1040.28739,29.665100000000166,0.7321900170562496,-29.474994914537632,-0.9991575966787409
5269,max,0.9230765640388163,23.21897122924521,0.9998710168710341,1945.203263333333,158.21360000000004,60.59991491988457,62.255328979462156,0.9999601610548846
