stock,minmax,BOP,HT_DCPERIOD,SIN,SMA,TRANGE,DX,TAN,COS
5287,min,-1.0,16.653296319345454,-0.9962246245446991,174.52659666666656,0.4439999999999884,0.5586530373091712,-11.47552316706813,-0.9986485152532423
5287,max,1.0,39.63740705447451,0.9927948537364373,179.95878333333314,6.216700000000003,65.83847815829712,3.3438338965179586,0.9963736449911341
