stock,minmax,BOP,HT_DCPERIOD,SIN,SMA,TRANGE,DX,TAN,COS
5306,min,-1.0,14.399216584875756,-0.9997944592864196,120.69832666666639,0.4888999999999868,0.6593278520264776,-49.313873328465945,-0.9806412385239409
5306,max,1.0,32.42075321763945,0.997398771853954,136.44417999999976,12.81450000000001,69.4013909133304,13.837168119560125,0.9999394330130222
