stock,minmax,BOP,HT_DCPERIOD,SIN,SMA,TRANGE,DX,TAN,COS
5340,min,-1.0,16.453353536560773,-0.9997551733586199,57.12666666666667,0.6000000000000014,0.5708969246496304,-45.18308791052113,-0.9999525706481683
5340,max,0.9090909090909138,36.422505686425815,0.9999964903456066,68.79333333333335,7.000000000000007,56.13964596773792,377.4432672068061,0.9998869257099253
