stock,minmax,BOP,HT_DCPERIOD,SIN,SMA,TRANGE,DX,TAN,COS
5347,min,-0.9411549707602368,13.401691747570883,-0.9986917175541757,67.08363666666664,0.5792999999999893,0.19942923213846953,-19.530249194862275,-0.9996586039955112
5347,max,0.9285450107256386,29.30193567163074,0.9999767438018237,76.78196666666662,5.697400000000002,62.44269891648961,146.62501421917557,0.999819955159379
