stock,minmax,BOP,HT_DCPERIOD,SIN,SMA,TRANGE,DX,TAN,COS
5483,min,-0.9166666666666687,14.604112484891727,-0.9937001132638835,151.8949199999999,1.4379999999999882,0.016844481670954425,-18.177953197372258,-0.9960556005856183
5483,max,1.0,28.6706380836831,0.9984902825234523,189.4023199999997,9.754099999999994,66.46880936815592,7.386560946732945,0.9997880622405385
