stock,minmax,BOP,HT_DCPERIOD,SIN,SMA,TRANGE,DX,TAN,COS
5904,min,-1.0,15.273768462364263,-0.9996019598524107,458.60249999999996,2.851699999999994,0.6225285601163111,-35.43169124217445,-0.9976461017478521
5904,max,1.0,28.30384106336316,0.9999844336680972,518.5359433333333,47.52850000000001,56.80413617185257,179.22013030932828,0.9999244151192928
