stock,minmax,BOP,HT_DCPERIOD,SIN,SMA,TRANGE,DX,TAN,COS
6235,min,-1.0,16.01497348325741,-0.9999068544667868,103.13442,1.4632000000000005,0.23122038574747977,-73.2611353020213,-0.9979379248353752
6235,max,0.8750032037317059,42.08356533771059,0.99358315435085,139.50132,12.680499999999995,47.65788464428951,8.784686059303572,0.9999840375378429
