stock,minmax,BOP,HT_DCPERIOD,SIN,SMA,TRANGE,DX,TAN,COS
6285,min,-1.0,16.51222230221238,-0.9935129310782224,124.76404000000001,1.8858000000000033,0.19212016352616923,-12.57493061177637,-0.9999001648961159
6285,max,0.894737994133872,30.09945252779365,0.9968529408043922,148.63138999999995,14.4272,63.61560108363583,8.736545427234349,0.9839881254010504
