stock,minmax,BOP,HT_DCPERIOD,SIN,SMA,TRANGE,DX,TAN,COS
6443,min,-1.0,15.581820740728222,-0.9999728432139836,27.63935666666664,0.19670000000000343,0.5742579025890577,-135.68660350194165,-0.999990468523292
6443,max,0.900061000406671,29.640364394380626,0.9987219919140168,29.250833333333315,2.0655,48.881923877795835,4.112527799506798,0.521296741767959
