stock,minmax,BOP,HT_DCPERIOD,SIN,SMA,TRANGE,DX,TAN,COS
6462,min,-1.0,16.35828159678455,-0.9999807674966553,83.38333333333331,0.0,0.505282629392067,-161.23555963803662,-0.9997555067434422
6462,max,1.0,35.56541371083543,0.9993738171110836,229.43333333333328,43.5,85.975015818842,28.244270935649098,0.9992062338855137
