stock,minmax,BOP,HT_DCPERIOD,SIN,SMA,TRANGE,DX,TAN,COS
6491,min,-1.0,13.533796180925268,-0.9991668989016841,354.749036666667,2.449199999999962,0.49244894737837613,-24.48300145008269,-0.9996379186217476
6491,max,0.9210519246783258,23.986977132728896,0.9955151300218107,394.1474633333337,32.8184,48.492374627580034,22.87254274316223,0.9981719835684341
