stock,minmax,BOP,HT_DCPERIOD,SIN,SMA,TRANGE,DX,TAN,COS
6505,min,-1.0,16.124310467786902,-0.9985972777328374,72.16750666666665,0.2907999999999902,0.005157194567320584,-18.860008601003976,-0.9973752733821073
6505,max,1.0,24.508053691019754,0.9965558176081332,80.55742000000001,3.490400000000008,65.8711853495589,12.01760235102877,0.9717149317807798
