stock,minmax,BOP,HT_DCPERIOD,SIN,SMA,TRANGE,DX,TAN,COS
6526,min,-1.0,15.646696015449795,-0.999418321016723,454.22648333333325,4.966399999999965,1.3391980399948815,-29.30581384720204,-0.9999497645765901
6526,max,0.9499989932345372,34.19956982950683,0.9982400250792041,577.0950966666666,58.603500000000054,73.27026693761113,17.53514459710409,0.9999486269605669
