stock,minmax,BOP,HT_DCPERIOD,SIN,SMA,TRANGE,DX,TAN,COS
6546,min,-1.0,19.07184869830978,-0.9999452863561176,80.5088699999999,0.684899999999999,5.681971788111086,-95.59151849358688,-0.999845353508759
6546,max,0.952353141577848,39.88269274781741,0.9960771161451317,127.68054333333323,15.654299999999992,91.65564386446701,43.50222760318667,0.9998935531507878
