stock,minmax,BOP,HT_DCPERIOD,SIN,SMA,TRANGE,DX,TAN,COS
6561,min,-1.0,16.782047134666964,-0.9999633603980962,314.2760866666665,0.4852999999999952,1.1321144400115082,-116.81475285110054,-0.9974430135031458
6561,max,1.0,30.203005334759823,0.9857193066005253,347.6012833333332,16.986099999999965,74.6751841741451,57.61669090253251,0.9999969317365539
