stock,minmax,BOP,HT_DCPERIOD,SIN,SMA,TRANGE,DX,TAN,COS
6670,min,-1.0,13.671256698656643,-0.9795168953002414,193.5639100000002,0.9577999999999918,0.1025074538060845,-124.07986832164373,-0.9976375210603253
6670,max,1.0,37.0574349973661,0.9999675252212678,211.2680166666669,7.662700000000001,73.56560805161931,20.339376843766246,0.9995648934553889
