stock,minmax,BOP,HT_DCPERIOD,SIN,SMA,TRANGE,DX,TAN,COS
6788,min,-1.0,14.118668100225527,-0.9973940038356511,116.91634666666668,0.45929999999999893,1.3470865614751943,-625.9659545163865,-0.9996374583931307
6788,max,1.0,26.34200181651812,0.9999987239498386,124.61785999999998,7.3492999999999995,58.09024602241936,13.824454262769196,0.9989013732330685
