stock,minmax,BOP,HT_DCPERIOD,SIN,SMA,TRANGE,DX,TAN,COS
6789,min,-1.0,10.90489534875816,-0.9998405590176455,208.49967333333353,2.9913999999999987,0.39341382423062715,-55.99291574949303,-0.9957242048966279
6789,max,0.9736824047926957,38.648891898999715,0.9998484242948958,289.26711333333344,38.888000000000034,83.8899733267631,57.4276213041756,0.9983366895909696
