stock,minmax,BOP,HT_DCPERIOD,SIN,SMA,TRANGE,DX,TAN,COS
6805,min,-1.0,15.605870148969892,-0.998670419425342,383.5564033333334,8.437000000000012,17.484535481626377,-9.539929753116928,-0.9997458759223078
6805,max,1.0,24.0264134888561,0.9985190831286419,571.8687933333334,71.46709999999996,86.6851490485197,19.37288333585947,0.9998447225150103
