stock,minmax,BOP,HT_DCPERIOD,SIN,SMA,TRANGE,DX,TAN,COS
6811,min,-1.0,12.68175429736743,-0.9991164641958268,252.8115999999997,3.8819000000000017,0.11760742991335292,-75.46638535710436,-0.9988462056636975
6811,max,0.9615378518266047,22.79370226590063,0.9999319700769443,286.05075666666636,34.45230000000004,69.30688321177641,85.72605778661104,0.9995942525507093
