stock,minmax,BOP,HT_DCPERIOD,SIN,SMA,TRANGE,DX,TAN,COS
6829,min,-1.0,18.155892071227086,-0.993562228619885,101.03244000000005,0.9761000000000024,0.3530342025137465,-43.154992208996305,-0.9992238730245265
6829,max,1.0,32.149469179250545,0.9997316305569858,127.20157000000005,11.713199999999986,75.35005040097464,26.13339982435667,0.9999759523935252
