stock,minmax,BOP,HT_DCPERIOD,SIN,SMA,TRANGE,DX,TAN,COS
6830,min,-1.0,13.046027362223516,-0.9775951120136742,130.09891333333331,1.4464000000000112,0.6253691159026319,-165.51683270578988,-0.9983637546921514
6830,max,1.0,28.974131470443368,0.9999817495414498,157.62940333333322,12.535799999999995,60.598475267960325,4.644285858261223,0.9894156599430478
