stock,minmax,BOP,HT_DCPERIOD,SIN,SMA,TRANGE,DX,TAN,COS
6863,min,-1.0,14.426018117500256,-0.999897476725946,141.1471533333335,1.4801999999999964,0.17179442708328735,-69.82973160314107,-0.9999886713446728
6863,max,1.0,28.758352063939412,0.9993607368246367,152.80799333333346,14.8022,54.912574363817356,27.95354290216499,0.9984967772137904
