stock,minmax,BOP,HT_DCPERIOD,SIN,SMA,TRANGE,DX,TAN,COS
8016,min,-1.0,14.068656360530461,-0.9916798911450765,258.36623333333347,2.8706999999999994,0.9448315260848602,-12.70929924786003,-0.9999800935805961
8016,max,0.949995297363389,37.836691484149625,0.99884582839545,277.8234500000002,19.138199999999983,46.82775188020396,20.795703578693175,0.9961789920422115
