stock,minmax,BOP,HT_DCPERIOD,SIN,SMA,TRANGE,DX,TAN,COS
8054,min,-1.0,18.466161145744554,-0.999990388166664,34.21724666666666,0.8971000000000018,0.01962457382446956,-228.07556295151272,-0.999809395410612
8054,max,1.0,42.18190702601977,0.9991908080357873,154.9968066666666,39.87050000000002,90.42902648251508,24.842513032700463,0.9992263457471947
