stock,minmax,BOP,HT_DCPERIOD,SIN,SMA,TRANGE,DX,TAN,COS
8069,min,-0.857134547146765,13.986984797765103,-0.9999468758651306,170.66850333333332,1.9646999999999935,0.01537334138073913,-97.01117453074887,-0.9999849335026506
8069,max,1.0,28.258695054334645,0.9997971072709004,204.85458666666673,19.156000000000006,69.49353104065789,13.819905273964045,0.99622755977884
