stock,minmax,BOP,HT_DCPERIOD,SIN,SMA,TRANGE,DX,TAN,COS
8109,min,-1.0,17.771599294198133,-0.997313533063349,89.68686333333332,0.37699999999999534,0.16717674916008873,-98.91473624236507,-0.9991301370405615
8109,max,1.0,27.254542471281784,0.9999489007270935,99.35149666666663,4.241599999999991,40.67508712097386,11.849729921628025,0.9973581047198117
