stock,minmax,BOP,HT_DCPERIOD,SIN,SMA,TRANGE,DX,TAN,COS
8279,min,-1.0,14.961973136591972,-0.999942523555368,146.29740333333334,0.0,1.4716530568549018,-5.004005829711877,-0.9968379419548397
8279,max,1.0,29.979688934029056,0.9806108564975219,162.73386999999994,9.203100000000006,48.787341797881744,93.26556647263617,0.9899161437900588
