stock,minmax,BOP,HT_DCPERIOD,SIN,SMA,TRANGE,DX,TAN,COS
8996,min,-1.0,18.856331200772054,-0.9996298151319523,216.50698666666676,2.4702000000000055,0.6226183708089662,-36.7413464787901,-0.9996148871672431
8996,max,0.9411701671667394,28.740391091946876,0.9999420322673831,289.70799999999997,31.618899999999996,66.87631378124192,92.86946923762612,0.9999978512948173
