stock,minmax,BOP,HT_DCPERIOD,SIN,SMA,TRANGE,DX,TAN,COS
9921,min,-1.0,17.32126020110683,-0.9999989083767824,166.26392666666672,1.4686000000000092,0.2939462506963402,-24.266549858805956,-0.9998039061602073
9921,max,1.0,33.3923388830672,0.999151989493033,185.15361666666675,17.623399999999975,69.0544849171347,676.7811664186776,0.998321051339658
