stock,minmax,BOP,HT_DCPERIOD,SIN,SMA,TRANGE,DX,TAN,COS
9927,min,-1.0,18.2436904861854,-0.9994441651727275,51.695369999999954,0.46640000000000015,0.2038462996579138,-29.97995791574215,-0.9998971018462999
9927,max,1.0,28.939739828947435,0.9993762707088122,65.70718000000001,5.317800000000005,68.44877634301473,17.228357733053787,0.9989987484111671
