stock,minmax,BOP,HT_DCPERIOD,SIN,SMA,TRANGE,DX,TAN,COS
9938,min,-0.9705917477757207,13.882467459534098,-0.9999109800938041,50.78288333333337,0.49259999999999593,0.12128515313777148,-394.33513526275976,-0.9963960484437372
9938,max,0.9333423563646197,36.53702024793593,0.9999967845855378,59.987176666666706,4.0390000000000015,61.22543320549565,52.68408767208811,0.9999958879658709
