stock,minmax,BOP,HT_DCPERIOD,SIN,SMA,TRANGE,DX,TAN,COS
9939,min,-1.0,18.069424167817143,-0.9974961108910497,99.89046999999992,0.9686999999999983,1.4701612972576341,-10.230356395727739,-0.9999777435103331
9939,max,1.0,36.845762360285306,0.9952565989136448,130.93770666666657,9.202799999999996,81.26547017973206,14.104597403544446,0.9822907735607282
