stock,minmax,BOP,HT_DCPERIOD,SIN,SMA,TRANGE,DX,TAN,COS
9942,min,-1.0,19.990078000420034,-0.9990844284279268,122.58884333333339,0.9444000000000017,1.6070573950670681,-9.819316405419618,-0.976630888708254
9942,max,0.8750033088916566,31.114741589066618,0.9980464385508955,132.72585333333328,6.6111000000000075,62.83724677042189,23.35288131867693,0.9986166159045123
