stock,minmax,BOP,TSF,SIN,STDDEV,CORREL,TAN,COS
1712,min,-1.0,29.06513186813186,-0.999236872799911,0.08056402669979248,0.8724037319609868,-40.18925845404831,-0.9976191211055716
1712,max,2.0,5.505415384615365,1.999065329483485,1.0323001885567689,0.11563717333729162,94.17041938391401,1.99710801344667
