stock,minmax,BOP,TSF,SIN,STDDEV,CORREL,TAN,COS
2006,min,-1.0,42.96759230769236,-0.9995770283230144,0.15946518869271675,0.8129723128759214,-7.817871291211155,-0.993324581390746
2006,max,2.0,9.804912087912115,1.998272790828277,1.5036158657377707,0.17599479854328193,42.18882270468714,1.9933143773126942
