stock,minmax,BOP,TSF,SIN,STDDEV,CORREL,TAN,COS
2103,min,-1.0,24.297183516483532,-0.40434825187197954,0.030357865492178032,0.3370243359338831,-50.087411091906176,-0.9998793516762995
2103,max,1.874934861907239,4.552062637362614,1.4041490088936817,0.7004307129609473,0.6439521873067637,85.74451218813385,1.9998515351707442
