stock,minmax,BOP,TSF,SIN,STDDEV,CORREL,TAN,COS
2233,min,-1.0,81.8690175824177,-0.9996693434032422,0.15829607692051037,0.8652149488240944,-38.87663649741561,-0.9990744496596305
2233,max,2.0,18.401228571428433,1.9984744347275498,2.803825656966143,0.1296635798807656,59.3141551696051,1.998575855286818
