stock,minmax,BOP,TSF,SIN,STDDEV,CORREL,TAN,COS
2729,min,-1.0,155.5861175824177,-0.9998568321298521,0.47129700372597416,0.37970071382000486,-41.83237297061053,-0.9963401590162898
2729,max,2.0,72.08389670329666,1.9995712316588055,10.764806481491945,0.6001297331928286,100.9225897743234,1.9953585696052238
