stock,minmax,BOP,TSF,SIN,STDDEV,CORREL,TAN,COS
3661,min,-0.9821423763133368,521.6540769230769,-0.9999982161216969,8.16440476632376,0.806420523404315,-529.4217868206367,-0.9999683018958017
3661,max,1.9821423763133368,487.01192747252753,1.999948292470917,85.21159728044138,0.1890528821341504,629.4944764154191,1.9998993901035407
