stock,minmax,BOP,TSF,SIN,STDDEV,CORREL,TAN,COS
5425,min,-0.9666759523643681,64.81631868131865,-0.9997507548665457,0.4194687573370159,0.8246802633190433,-25.855014585572025,-0.999956739994155
5425,max,1.9666759523643682,25.484261538461595,1.9976642953030028,4.033605705815834,0.1638405626073446,70.63567171677829,1.999956595068198
