stock,minmax,BOP,TSF,SIN,STDDEV,CORREL,TAN,COS
5457,min,-1.0,42.45881758241753,-0.9999592428093546,0.22499585414205375,0.8847364097851411,-110.75659760926897,-0.9987943366655039
5457,max,1.9411585365853665,14.294232967032976,1.999422066561448,2.3180629285016696,0.10822598348159962,141.2532083961501,1.998627485693547
