stock,minmax,BOP,TSF,SIN,STDDEV,CORREL,TAN,COS
6414,min,-1.0,174.502187912088,-0.9996559213949289,0.8556537725261283,0.8350760657269318,-37.86944304987729,-0.9848398253690299
6414,max,2.0,49.06329120879113,1.9995567705719215,8.00888097294446,0.15182236586277986,108.87699547034586,1.9843163116429277
