stock,minmax,BOP,TSF,SIN,STDDEV,CORREL,TAN,COS
6469,min,-1.0,211.48659780219785,-0.9999845430238142,0.6731408007865977,0.839205270697409,-71.40743242788172,-0.9990425215867638
6469,max,2.0,56.53407032967024,1.9998864994133458,5.695397010491844,0.14652378336088412,251.260437472371,1.9990227842257942
