stock,minmax,BOP,TSF,SIN,STDDEV,CORREL,TAN,COS
6510,min,-1.0,359.6685692307691,-0.9992135131348436,3.053605409279446,0.8828661219459382,-23.508966283705533,-0.9944112339128783
6510,max,1.91667020815449,230.14153956044004,1.9990349122277062,25.829579425147365,0.10693519009132746,76.41253775767895,1.9943466367167582
