stock,minmax,BOP,TSF,SIN,STDDEV,CORREL,TAN,COS
6569,min,-1.0,84.58091978021983,-0.9758719711177296,0.11249278359084894,0.7047930615265198,-14.464685334767976,-0.999129524228142
6569,max,2.0,17.106363736263717,1.9757655298034387,3.726830063678433,0.2719509038923992,82.99697086804449,1.9990475323789503
