stock,minmax,BOP,TSF,SIN,STDDEV,CORREL,TAN,COS
6803,min,-1.0,223.1637791208793,-0.993547648554775,0.19151999988939555,0.516135236500508,-10.325414194280114,-0.9992875903774024
6803,max,2.0,33.01785274725265,1.9904359789631179,4.602461070407347,0.47186769742717327,22.971988053545182,1.997748542180924
