stock,minmax,BOP,TSF,SIN,STDDEV,CORREL,TAN,COS
8069,min,-0.9230817580414538,155.55913956043935,-0.9969877529541437,0.6923141079496093,0.8983027120680959,-28.745654626998206,-0.9998324855069749
8069,max,1.8776301670036326,53.83274285714319,1.996383203782817,10.025693920341384,0.08353670461545559,50.45014807943605,1.994285790477019
