stock,minmax,BOP,TSF,SIN,STDDEV,CORREL,TAN,COS
9939,min,-1.0,73.47859890109885,-0.9963396393977656,0.1642672139925804,0.7751800308254306,-11.655428857019833,-0.9994428173637547
9939,max,1.9722424277692112,19.409071428571494,1.9961625481811778,3.040855700092842,0.2099878111466259,64.78408161490731,1.9922662523660888
