stock,minmax,BOP,TSF,SIN,STDDEV,CORREL,TAN,COS
9942,min,-1.0,91.30756373626375,-0.9918897317065474,0.23573889281156432,0.7913189023611571,-7.803925905871136,-0.9744903267320181
9942,max,2.0,27.244467032966966,1.989393227296425,3.010248669453888,0.19998909500047213,21.92944717779337,1.974490325493096
