stock,minmax,BOP,LINEARREG,SIN,HT_DCPERIOD,VAR,TRIX,COS,TAN
1216,min,-0.9333236805907517,61.321434285714325,-0.9956559964081304,13.003535621139001,0.009558546410971758,-0.04649739734697844,-0.5737282671496806,-51.671530020178025
1216,max,1.9333236805907517,3.4870828571428447,1.9954687793626762,17.68823336510536,1.0304015231954509,0.13246926271458515,1.5729461463788552,81.46713967194972
