stock,minmax,BOP,LINEARREG,SIN,HT_DCPERIOD,VAR,TRIX,COS,TAN
2207,min,-1.0,528.1150028571428,-0.998027734341338,11.351224691941589,1.9378196501056664,-0.08299840406333914,-0.9997827635045538,-22.581352358267917
2207,max,2.0,76.9914028571427,1.9970486233835691,9.970248802498325,228.94851543410914,0.17596095750187501,1.9994427609585603,42.730718575816
