stock,minmax,BOP,LINEARREG,SIN,HT_DCPERIOD,VAR,TRIX,COS,TAN
2231,min,-1.0,108.1698142857142,-0.9984608147947013,13.657244265563037,0.09712446951198217,-0.173915265289859,-0.9989500726056463,-18.002705069040886
2231,max,2.0,37.68733714285723,1.9940139449766754,17.090577421410188,60.52084694081532,0.5284462683964875,1.9988939837152606,34.79512561997879
