stock,minmax,BOP,LINEARREG,SIN,HT_DCPERIOD,VAR,TRIX,COS,TAN
2317,min,-1.0,95.22778,-0.9865745860632782,15.1368026725214,0.0364046399754443,-0.1004178376061371,-0.9959282256500255,-20.094408873214196
2317,max,2.0,12.291834285714316,1.986028112992345,12.112999185195077,7.0065309544061165,0.23029083696773922,1.9956366339346367,50.33028552026885
