stock,minmax,BOP,LINEARREG,SIN,HT_DCPERIOD,VAR,TRIX,COS,TAN
2330,min,-1.0,360.7147599999999,-0.998189513989856,19.88590874612421,7.225036803924013,-0.39587356743653324,-0.9936467618582481,-42.38128709922259
2330,max,2.0,144.45390571428618,1.9979936119383588,14.86253038080445,766.1931892479479,0.3785283226604652,1.9933483313405762,92.89411626177588
