stock,minmax,BOP,LINEARREG,SIN,HT_DCPERIOD,VAR,TRIX,COS,TAN
2337,min,-0.9811288749416907,25.77942,-0.9998515636195047,14.38923696066983,0.02285059839709902,-0.3315495880999997,-0.9999357722434585,-15.157807746986496
2337,max,1.9811288749416907,7.433048571428582,1.999430429902316,11.53331372015073,3.2571669000019483,0.4003788776563155,1.9996683658306875,73.18966516825772
