stock,minmax,BOP,LINEARREG,SIN,HT_DCPERIOD,VAR,TRIX,COS,TAN
2377,min,-1.0,86.7458685714285,-0.9999561880544167,17.076385572770562,0.1848964503624302,-0.2854903141620735,-0.9999989596958112,-106.82538373392703
2377,max,1.8749902498634978,38.08636000000003,1.999729151963595,10.975162017970138,49.43730551601584,0.4365609980781171,1.998490407347896,148.44153391436677
