stock,minmax,BOP,LINEARREG,SIN,HT_DCPERIOD,VAR,TRIX,COS,TAN
2382,min,-1.0,60.05414857142853,-0.9999988110377718,17.974478364779575,0.02806379760568234,-0.20892427397724012,-0.9999135961963407,-350.80221602135356
2382,max,1.941195623860381,13.472945714285743,1.9999947480763258,27.077563687664064,2.8291029359988897,0.31864912190538996,1.9998639796599278,999.2881881343299
