stock,minmax,BOP,LINEARREG,SIN,HT_DCPERIOD,VAR,TRIX,COS,TAN
2408,min,-1.0,43.68413142857142,-0.9999281671961273,18.74280823075719,0.016551305594930454,-0.3769360680746847,-0.9999747226618235,-21.433919427838443
2408,max,1.9230586182279676,15.474868571428622,1.999479277396775,11.734141740620863,8.689541554399511,0.6064460840245922,1.9962676343599142,104.85968378126688
