stock,minmax,BOP,LINEARREG,SIN,HT_DCPERIOD,VAR,TRIX,COS,TAN
2449,min,-1.0,28.472339999999974,-0.999712738316444,20.51698124723908,0.01746135840005536,-0.3286238238394801,-0.9995445939083942,-41.711188887840734
2449,max,1.894701617400996,9.314965714285748,1.999707217613286,18.355268744165294,1.8490666775991258,0.40632993630232983,1.99876746871673,342.6554083658689
