stock,minmax,BOP,LINEARREG,SIN,HT_DCPERIOD,VAR,TRIX,COS,TAN
2455,min,-1.0,52.13632,-0.9951752469606299,15.607594028470485,0.10177291840363978,-0.47775110068809523,-0.9999999914152334,-10.164578102038051
2455,max,2.0,26.341642857142816,1.9951752378878076,17.582797845496913,27.068034436006656,0.49722766627223747,1.9999999891192117,7433.75149162057
