stock,minmax,BOP,LINEARREG,SIN,HT_DCPERIOD,VAR,TRIX,COS,TAN
2481,min,-1.0,49.23671714285714,-0.9998634064259011,17.127385920783,0.11314585999207338,-0.5691391076701247,-0.9987985207997262,-72.19441403669103
2481,max,2.0,18.662917142857147,1.9997674883796202,12.99727166531784,17.947128098398935,0.5576027905012437,1.9977246941617395,140.31505406767718
