stock,minmax,BOP,LINEARREG,SIN,HT_DCPERIOD,VAR,TRIX,COS,TAN
2497,min,-1.0,61.530065714285726,-0.999732914212695,15.759282097118026,0.10741895999035478,-0.35063301881872455,-0.9999472746172461,-42.77727601814992
2497,max,2.0,28.671994285714263,1.9987847366491551,14.807093896964131,41.62718670639879,0.5554011108867885,1.9979933056162902,86.03589037239303
