stock,minmax,BOP,LINEARREG,SIN,HT_DCPERIOD,VAR,TRIX,COS,TAN
2633,min,-1.0,26.642799999999983,-0.5169346218943753,14.660295570499464,0.0019129679997149651,-0.047453916549156094,-0.9999871672532128,-2162.4215605323557
2633,max,2.0,2.4671514285714586,1.5169345149669256,12.824821738876416,0.32405270560082045,0.1613600843951457,1.4578035925369255,2165.3151922465267
