stock,minmax,BOP,LINEARREG,SIN,HT_DCPERIOD,VAR,TRIX,COS,TAN
2753,min,-1.0,127.02432571428582,-0.9965722463689354,18.08979750116277,0.9338757560035447,0.12550818108389983,-0.9981437311950875,-1707.3977707038007
2753,max,2.0,67.71118571428565,1.9965720748545812,12.432702000971325,82.43959298558184,0.2536948252054749,1.9979979269073167,1719.444287031226
