stock,minmax,BOP,LINEARREG,SIN,HT_DCPERIOD,VAR,TRIX,COS,TAN
3005,min,-1.0,34.530385714285764,-0.9999500086508111,12.789980291826954,0.002108521602167457,-0.26701709995101686,-0.9998585607667899,-100.00490221915254
3005,max,1.9333826794966718,8.13816285714286,1.9839023998776297,18.70666121715671,1.3293748727983257,0.3673661204783518,1.9927034059021065,186.84041811749643
