stock,minmax,BOP,LINEARREG,SIN,HT_DCPERIOD,VAR,TRIX,COS,TAN
3008,min,-0.956521977419708,1573.3910657142853,-0.9999274182468507,18.099942989316713,105.12334351800382,-0.14580267115558154,-0.9881068237876471,-14.998331804157253
3008,max,1.8731890817775394,678.8221085714301,1.997712085018641,19.631950541612436,9075.06122089643,0.4831833341852887,1.9860020667187166,97.9925107353605
