stock,minmax,BOP,LINEARREG,SIN,HT_DCPERIOD,VAR,TRIX,COS,TAN
3023,min,-1.0,226.66452857142875,-0.9999994096777169,15.029415272600925,0.3790030242234934,-0.07459605091026944,-0.9999996503112568,-23.49967720910156
3023,max,2.0,54.721368571428314,1.997598704575068,11.310547568434355,314.8340239743993,0.27709420926793626,1.9976770975701648,943.8225620925458
