stock,minmax,BOP,LINEARREG,SIN,HT_DCPERIOD,VAR,TRIX,COS,TAN
3029,min,-1.0,33.36522571428572,-0.9999301975995653,13.458205947766576,0.0028302400023676455,-0.16110456413968022,-0.9999681535008182,-13.849990893985355
3029,max,2.0,4.037697142857127,1.9973337650939207,12.590819244765367,0.7147160960000747,0.2220416911518419,1.9998863861364224,98.48052587642518
