stock,minmax,BOP,LINEARREG,SIN,HT_DCPERIOD,VAR,TRIX,COS,TAN
3088,min,-1.0,43.790045714285725,-0.9915062463680299,16.256735122454593,0.016974347990299066,-0.21066678284396012,-0.9947386861360676,-42.87163715304614
3088,max,2.0,11.84230857142854,1.9912343191405348,16.433208992946504,6.046897738400048,0.3158671527524026,1.9947374340505595,55.97071256728411
