stock,minmax,BOP,LINEARREG,SIN,HT_DCPERIOD,VAR,TRIX,COS,TAN
3105,min,-1.0,114.96323142857159,-0.9999073878729147,16.25998271853376,0.6206209623742325,-0.5785338846028054,-0.9950847673285724,-77.00353672147725
3105,max,2.0,69.0173314285712,1.9998230750303136,13.455963855876124,160.10462453201762,0.41952894726018375,1.9950305988690935,150.47537486550195
