stock,minmax,BOP,LINEARREG,SIN,HT_DCPERIOD,VAR,TRIX,COS,TAN
3152,min,-1.0,144.1043714285713,-0.997338317902943,16.369394332187692,0.423741042464826,-0.5494792923140146,-0.9999142982495752,-34.59198792963731
3152,max,2.0,47.96002857142875,1.9973382949378127,13.363473457301804,157.65109144719827,0.514336799463444,1.999549731463876,4700.654331270104
