stock,minmax,BOP,LINEARREG,SIN,HT_DCPERIOD,VAR,TRIX,COS,TAN
3324,min,-1.0,110.89019714285706,-0.9999365657953525,18.32603656283927,0.13393905837074271,-0.4661220875848304,-0.9933993763579295,-88.77743439813763
3324,max,1.9499953992904704,65.17032571428581,1.99992362308299,20.063302151499478,89.16518445520342,0.3810200637870187,1.9932406402331608,285.3252115908432
