stock,minmax,BOP,LINEARREG,SIN,HT_DCPERIOD,VAR,TRIX,COS,TAN
3374,min,-1.0,84.19533142857152,-0.9989232577369268,15.949621886509867,0.32436011760182737,-0.5379209601344415,-0.9999682216933247,-31.230179141860905
3374,max,2.0,44.62324571428569,1.998411001507277,15.600433399583615,64.4794227919956,0.6578111599012115,1.9991681004194317,62.40979925101009
