stock,minmax,BOP,LINEARREG,SIN,HT_DCPERIOD,VAR,TRIX,COS,TAN
3416,min,-1.0,71.32774285714288,-0.9997747080672152,13.405285132685886,0.003674889589092345,0.0031620331599757634,-0.9998724987490542,-3571.5936634216696
3416,max,2.0,10.979194285714243,1.9997746688708413,15.509817691079075,2.041835039994112,0.13776248057588703,1.999755318399205,3618.695602869852
