stock,minmax,BOP,LINEARREG,SIN,HT_DCPERIOD,VAR,TRIX,COS,TAN
3455,min,-1.0,60.38151428571427,-0.9971908677678386,13.545938045245649,0.09751705040162051,-0.3005686568890664,-0.9972221171274651,-17.439006998941817
3455,max,2.0,17.76172857142864,1.9955508177997565,18.8038324174287,11.924522887197782,0.5044790835444402,1.9967951356002187,24.691086609924533
