stock,minmax,BOP,LINEARREG,SIN,HT_DCPERIOD,VAR,TRIX,COS,TAN
3558,min,-0.921054249012411,149.10926857142852,-0.9999950420469231,13.148139259511902,0.9227869696478592,-0.21650098275632912,-0.9991924018742742,-317.5646709125648
3558,max,1.921054249012411,70.50835714285705,1.9976174857866176,20.896342649168098,225.8652332887723,0.6234740115729775,1.9981588117833489,356.4783128207828
