stock,minmax,BOP,LINEARREG,SIN,HT_DCPERIOD,VAR,TRIX,COS,TAN
4105,min,-1.0,63.41078285714288,-0.9998317892769222,13.03999300445857,0.035591365607615444,0.00585918039883726,-0.9983224669624032,-7.175812124480076
4105,max,2.0,11.99470285714284,1.9963435681108002,13.88021038423594,11.466673408802308,0.1560174206275855,1.9978251735104666,61.68922447417692
