stock,minmax,BOP,LINEARREG,SIN,HT_DCPERIOD,VAR,TRIX,COS,TAN
4576,min,-1.0,60.89739142857147,-0.9999465214550133,17.801376175020188,0.05831598556596873,-0.5338970987114666,-0.9999559428698336,-14.406484444119236
4576,max,2.0,32.01627714285712,1.9933881966889877,18.054103766713197,17.222005488801187,0.4473791040628283,1.9996984382841132,111.09564531927816
