stock,minmax,BOP,LINEARREG,SIN,HT_DCPERIOD,VAR,TRIX,COS,TAN
5222,min,-1.0,102.35454571428576,-0.999631754448541,12.849350457065864,0.27528910237015225,-0.1666625193791016,-0.999042790348473,-18.6202421292644
5222,max,1.9642819220622232,36.6792571428571,1.9981927532914916,18.2134665546073,89.84364292399005,0.3755528258306273,1.9989863897956046,55.458261895586006
