stock,minmax,BOP,LINEARREG,SIN,HT_DCPERIOD,VAR,TRIX,COS,TAN
5340,min,-1.0,22.560000000000024,-0.999988142591743,18.259704827577906,0.0016000000000531145,-0.3183980133021791,-0.9922804951434391,-205.3460027731648
5340,max,2.0,7.582857142857115,1.995339247503302,10.586985624656627,1.3947999999999183,0.2913733813887043,1.9921315662471457,227.48906427752792
