stock,minmax,BOP,LINEARREG,SIN,HT_DCPERIOD,VAR,TRIX,COS,TAN
5434,min,-1.0,123.48545142857152,-0.9997327546724264,17.283286172610097,0.03553979043135769,-0.22173639827192115,-0.999713677132503,-46.5098067224022
5434,max,2.0,36.48003142857134,1.9995016916815866,25.23870210314913,24.25781480801379,0.3899047112186027,1.9993897764911233,54.079587331579035
