stock,minmax,BOP,LINEARREG,SIN,HT_DCPERIOD,VAR,TRIX,COS,TAN
5457,min,-1.0,42.93670285714281,-0.9999592428093546,17.15002755205112,0.0592638943876409,-0.21601891307874155,-0.9928038966522224,-110.75659760926897
5457,max,2.0,17.5764542857143,1.999422066561448,21.98559365903248,19.319636661596178,0.4372659509114918,1.9927217530781602,141.2532083961501
