stock,minmax,BOP,LINEARREG,SIN,HT_DCPERIOD,VAR,TRIX,COS,TAN
6153,min,-1.0,19.470571428571425,-0.9999581856758148,16.25036169440474,0.00893626560082339,-0.05551097734344257,-0.999999337110456,-16.55050481926431
6153,max,2.0,10.121922857142856,1.9992644009105873,15.354237219034893,5.617150548001064,0.4112016105333849,1.997664984105522,125.89800048460367
