stock,minmax,BOP,LINEARREG,SIN,HT_DCPERIOD,VAR,TRIX,COS,TAN
6239,min,-1.0,65.16957142857144,-0.9996378760475975,19.925335176070334,0.01754813841671421,-0.26229480123168836,-0.9991706061674701,-42.04424059863279
6239,max,2.0,16.899859999999975,1.9993551454793137,19.078760246105745,11.810197351212992,0.2838550840907339,1.9991680153662283,79.19249405487429
