stock,minmax,BOP,LINEARREG,SIN,HT_DCPERIOD,VAR,TRIX,COS,TAN
6245,min,-1.0,50.60772571428564,-0.9993323695586676,13.365949986131564,0.031068165596479957,-0.12073110934143205,-0.9985301909055577,-27.35264890598162
6245,max,1.9199964794930489,35.29063142857155,1.998452572116901,20.885465584935698,36.16466837199914,0.4817210440508646,1.9974196727020952,50.345657137630916
