stock,minmax,BOP,LINEARREG,SIN,HT_DCPERIOD,VAR,TRIX,COS,TAN
6290,min,-1.0,47.06325714285716,-0.9998112714225472,15.148023655847584,0.020184773594337457,-0.07306376445922469,-0.9990442193337246,-51.46413639010331
6290,max,1.9655012486621484,9.814742857142875,1.9974987203906855,23.712114590890703,6.084394708798754,0.2801851748717499,1.9990350496268898,64.39656444850637
