stock,minmax,BOP,LINEARREG,SIN,HT_DCPERIOD,VAR,TRIX,COS,TAN
6416,min,-1.0,72.67146857142855,-0.9942613692099079,15.691462626084787,0.09427462639087025,-0.2211952448494925,-0.9980422818449504,-37.97927806493986
6416,max,2.0,28.055788571428607,1.9942528819685597,13.244346729367392,26.741999645599208,0.5603907849644152,1.997011620164645,280.6955884203849
