stock,minmax,BOP,LINEARREG,SIN,HT_DCPERIOD,VAR,TRIX,COS,TAN
6491,min,-1.0,247.9197885714285,-0.999647923305874,15.314611017452847,0.5632314880203921,-0.5301186803386759,-0.9999882499887894,-40.118861085662296
6491,max,1.9615356232114622,178.8201285714286,1.999337416946111,19.005402400900124,413.7433767176408,0.5798633369092476,1.9999830277559032,54.02391117497783
