stock,minmax,BOP,LINEARREG,SIN,HT_DCPERIOD,VAR,TRIX,COS,TAN
6569,min,-1.0,84.96487428571433,-0.9996296479630491,15.93462109092269,0.020837829571064503,-0.12220741442577898,-0.9991228697941784,-36.73304881063504
6569,max,2.0,10.638839999999831,1.999523206648758,15.509695465629502,4.637196912807667,0.12703678427682386,1.9991228666254859,105.26533434391155
