stock,minmax,BOP,LINEARREG,SIN,HT_DCPERIOD,VAR,TRIX,COS,TAN
6803,min,-1.0,224.7875742857144,-0.9984782605977217,12.732709785501372,0.055019865576468874,-0.07519119609359359,-0.9992875903774024,-13.709451335590341
6803,max,2.0,39.66036571428555,1.993821188515006,22.432149498210784,26.85251749199233,0.29566424792010215,1.999283097594784,31.81529459785506
