stock,minmax,BOP,LINEARREG,SIN,HT_DCPERIOD,VAR,TRIX,COS,TAN
8044,min,-1.0,42.98193714285713,-0.997798224564666,17.40531323079724,0.0486192144035158,-0.5611882350128217,-0.9997319517593743,-29.718919116760897
8044,max,1.9399991856014336,26.84159142857144,1.997747877327197,11.612122566617046,15.219050125600916,0.32053751420920706,1.99930806606681,129.3697168135336
