stock,minmax,BOP,LINEARREG,SIN,HT_DCPERIOD,VAR,TRIX,COS,TAN
8091,min,-1.0,56.93727428571427,-0.9999922253800805,18.39205929924028,0.07442221597921161,-0.2650122489138318,-0.9999965000706335,-253.59628458046456
8091,max,2.0,17.24785714285717,1.999952048181704,18.679941019096468,13.918588209599875,0.48299385751929824,1.999872885464328,365.149499402866
