stock,minmax,BOP,LINEARREG,SIN,HT_DCPERIOD,VAR,TRIX,COS,TAN
8215,min,-1.0,25.681877142857132,-0.9992578033207318,14.770839712575862,0.012371091999284545,-0.21355544598696818,-0.9991375922965632,-19.64391471749548
8215,max,2.0,5.334691428571425,1.9979645880216128,14.776676800882994,2.5508773839998184,0.2670966288416232,1.9933571447363263,45.58473142416415
