stock,minmax,BOP,LINEARREG,SIN,HT_DCPERIOD,VAR,TRIX,COS,TAN
9921,min,-0.9696967692867314,189.44574000000017,-0.9997565447330647,14.924364453160573,0.3083566456916742,-0.2332863026296983,-0.9999999338567713,-46.100077234205585
9921,max,1.9696967692867315,57.008791428571385,1.999521357649513,12.882353686861945,151.30469358232222,0.3027086982926419,1.99973970017228,61.349597708746536
