stock,minmax,BOP,LINEARREG,SIN,HT_DCPERIOD,VAR,TRIX,COS,TAN
9938,min,-1.0,45.19417428571427,-0.999514210069146,14.27663941550649,0.01810370240445991,-0.3398855452706018,-0.999914329740885,-224.6872513224604
9938,max,1.9444218359397725,19.101005714285762,1.999504306159042,22.949082561012748,5.378668883201044,0.42179245098226126,1.9898709111018227,256.7575105953025
