stock,minmax,BOP,HT_DCPHASE,MIN,VAR,COS,TAN,PLUS_DM,SIN
1101,min,-1.0,-37.63962909918126,33.0081,0.0022003360004418937,-0.999749560114461,-46.77182232864157,0.4927275875858687,-0.9996296806950572
1101,max,1.0,312.307095186638,39.8901,1.6044266463995882,0.9998377911399509,58.78960403696232,3.5004869922809174,0.9998553645654981
