stock,minmax,BOP,HT_DCPHASE,MIN,VAR,COS,TAN,PLUS_DM,SIN
1102,min,-1.0,-39.43551294895599,35.3817,0.006042337599637904,-0.9169196090362415,-228.07556295151272,0.7066147969282816,-0.999990388166664
1102,max,1.0,314.395310915884,38.8447,0.6292185095992409,0.9998178266641075,10.909454784728101,2.0786696218140683,0.9994291104357342
