stock,minmax,BOP,HT_DCPHASE,MIN,VAR,COS,TAN,PLUS_DM,SIN
1210,min,-1.0,-41.96258808781511,43.3391,0.013178845603761147,-0.9751742370008363,-13.541387901411822,1.5734827291297773,-0.9972843627372765
1210,max,2.0,355.53985940801283,4.349599999999995,1.9932447728015177,1.9751649797571642,21.251116279137264,4.520927915937223,1.9885067189730452
