stock,minmax,BOP,HT_DCPHASE,MIN,VAR,COS,TAN,PLUS_DM,SIN
1216,min,-1.0,-44.837666526358475,58.0151,0.009558546410971758,-0.9998458198182982,-17.05972253744905,1.3786982908217544,-0.9997365055018519
1216,max,2.0,359.7254946078325,4.393700000000003,1.3282588175998171,1.9994467283338415,60.61225243974704,5.614274796963151,1.99917377721406
