stock,minmax,BOP,HT_DCPHASE,MIN,VAR,COS,TAN,PLUS_DM,SIN
1301,min,-1.0,-44.201350469707336,80.7378,-1.0913936421275139e-11,-0.9970445253037192,-12.809445849701422,2.0028625457012694,-0.9934995573690204
1301,max,2.0,357.9409123340897,11.825100000000006,35.14707714960514,1.9939868698986558,69.65203803880972,4.284673725049757,1.9933448462738748
