stock,minmax,BOP,HT_DCPHASE,MIN,VAR,COS,TAN,PLUS_DM,SIN
1301,min,-1.0,-44.19686663112185,79.3967,1.4551915228366852e-11,-0.9970445253037192,-27.097279923247605,1.7141535324240391,-0.9993197394548243
1301,max,1.0,313.73939678843004,91.0253,33.9889761240147,0.999478109876054,19.140429298538084,6.181867694172382,0.9962875379202482
