stock,minmax,BOP,HT_DCPHASE,MIN,VAR,COS,TAN,PLUS_DM,SIN
1303,min,-1.0,-39.42216733600765,57.3777,0.008847702400998969,-0.9972450520175035,-17.0803692128986,1.3540390393103259,-0.9999990796216424
1303,max,1.0,314.6154973985642,75.3959,15.739534334401469,0.9999973002425412,737.0577269143015,5.346462945805201,0.9999176362945491
