stock,minmax,BOP,HT_DCPHASE,MIN,VAR,COS,TAN,PLUS_DM,SIN
1305,min,-1.0,-40.23298758985919,22.246,0.0027417735999506476,-0.9969334699918668,-82.84745345747578,0.9699909975155288,-0.9999271609581233
1305,max,2.0,353.73391607479107,8.0153,1.620371679999721,1.996414240123375,95.68654400770177,1.437642492112445,1.9968053190371196
