stock,minmax,BOP,HT_DCPHASE,MIN,VAR,COS,TAN,PLUS_DM,SIN
1319,min,-1.0,-26.619746976640045,27.6554,0.006085426399977223,-0.9994090381494187,-31.465851970206216,1.1145602607048686,-0.9999084681171958
1319,max,1.0,313.8101476839062,43.9086,6.432196909601998,0.9996219771831453,73.90417764089761,11.426879278134248,0.9978486638906822
