stock,minmax,BOP,HT_DCPHASE,MIN,VAR,COS,TAN,PLUS_DM,SIN
1476,min,-1.0,-30.87979573282223,370.6477,3.4223845586529933,-0.9965993369484849,-25.704823800362536,26.409495557878216,-0.9992441282431653
1476,max,1.9750013675400693,343.34468349565304,51.6438,738.9424092198606,1.9953864655505789,54.41666942759227,48.37647045636908,1.998638155781163
