stock,minmax,BOP,HT_DCPHASE,MIN,VAR,COS,TAN,PLUS_DM,SIN
1533,min,-1.0,-44.732812670115095,51.2508,0.04516026559167585,-0.9998110572800303,-24.470230911180558,5.61946379634304,-0.9991660302039314
1533,max,0.9821457409966088,308.12739444650066,57.4208,14.17128625439409,0.9906638621984979,63.489238124545196,22.595213117093085,0.9998759807855603
