stock,minmax,BOP,HT_DCPHASE,MIN,VAR,COS,TAN,PLUS_DM,SIN
1537,min,-1.0,-42.892872368769986,118.9813,0.031300686385293375,-0.9999970875344191,-5.073584729074577,1.5404060052586497,-0.9811241547693483
1537,max,1.0,308.4772145669877,122.5197,2.6136922375808354,0.9990722363253608,4.9125343354401805,8.897413753672964,0.9799039053693099
