stock,minmax,BOP,HT_DCPHASE,MIN,VAR,COS,TAN,PLUS_DM,SIN
1560,min,-1.0,-44.92665014207785,100.3045,0.13099757039162796,-0.9998062269203726,-25.895526758332455,13.494951453903289,-0.9913387937861965
1560,max,2.0,357.24427849737333,45.7649,101.8041243696025,1.9970042719502674,125.45708908970447,31.073390415872787,1.991288356264337
