stock,minmax,BOP,HT_DCPHASE,MIN,VAR,COS,TAN,PLUS_DM,SIN
1565,min,-1.0,-35.31655521048816,221.1972,0.12525936651218217,-0.9999965687618797,-43.96786867148248,6.758688506208042,-0.9997414582248535
1565,max,1.0,312.0201689989633,245.0864,29.82659030967625,0.9999661585908831,45.338585771394825,23.15490440418273,0.9997568492324372
