stock,minmax,BOP,HT_DCPHASE,MIN,VAR,COS,TAN,PLUS_DM,SIN
1565,min,-1.0,-35.31655521048816,221.1972,0.12525936651218217,-0.9999965687618797,-43.96786867148248,6.758688506208042,-0.9997414582248535
1565,max,2.0,347.33672420945146,23.889199999999988,29.701330943164066,1.999962727352763,89.30645444287731,16.396215897974688,1.9994983074572907
