stock,minmax,BOP,HT_DCPHASE,MIN,VAR,COS,TAN,PLUS_DM,SIN
1590,min,-1.0,-43.75815900942848,726.4852,6.547856984427199,-0.9999095837100935,-77.9922375526218,70.29556335793262,-0.9999178109993035
1590,max,0.9459454187774097,304.5687153493128,902.0444,2367.237797189271,0.9992500423007394,33.31411099258244,226.32450441075738,0.9959181994382106
