stock,minmax,BOP,HT_DCPHASE,MIN,VAR,COS,TAN,PLUS_DM,SIN
1605,min,-0.969228094575801,-39.97401364609351,24.1585,0.037421697601303094,-0.9992697356757604,-17.816221958992912,2.0904615428971547,-0.9984285010484534
1605,max,0.9868558003984903,309.792505463474,32.7423,10.36861175439958,0.9999702638855478,14.809283081472357,13.504717567849188,0.9977279396911614
