stock,minmax,BOP,HT_DCPHASE,MIN,VAR,COS,TAN,PLUS_DM,SIN
1717,min,-1.0,-41.28776356463004,29.0291,0.0034410255996135675,-0.9993419235843832,-15.34641849094643,1.1257007913591095,-0.999615542388686
1717,max,1.0,312.172026929085,33.4344,1.9095537015991795,0.998927117936742,62.40547899137486,8.010552622542011,0.9998716366818476
