stock,minmax,BOP,HT_DCPHASE,MIN,VAR,COS,TAN,PLUS_DM,SIN
1717,min,-1.0,-41.28776356463004,29.0291,0.0034410255996135675,-0.9993419235843832,-15.34641849094643,1.1257007913591095,-0.999615542388686
1717,max,2.0,353.45979049371505,4.405299999999997,1.906112675999566,1.9982690415211253,77.7518974823213,6.8848518311829014,1.9994871790705337
