stock,minmax,BOP,HT_DCPHASE,MIN,VAR,COS,TAN,PLUS_DM,SIN
1722,min,-1.0,-38.73572103767697,55.16,0.008788582395027333,-0.9999955926194232,-13.427660973085688,1.9245897606449724,-0.9949182683353732
1722,max,0.8571872571872634,312.103432808418,66.8355,9.197446554390808,0.9973265808054006,56.92848790420187,16.18117227708436,0.9998457553118504
