stock,minmax,BOP,HT_DCPHASE,MIN,VAR,COS,TAN,PLUS_DM,SIN
1760,min,-1.0,-43.06430303107652,82.0733,0.4326859696138854,-0.99485912735236,-159.72197218447093,9.368283476434156,-0.9999804012709604
1760,max,2.0,352.19452547541357,23.155500000000004,261.2624440360105,1.9948442103117017,228.42724839976262,55.932819371112245,1.997025992004318
