stock,minmax,BOP,HT_DCPHASE,MIN,VAR,COS,TAN,PLUS_DM,SIN
1760,min,-1.0,-43.06430303107652,82.0733,0.4326859696138854,-0.99485912735236,-159.72197218447093,9.368283476434156,-0.9999804012709604
1760,max,1.0,309.13022244433705,105.2288,261.6951300056244,0.9999850829593416,68.7052762152917,65.3011028475464,0.9970455907333576
