stock,minmax,BOP,HT_DCPHASE,MIN,VAR,COS,TAN,PLUS_DM,SIN
1762,min,-1.0,-36.96364891423593,47.571,0.016992786406262894,-0.9999829496906883,-117.04855712800756,3.2206966174754346,-0.9999971881426474
1762,max,1.8888826121342224,350.97285528309817,7.109400000000001,9.302310105598735,1.9984135546616493,538.7328688182167,13.171329451153978,1.99823226710314
