stock,minmax,BOP,HT_DCPHASE,MIN,VAR,COS,TAN,PLUS_DM,SIN
1762,min,-1.0,-36.96350395710965,46.8419,0.016481594399010646,-0.999363710715418,-47.5639805758571,3.171334684335988,-0.9957367913438545
1762,max,0.8888761402099707,314.0091608201308,53.8424,9.035895519995847,0.9998574947002046,61.86013679521994,16.140798418327066,0.9998693639188223
