stock,minmax,BOP,HT_DCPHASE,MIN,VAR,COS,TAN,PLUS_DM,SIN
1785,min,-1.0,-41.7101644146295,32.6644,0.010245311996868622,-0.9999988596540064,-714.7056289359703,1.0103380868800556,-0.9999990211526677
1785,max,2.0,345.7917653613919,12.058599999999998,2.866268330399862,1.9962676789383145,926.769913740507,4.567976973936812,1.999997886347186
