stock,minmax,BOP,HT_DCPHASE,MIN,VAR,COS,TAN,PLUS_DM,SIN
1795,min,-1.0,-37.1973418994736,88.5355,1.005596559994956,-0.999294352663557,-19.735460622972248,12.783718217995386,-0.99590855640507
1795,max,2.0,351.00835292815384,41.0048,204.77424314636846,1.9991079948618578,49.42154433326699,43.99335180393608,1.9953416716547392
