stock,minmax,BOP,HT_DCPHASE,MIN,VAR,COS,TAN,PLUS_DM,SIN
1904,min,-0.9091820368885303,-44.60163754469124,24.4023,0.0003283344012743328,-0.9565010402183509,-43.924424944315014,0.7430741651356993,-0.9896885832708382
1904,max,1.9091820368885304,354.15975368175566,6.3873999999999995,0.8754891416006103,1.956492465342957,82.92115749674673,2.3005990443265056,1.9894295300168694
