stock,minmax,BOP,HT_DCPHASE,MIN,VAR,COS,TAN,PLUS_DM,SIN
2002,min,-1.0,-43.864741205887526,24.7589,0.004087260001369941,-0.9997808942874409,-18.97130667630699,0.6370526457800569,-0.9966210010110023
2002,max,1.9411693057247246,358.5563728513687,8.1369,1.471634695999569,1.999780782203315,52.25295071312043,1.7720194755861922,1.996169907558694
