stock,minmax,BOP,HT_DCPHASE,MIN,VAR,COS,TAN,PLUS_DM,SIN
2006,min,-1.0,-37.14339057406755,43.0949,0.029875592004373175,-0.9996486253292503,-26.21940365450572,1.8833967207685791,-0.9996092356565897
2006,max,1.958346968351175,349.7192463846404,16.2553,11.862563762400441,1.9984725926937696,61.97962752388732,6.787388596186299,1.9988827101010371
