stock,minmax,BOP,HT_DCPHASE,MIN,VAR,COS,TAN,PLUS_DM,SIN
2027,min,-1.0,-44.88058080115127,23.9202,0.01774965759909719,-0.9148605616980902,-14.128226942322511,0.9106548445534143,-0.9902695750760784
2027,max,0.9654547189617322,300.4657969262265,34.9769,2.9295243575984387,0.9998005369971493,7.1159285858070085,6.065853817434752,0.997504448124071
