stock,minmax,BOP,HT_DCPHASE,MIN,VAR,COS,TAN,PLUS_DM,SIN
2027,min,-1.0,-44.87422933280885,24.6959,0.018921543998430934,-0.9991026902621069,-35.354832519511326,0.9402043041353505,-0.9993459444237891
2027,max,1.96552042891477,345.33958137704224,11.415399999999998,3.1037330544004362,1.9980710825981354,146.18139572288482,5.322330922003471,1.9993052386743648
