stock,minmax,BOP,HT_DCPHASE,MIN,VAR,COS,TAN,PLUS_DM,SIN
2049,min,-0.9599996579705674,-42.04336496922076,198.8132,0.2275903136251145,-0.9997733294714201,-21.59028977623456,9.226115100325233,-0.9989290850363719
2049,max,1.0,309.1940488949227,222.2029,135.09834966570634,0.9998118345168945,12.9232282699982,46.54536885346287,0.9986981186969982
