stock,minmax,BOP,HT_DCPHASE,MIN,VAR,COS,TAN,PLUS_DM,SIN
2059,min,-1.0,-40.67647918716352,356.3055,0.9442945534538012,-0.9999999999791458,-4.689606228066793,22.14980391985766,-0.998072866456846
2059,max,1.0,312.80581215086477,399.2509,379.27628476556856,0.9999045663783384,48.240269380066565,77.46192640409345,0.9997852117022398
