stock,minmax,BOP,HT_DCPHASE,MIN,VAR,COS,TAN,PLUS_DM,SIN
2059,min,-1.0,-40.67654726277988,360.3637,0.9659368292777799,-0.9990742235884905,-30.06694219157165,22.402077764406847,-0.99984374777617
2059,max,1.0,312.80571333065274,403.7983,387.9648167101259,0.999969701563668,56.561510553929004,78.34407677133167,0.9994473739419828
