stock,minmax,BOP,HT_DCPHASE,MIN,VAR,COS,TAN,PLUS_DM,SIN
2201,min,-0.9824469282124381,-39.91426821234495,35.6421,0.006473754398484743,-0.9991922695174326,-48.5560850421402,1.5543563768156448,-0.9995971875879274
2201,max,1.0,300.62358458070855,39.7583,3.729764597598205,0.9988535813262361,38.293483701917474,8.348647494965824,0.9997879957573883
