stock,minmax,BOP,HT_DCPHASE,MIN,VAR,COS,TAN,PLUS_DM,SIN
2201,min,-0.9824500635030596,-39.91591227512504,34.7349,0.006149799999093375,-0.9999971307832636,-50.79487231598032,1.5148837343054664,-0.9998062668061384
2201,max,1.0,300.62270524542436,38.7463,3.542427309599134,0.9997712820909084,38.578282899891015,8.13622066212107,0.999525516599092
