stock,minmax,BOP,HT_DCPHASE,MIN,VAR,COS,TAN,PLUS_DM,SIN
2201,min,-0.9824469282124381,-39.91426821234495,35.6421,0.006473754398484743,-0.9991922695174326,-48.5560850421402,1.5543563768156448,-0.9995971875879274
2201,max,1.982446928212438,340.5378527930535,4.116199999999999,3.7232908431997203,1.9980458508436687,86.84956874405768,6.79429111815018,1.9993851833453156
