stock,minmax,BOP,HT_DCPHASE,MIN,VAR,COS,TAN,PLUS_DM,SIN
2207,min,-1.0,-39.218635132168515,505.9178,1.9378196501056664,-0.9999998600419236,-136.08777667020146,21.634099383765196,-0.9999950236747562
2207,max,2.0,348.5777734033056,51.96539999999999,354.0895684554707,1.9996598574959301,453.065690359427,47.63757802131392,1.9999596917134768
