stock,minmax,BOP,HT_DCPHASE,MIN,VAR,COS,TAN,PLUS_DM,SIN
2207,min,-1.0,-39.218635132168515,505.9178,1.9378196501056664,-0.9999998600419236,-136.08777667020146,21.634099383765196,-0.9999950236747562
2207,max,1.0,309.3591382711371,557.8832,356.0273881055764,0.9996599974540066,316.9779136892255,69.27167740507912,0.9999646680387204
