stock,minmax,BOP,HT_DCPHASE,MIN,VAR,COS,TAN,PLUS_DM,SIN
2227,min,-1.0,-43.14378949897707,192.1248,0.25473024535313016,-0.9977367335162195,-186.33950438248857,6.08402588827345,-0.9999856003892745
2227,max,1.0,311.7201705595327,225.7582,131.21858323740162,0.9998685375477269,26.514904302257545,31.522276107855195,0.9992895608683914
