stock,minmax,BOP,HT_DCPHASE,MIN,VAR,COS,TAN,PLUS_DM,SIN
2233,min,-1.0,-38.705139888696635,86.5559,0.044955801609830814,-0.983653806602128,-35.65557066092123,5.951884334407231,-0.9979625297116673
2233,max,1.0,313.6337771102919,100.3142,45.29630796161109,0.9966029421361489,12.802100168891984,29.04530397476904,0.999606939767698
