stock,minmax,BOP,HT_DCPHASE,MIN,VAR,COS,TAN,PLUS_DM,SIN
2301,min,-1.0,-43.64318970641091,50.1066,0.011163369602400053,-0.9979115895475509,-6.998057828993449,1.2364065062647926,-0.9999543346600513
2301,max,2.0,345.78359253259555,9.2421,6.211969487992974,1.9978722711805643,130.77636600694882,6.569375198367455,1.9999217014602102
