stock,minmax,BOP,HT_DCPHASE,MIN,VAR,COS,TAN,PLUS_DM,SIN
2303,min,-1.0,-41.427409548555204,32.4485,0.06491866639862565,-0.9999491890600056,-22.356875074968226,2.0937176576772485,-0.9998796367918696
2303,max,1.0,305.5467749634005,41.2124,2.5220984655970824,0.9995322188024676,64.44643779489236,6.290151748199362,0.998866945114269
