stock,minmax,BOP,HT_DCPHASE,MIN,VAR,COS,TAN,PLUS_DM,SIN
2308,min,-1.0,-44.42204174702471,200.8364,0.32768755371216685,-0.9950774017067923,-55.93279814605721,10.388300187017691,-0.9989341364756027
2308,max,2.0,355.242527275869,35.77850000000001,51.140357268792286,1.9950548552595468,77.57427089242002,20.729168023006263,1.9987743526510235
