stock,minmax,BOP,HT_DCPHASE,MIN,VAR,COS,TAN,PLUS_DM,SIN
2313,min,-1.0,-44.74079643335767,37.8204,0.0251853575991845,-0.9999114206469308,-6.429090095479942,2.8521007272333696,-0.997473401119245
2313,max,0.9697109067017065,312.9224700771058,43.8625,5.151996370400639,0.9996192228165081,50.7338089973311,7.978627494878798,0.9998058003060524
