stock,minmax,BOP,HT_DCPHASE,MIN,VAR,COS,TAN,PLUS_DM,SIN
2317,min,-1.0,-38.079704900610864,88.4439,0.03130068639620731,-0.9999596175997589,-19.6144343528391,3.2509000484187447,-0.9953058278376588
2317,max,1.0,311.8174599059571,98.1219,5.644063793597525,0.9964770170488434,6.802758136899195,9.608216873449189,0.9987029019573993
