stock,minmax,BOP,HT_DCPHASE,MIN,VAR,COS,TAN,PLUS_DM,SIN
2317,min,-1.0,-38.07842307615084,90.7117,0.03290595999533252,-0.9982592354851291,-20.094408873214196,3.334367846112789,-0.9964346494513803
2317,max,2.0,349.8957497180162,9.926100000000005,5.904381939988525,1.9979676437697402,31.904959712587605,6.520295136629313,1.995198662800346
