stock,minmax,BOP,HT_DCPHASE,MIN,VAR,COS,TAN,PLUS_DM,SIN
2330,min,-1.0,-38.84256551250428,418.0711,7.225036803924013,-0.9996076053443782,-35.960482978271415,20.31116125825905,-0.9996135732512114
2330,max,2.0,344.4516831733466,112.0779,433.7789454701997,1.9993091748267062,413.6834056150087,40.79948710031968,1.9996100687917657
