stock,minmax,BOP,HT_DCPHASE,MIN,VAR,COS,TAN,PLUS_DM,SIN
2330,min,-1.0,-38.84256551250428,418.0711,7.225036803924013,-0.9996076053443782,-35.960482978271415,20.31116125825905,-0.9996135732512114
2330,max,1.0,305.60911766084234,530.149,441.0039822741237,0.9997015694823281,377.72292263673734,61.110648358578736,0.9999964955405543
