stock,minmax,BOP,HT_DCPHASE,MIN,VAR,COS,TAN,PLUS_DM,SIN
2330,min,-1.0,-38.84257199314152,416.2105,7.1607733906421345,-0.9983745721954541,-1313.100344244101,20.173709127939265,-0.9999587133282779
2330,max,1.0,305.6090962127213,527.7892,437.0861666640849,0.9999915427325915,110.04406299963958,60.83781606043925,0.9999997100160342
