stock,minmax,BOP,HT_DCPHASE,MIN,VAR,COS,TAN,PLUS_DM,SIN
2337,min,-1.0,-42.64599394876649,25.5973,0.024884881601110465,-0.9992750135531954,-27.477666918507975,1.0064860819252965,-0.9999983251677871
2337,max,1.0,307.26766295560617,35.0324,3.1615623864009876,0.9993989356662899,546.3850451762786,4.925960316350689,0.999973187960806
