stock,minmax,BOP,HT_DCPHASE,MIN,VAR,COS,TAN,PLUS_DM,SIN
2338,min,-1.0,-43.33542327804901,60.0156,0.2663820519883302,-0.9996549905153721,-31.16138834613143,3.418738306048175,-0.9994005328949165
2338,max,1.0,305.7468199043176,79.7377,25.638099702395266,0.9998927356647526,28.867355231404424,14.652692016880774,0.9994854813430635
