stock,minmax,BOP,HT_DCPHASE,MIN,VAR,COS,TAN,PLUS_DM,SIN
2338,min,-1.0,-43.33542327804901,60.0156,0.2663820519883302,-0.9996549905153721,-31.16138834613143,3.418738306048175,-0.9994005328949165
2338,max,2.0,349.0822431823666,19.722100000000005,25.371717650406936,1.9995477261801247,60.028743577535856,11.2339537108326,1.9988860142379798
