stock,minmax,BOP,HT_DCPHASE,MIN,VAR,COS,TAN,PLUS_DM,SIN
2338,min,-1.0,-43.335491365281314,58.622,0.2541561440184523,-0.9949424449909408,-92.03254205681043,3.3393379040767046,-0.9920544838312065
2338,max,1.0,305.7466929414555,77.8862,24.461207946416835,0.999999738139186,221.23679752579486,14.312375870625639,0.9999897847588581
