stock,minmax,BOP,HT_DCPHASE,MIN,VAR,COS,TAN,PLUS_DM,SIN
2345,min,-0.9411721350743781,-33.810244431883916,194.418,1.4049607336201007,-0.9953164498720162,-12.69710337384408,24.35486067532488,-0.9993016460144785
2345,max,1.9411721350743782,341.51645128592753,40.22459999999998,295.5048614640109,1.995313839573519,39.440688904579666,40.21586464274174,1.9965703519382225
