stock,minmax,BOP,HT_DCPHASE,MIN,VAR,COS,TAN,PLUS_DM,SIN
2345,min,-0.9411727853652411,-33.810370661755655,190.6058,1.3504210664250422,-0.9998507474218421,-9.136435589916898,23.87743961861692,-0.9993596269052719
2345,max,1.0,307.70613754137895,230.0418,285.3804865520142,0.9998361914339868,48.82313825568421,63.30463188741763,0.9997903079322199
