stock,minmax,BOP,HT_DCPHASE,MIN,VAR,COS,TAN,PLUS_DM,SIN
2347,min,-1.0,-42.904795150545965,48.7514,0.020003760001145565,-0.9996574513397596,-30.364574386027815,0.8193962447435231,-0.9983921995330829
2347,max,2.0,347.41527896030834,16.790799999999997,7.990791045599053,1.9996546132893833,99.02174403137153,4.353016763219414,1.9982861450284124
