stock,minmax,BOP,HT_DCPHASE,MIN,VAR,COS,TAN,PLUS_DM,SIN
2351,min,-0.9473602086421552,-44.01881233594219,86.1333,0.6243806176407816,-0.9994560737461959,-12.187461711963392,7.572558669191376,-0.9999940451483361
2351,max,1.9473602086421553,358.0368447240434,37.11659999999999,171.82955343279355,1.9980726896507082,301.95357047222603,22.591503803108132,1.9980404836992316
