stock,minmax,BOP,HT_DCPHASE,MIN,VAR,COS,TAN,PLUS_DM,SIN
2352,min,-0.9499774673276257,-38.54056624267173,23.7416,0.007563630401136834,-0.9999910371336893,-14.583720319941493,1.2384372726720696,-0.9936639203113125
2352,max,1.9499774673276256,353.1878271734226,4.3933,2.6128852935997884,1.9998718237302378,23.42475778397049,1.8542628884167125,1.9913212823893214
