stock,minmax,BOP,HT_DCPHASE,MIN,VAR,COS,TAN,PLUS_DM,SIN
2355,min,-1.0,-41.462379159508714,24.4288,0.018960214398589414,-0.9997152177310091,-157.17017389748995,1.2988834851723756,-0.9992716219710452
2355,max,1.0,311.6596970564245,30.0698,1.873904178399357,0.989572090716046,18.15349007618227,4.324847734084946,0.999979759718355
