stock,minmax,BOP,HT_DCPHASE,MIN,VAR,COS,TAN,PLUS_DM,SIN
2357,min,-1.0,-42.054576824450464,232.0403,0.6368040000088513,-0.9999399303500918,-94.47835569405777,7.787331637399076,-0.9999439895756208
2357,max,1.0,311.6860807513047,286.0752,119.36269767995691,0.9997614373050395,31.741660581602403,22.485316323745508,0.999504107455372
