stock,minmax,BOP,HT_DCPHASE,MIN,VAR,COS,TAN,PLUS_DM,SIN
2357,min,-1.0,-42.05423168106006,240.38,0.6833832893171348,-0.9996980362432092,-20.74720069239539,8.368876645734042,-0.9996785237062756
2357,max,2.0,353.7404305988148,55.97719999999998,127.41362407052657,1.9937281030062757,60.17529572228114,14.936269309971651,1.9985189587337435
