stock,minmax,BOP,HT_DCPHASE,MIN,VAR,COS,TAN,PLUS_DM,SIN
2360,min,-1.0,-41.58206879562749,123.3264,0.08987039995554369,-0.999278132571865,-77.00353672147725,8.043561449289204,-0.9984850738486485
2360,max,1.0,312.6118855494162,154.6114,84.23941658957119,0.9967222154637839,43.76813249427313,34.63992771649869,0.999915687157399
