stock,minmax,BOP,HT_DCPHASE,MIN,VAR,COS,TAN,PLUS_DM,SIN
2368,min,-1.0,-43.965145825988145,70.6574,0.1687656423973749,-0.99853686283437,-89.32441459700875,8.723213158492738,-0.9969596998688894
2368,max,1.9574465890217363,358.54725208293365,9.986500000000007,59.89213460560313,1.9977331940378398,154.7817661459215,11.188708664266473,1.9968970400945736
