stock,minmax,BOP,HT_DCPHASE,MIN,VAR,COS,TAN,PLUS_DM,SIN
2377,min,-1.0,-42.25975337436785,88.2332,0.3580991015824111,-0.9999989596958112,-106.82538373392703,3.8059994181088923,-0.9999561880544167
2377,max,0.8749893746635322,303.232889743929,114.7032,49.62220196637827,0.9986508906728344,31.158186947848623,17.804445494141195,0.9997729639091781
