stock,minmax,BOP,HT_DCPHASE,MIN,VAR,COS,TAN,PLUS_DM,SIN
2377,min,-1.0,-42.25961689414282,85.5106,0.33633990397356683,-0.9993011892359966,-15.419847494033611,3.6846129183652856,-0.9979037523349303
2377,max,0.8750146181733104,303.2273771919292,111.1637,46.607391394372826,0.9984287742909774,15.279515933359518,17.25510115009997,0.9965293351257587
