stock,minmax,BOP,HT_DCPHASE,MIN,VAR,COS,TAN,PLUS_DM,SIN
2379,min,-1.0,-34.1145746958415,270.0821,2.11455370967451,-0.9999947404431143,-2500.404617558512,10.598259670197077,-0.9990919425646202
2379,max,2.0,343.96700027100917,89.7398,235.07446260077995,1.999873144877557,2541.543844515677,47.631321181330236,1.999091862590519
