stock,minmax,BOP,HT_DCPHASE,MIN,VAR,COS,TAN,PLUS_DM,SIN
2379,min,-1.0,-34.1145746958415,270.0821,2.11455370967451,-0.9999947404431143,-2500.404617558512,10.598259670197077,-0.9990919425646202
2379,max,1.0,309.8524255751677,359.8219,237.18901631045446,0.9998784044344426,41.139226957164716,58.22958085152732,0.9999999200258989
