stock,minmax,BOP,HT_DCPHASE,MIN,VAR,COS,TAN,PLUS_DM,SIN
2383,min,-0.9428613822822071,-43.76236890089899,137.7162,0.5638063640180917,-0.9995912452318602,-22.73901829810344,10.889901351283818,-0.9990344001370544
2383,max,1.0,312.17443790674065,225.984,119.82059726001171,0.9989298584480404,32.34015323657794,30.39950944171141,0.999522278746417
