stock,minmax,BOP,HT_DCPHASE,MIN,VAR,COS,TAN,PLUS_DM,SIN
2385,min,-1.0,-44.99485329926654,65.2385,0.023527157597527548,-0.9997592022331966,-86.51669712519289,1.6292638234082284,-0.9999332076646507
2385,max,0.9302246692586709,303.30080492315483,73.194,7.353310889594468,0.9996499117352495,12.853727258930341,9.52708619921073,0.9950206535728061
