stock,minmax,BOP,HT_DCPHASE,MIN,VAR,COS,TAN,PLUS_DM,SIN
2393,min,-1.0,-44.490321197743015,33.6207,0.005752439996967951,-0.9997257833152506,-66.73070442876401,1.2696908958857405,-0.9998877347245066
2393,max,2.0,357.9413917356806,7.002499999999998,1.6801614319997498,1.9996149567541246,101.78982559310671,3.0016237826384478,1.9987122363015877
