stock,minmax,BOP,HT_DCPHASE,MIN,VAR,COS,TAN,PLUS_DM,SIN
2393,min,-1.0,-44.49192406773386,32.2414,0.005286225601594197,-0.9981229186646589,-26.039397488027344,1.2176074531056196,-0.9999678759213557
2393,max,1.0,313.45112216445693,38.9566,1.5503760504020647,0.9999808534180503,124.7553555482361,4.096026432397217,0.9988920762144647
