stock,minmax,BOP,HT_DCPHASE,MIN,VAR,COS,TAN,PLUS_DM,SIN
2408,min,-1.0,-37.70946230922789,45.9188,0.015128035997804545,-0.9999991223347323,-241.7834622315717,1.4096726942200122,-0.9834992519245297
2408,max,0.9333137269318447,314.7507530469603,62.476,8.706092859994442,0.9964947611818582,19.83282972702179,7.524844120994802,0.9999914471422644
