stock,minmax,BOP,HT_DCPHASE,MIN,VAR,COS,TAN,PLUS_DM,SIN
2408,min,-1.0,-37.70946230922789,45.9188,0.015128035997804545,-0.9999991223347323,-241.78346223157166,1.4096726942200122,-0.9834992519245297
2408,max,1.9333137269318446,352.4602153561888,16.5572,8.690964823996637,1.9964938835165906,261.6162919585935,6.11517142677479,1.983490699066794
