stock,minmax,BOP,HT_DCPHASE,MIN,VAR,COS,TAN,PLUS_DM,SIN
2409,min,-1.0,-37.18247427208303,13.0468,0.002535521600179891,-0.9999401945421469,-20.458567857699638,0.6510412409373865,-0.9988075444742943
2409,max,1.0,311.67743863140595,18.109,0.6227760184000886,0.9312543672293921,137.6070585856713,3.5234888239263524,0.9999735958993285
