stock,minmax,BOP,HT_DCPHASE,MIN,VAR,COS,TAN,PLUS_DM,SIN
2412,min,-1.0,-33.046167028686455,107.9451,2.546585164964199e-11,-0.9836332274215746,-234.29245453635693,2.5252482502257014,-0.9999149908043493
2412,max,1.0,313.8132377868364,112.8517,7.369675569612809,0.9824053092947777,76.68746079660419,7.146484512448357,0.9999908914873423
