stock,minmax,BOP,HT_DCPHASE,MIN,VAR,COS,TAN,PLUS_DM,SIN
2449,min,-1.0,-40.46711142230947,31.3765,0.012985891999960586,-0.9995445939083942,-87.8350588656059,0.7306217716471104,-0.9999351974651512
2449,max,1.919999999999998,354.31093353217534,5.593499999999999,1.8535421439992206,1.9990972680842913,120.4880291645276,6.013137082543837,1.9986715684133585
