stock,minmax,BOP,HT_DCPHASE,MIN,VAR,COS,TAN,PLUS_DM,SIN
2449,min,-1.0,-40.467174189241746,30.5951,0.012348890401653989,-0.9999957391693932,-55.88546754194338,0.7103016851589821,-0.9999566108919669
2449,max,0.920022528865108,313.8438220140198,36.0494,1.7747563384007208,0.9995345498277991,107.344675615761,6.574836403281999,0.9998399454771002
