stock,minmax,BOP,HT_DCPHASE,MIN,VAR,COS,TAN,PLUS_DM,SIN
2454,min,-1.0,-42.7378182980259,520.7925,9.306893852772191,-0.999714401076347,-176.59047374902767,31.894159872057536,-0.99998396662257
2454,max,0.9615352495296343,314.35367113096447,704.6424,1480.1534316263278,0.9976805696350318,8.338443334406886,98.42021910899736,0.9991081137722487
