stock,minmax,BOP,HT_DCPHASE,MIN,VAR,COS,TAN,PLUS_DM,SIN
2454,min,-1.0,-42.737812823063734,532.3141,9.723246984358411,-0.9998194453059467,-271.50539569397256,32.599813868466754,-0.9999932172055518
2454,max,1.9615364281697674,357.0914948371176,187.91719999999998,1536.6448805643013,1.9997262617577904,291.07063134013106,67.99773789786109,1.9984687488397714
