stock,minmax,BOP,HT_DCPHASE,MIN,VAR,COS,TAN,PLUS_DM,SIN
2458,min,-1.0,-41.963617024535836,88.7258,0.17266857841786987,-0.999661297530276,-21.08889162942257,3.602720711119374,-0.9988277625292318
2458,max,1.0,312.07756214231284,127.0689,31.08889869362065,0.999999864364719,20.634555544288634,12.537010370281081,0.9988776433989748
