stock,minmax,BOP,HT_DCPHASE,MIN,VAR,COS,TAN,PLUS_DM,SIN
2458,min,-1.0,-41.963617024535836,88.7258,0.17266857841786987,-0.999661297530276,-21.08889162942257,3.602720711119374,-0.9988277625292318
2458,max,2.0,354.0411791668487,38.34309999999999,30.91623011520278,1.9996611618949949,41.72344717371121,8.934289659161706,1.9977054059282064
