stock,minmax,BOP,HT_DCPHASE,MIN,VAR,COS,TAN,PLUS_DM,SIN
2474,min,-0.8750071785447626,-36.93425456950507,123.6336,0.2577010824388708,-0.9986378265772758,-29.21163758040227,4.717954156348546,-0.9994145676848174
2474,max,1.8750071785447626,350.9610781097072,20.89580000000001,11.067495585615688,1.9985076129323798,518.519777572825,13.194739194234081,1.9994124793325283
