stock,minmax,BOP,HT_DCPHASE,MIN,VAR,COS,TAN,PLUS_DM,SIN
2542,min,-1.0,-43.5295492648238,29.0867,0.002903054400576366,-0.687782755771509,-193.15521424329867,0.8552312793397756,-0.9987716694636015
2542,max,1.0,312.5192295341219,30.5007,1.3009195040001487,0.9999799875385162,16.076420321342667,3.6140058528244747,0.9999865986545842
