stock,minmax,BOP,HT_DCPHASE,MIN,VAR,COS,TAN,PLUS_DM,SIN
2542,min,-1.0,-43.531335936917,32.3186,0.0035808256006930606,-0.9999855234740439,-23.19584870485873,0.9502661256675713,-0.9990720071953733
2542,max,1.0,312.52085734781974,33.8896,1.6060128815997814,0.6195135529428449,14.424548340035097,4.0155921294142605,0.9968035331072047
