stock,minmax,BOP,HT_DCPHASE,MIN,VAR,COS,TAN,PLUS_DM,SIN
2548,min,-1.0,-43.56708409933822,76.1654,0.01556930160131742,-0.9999952455234828,-21.97253106950836,1.0737237702394415,-0.9989610774571881
2548,max,2.0,346.45604632916695,4.419199999999989,2.4268179368073106,1.9999359390966083,34.47525509910991,4.721957011917384,1.9979270411005041
