stock,minmax,BOP,HT_DCPHASE,MIN,VAR,COS,TAN,PLUS_DM,SIN
2548,min,-1.0,-43.5672796624317,66.4991,0.011868450398651476,-0.9993886479603168,-7.047266068329368,0.9817309191588116,-0.9999737764547203
2548,max,1.0,302.88969102463375,70.3574,1.8617516919966874,0.9997744741067455,138.07999342849374,5.060213506717105,0.9940289128507639
