stock,minmax,BOP,HT_DCPHASE,MIN,VAR,COS,TAN,PLUS_DM,SIN
2603,min,-1.0,-42.65793403090214,96.2304,0.4046936895902036,-0.9986808818931374,-94.0971422112173,5.731085979945213,-0.9935696664852721
2603,max,1.0,312.2235505538732,135.7882,63.62197275040671,0.9973568302454069,12.01160972592184,24.07053630250756,0.9999435348674832
