stock,minmax,BOP,HT_DCPHASE,MIN,VAR,COS,TAN,PLUS_DM,SIN
2609,min,-1.0,-38.29103114088866,54.5126,0.12672128400481597,-0.9999929296357895,-8.184970713156867,3.0460584721962216,-0.9999543346600513
2609,max,1.9189271331965658,352.1256131960545,12.919900000000005,21.318652994403237,1.999876603791538,112.81992287748331,8.47211209652238,1.9997349040348302
