stock,minmax,BOP,HT_DCPHASE,MIN,VAR,COS,TAN,PLUS_DM,SIN
2618,min,-1.0,-40.255804122188636,25.559,0.010033894402567967,-0.9928724065900923,-84.95935334237066,2.070915823914078,-0.9999999454809746
2618,max,1.0,313.18757181315806,28.5767,2.7607841456015194,0.9987389126918854,3028.3839980742137,6.9617748888272875,0.9974963438310607
