stock,minmax,BOP,HT_DCPHASE,MIN,VAR,COS,TAN,PLUS_DM,SIN
2633,min,-1.0,-39.85204028045649,25.038,0.0019129679997149651,-0.9999871672532128,-2162.421560532355,0.34546012936033993,-0.5169346218943753
2633,max,2.0,348.44429019539575,2.801099999999998,0.32405270560082045,1.9955025729889684,2183.6203526561944,2.1389316370881537,1.5169345149669256
