stock,minmax,BOP,HT_DCPHASE,MIN,VAR,COS,TAN,PLUS_DM,SIN
2634,min,-1.0,-36.811431751047394,27.1716,0.00035645439891140995,-0.9939083735376074,-6.811124874753203,1.0284051657107633,-0.9996744968746627
2634,max,0.9459505833905304,314.2426880368407,33.1325,5.90513970239931,0.9999632480817647,39.18333321769208,6.678099110454487,0.9895747359631373
