stock,minmax,BOP,HT_DCPHASE,MIN,VAR,COS,TAN,PLUS_DM,SIN
2640,min,-1.0,-38.20575669997072,66.4733,0.006090050396778679,-0.9844965003672164,-16.11740548379738,1.4925097128123455,-0.9980125063127434
2640,max,1.0,306.2006147288529,70.2244,1.818866674394485,0.9989775833754172,39.463100570492166,7.02187500492761,0.9996790935067301
