stock,minmax,BOP,HT_DCPHASE,MIN,VAR,COS,TAN,PLUS_DM,SIN
2707,min,-1.0,-40.7379445902601,136.4471,0.050938677584781544,-0.9969251582370728,-18.691620156848405,7.20143941046034,-0.9985719446520805
2707,max,0.87500730609621,307.8002674049431,150.1743,29.14841923197673,0.9999895698098094,12.57342902063062,22.412430117676656,0.9976802591304704
