stock,minmax,BOP,HT_DCPHASE,MIN,VAR,COS,TAN,PLUS_DM,SIN
2723,min,-1.0,-38.31600045771091,79.212,0.060413853591853695,-0.9980936073990033,-66.68532177448265,5.582294636459366,-0.9957168538951896
2723,max,1.0,314.34141051255165,96.0411,25.715255586386775,0.9993409009161749,23.2163154068316,21.801074052796377,0.9998875818941592
