stock,minmax,BOP,HT_DCPHASE,MIN,VAR,COS,TAN,PLUS_DM,SIN
2727,min,-1.0,-43.567853784029865,84.1061,0.028304697625571862,-0.9889329261942028,-26.576579073632107,4.7402621535057525,-0.9938730541626292
2727,max,1.0,309.0029023879756,100.0863,14.812704649621082,0.9997080426522027,8.99207961633499,17.97788582413697,0.9992928509019268
