stock,minmax,BOP,HT_DCPHASE,MIN,VAR,COS,TAN,PLUS_DM,SIN
2732,min,-1.0,-38.09892787289755,83.1433,0.044345401599457546,-0.9902457028280649,-41.14073114208729,4.215217044118848,-0.9997047202921552
2732,max,1.0,307.5821792735456,91.8761,10.020586476001881,0.995879994656788,14.970719965202015,15.09611961064642,0.9973370710603715
