stock,minmax,BOP,HT_DCPHASE,MIN,VAR,COS,TAN,PLUS_DM,SIN
2732,min,-1.0,-38.098953832948496,81.1915,0.042296511998756614,-0.9985213941346032,-14.002519079105749,4.116291907432221,-0.9987503616647414
2732,max,1.0,307.5825445111789,89.7193,9.55566190799982,0.9997603293767766,56.7951434420592,14.741720561746478,0.9998450303543325
