stock,minmax,BOP,HT_DCPHASE,MIN,VAR,COS,TAN,PLUS_DM,SIN
2732,min,-1.0,-38.09892787289755,83.1433,0.044345401599457546,-0.9902457028280649,-41.14073114208729,4.215217044118848,-0.9997047202921552
2732,max,2.0,345.68110714644314,8.732799999999997,9.976241074402424,1.986125697484853,56.111451107289305,10.880902566527572,1.9970417913525267
