stock,minmax,BOP,HT_DCPHASE,MIN,VAR,COS,TAN,PLUS_DM,SIN
2812,min,-1.0,-40.7857925275697,10.7681,3.979039320256561e-13,-0.14575322712588729,-61.24762759333772,0.36847250756981226,-0.9998667385166087
2812,max,1.0,308.9363858202671,11.9058,0.09933430560045053,0.9974926475687286,41.01871507921301,1.604754176252532,0.4228874823372353
