stock,minmax,BOP,HT_DCPHASE,MIN,VAR,COS,TAN,PLUS_DM,SIN
2812,min,-1.0,-40.78819764092833,11.6115,-5.684341886080802e-14,0.11550852991437682,-1.1787818531606535,0.39640254346890524,-0.7625661119418079
2812,max,2.0,349.72602803410433,1.2268000000000008,0.11549465760009525,0.8844889850064848,9.778202943055641,1.3341343750995809,1.755872600150266
