stock,minmax,BOP,HT_DCPHASE,MIN,VAR,COS,TAN,PLUS_DM,SIN
2834,min,-1.0,-43.81755120010007,9.9591,0.001200466399879474,-0.5029204250444178,-34.56167545455291,0.44618981724970735,-0.999847328521982
2834,max,2.0,336.3312017747726,1.343300000000001,0.18471445200010805,1.5027764276245628,91.78279023103102,1.6986447362336174,1.5932094991573424
