stock,minmax,BOP,HT_DCPHASE,MIN,VAR,COS,TAN,PLUS_DM,SIN
2834,min,-1.0,-43.81378748461543,8.8272,0.0009433295998775293,-0.9998321561346865,-131.13274654972642,0.3954194301888204,-0.9999991880957116
2834,max,1.0,292.5121939409695,10.0179,0.1460580416001278,0.6485102524658202,784.7517991740798,1.9010348810979774,0.14536112127687384
