stock,minmax,BOP,HT_DCPHASE,MIN,VAR,COS,TAN,PLUS_DM,SIN
2881,min,-1.0,-37.485352382532824,43.0573,0.023808490404007898,-0.9997329713017832,-25.094332256694955,1.7048777010817358,-0.9992069476615675
2881,max,0.9545240339302516,309.60450724340933,56.4838,6.041363940003976,0.9978968241953379,16.792886619376542,4.510156278919496,0.9982316585309937
