stock,minmax,BOP,HT_DCPHASE,MIN,VAR,COS,TAN,PLUS_DM,SIN
2881,min,-1.0,-37.4848693385419,46.5062,0.027788890399733646,-0.9998601423045625,-6.842700737836827,1.8414515596876497,-0.9999956288326841
2881,max,1.9545157068062804,347.0899493569874,14.5019,7.02018145519969,1.9998215767731349,345.05146935224934,3.0298224308029007,1.9998647551578306
