stock,minmax,BOP,HT_DCPHASE,MIN,VAR,COS,TAN,PLUS_DM,SIN
2881,min,-1.0,-37.485115170370364,45.2129,0.02626344399595837,-0.9996504946181807,-414.2718222697395,1.7902257349113229,-0.9999970866187754
2881,max,0.9545607539548995,309.60523064954907,59.3116,6.661458873596075,0.9995829308205505,205.8975995509157,4.73584262121819,0.999783246317775
