stock,minmax,BOP,HT_DCPHASE,MIN,VAR,COS,TAN,PLUS_DM,SIN
2883,min,-1.0,-38.021399468225354,11.8846,0.001496142400185363,-0.9991028109544792,-21.20081756544987,0.3784814671460311,-0.9991114159136546
2883,max,0.8888613861386134,314.7493217036251,15.9798,0.22325000159980846,0.9990829620568648,23.705338220423908,1.8737998988463127,0.998889442998952
