stock,minmax,BOP,HT_DCPHASE,MIN,VAR,COS,TAN,PLUS_DM,SIN
2884,min,-1.0,-43.842152676884666,21.5724,0.006804586401017332,-0.9995809367712261,-205.9674443018018,0.7924392727617581,-0.9999882140344851
2884,max,0.9583333333333323,311.2603148475936,25.8054,0.9178371016007532,0.9999922333681482,27.886020717251142,3.381035481164641,0.9964709223188892
