stock,minmax,BOP,HT_DCPHASE,MIN,VAR,COS,TAN,PLUS_DM,SIN
2886,min,-1.0,-42.931534093883386,28.119,0.004490037600021424,-0.99578757896268,-25.51682050429122,0.845801307393774,-0.9992329618185347
2886,max,0.944356330954272,299.56765197682523,34.1295,1.0171293295977648,0.9998610010176574,11.474489554333472,4.380004623985828,0.9957730842702331
