stock,minmax,BOP,HT_DCPHASE,MIN,VAR,COS,TAN,PLUS_DM,SIN
2887,min,-1.0,-40.94353299465388,11.8715,0.0008937623994427213,-0.9992332172344557,-78.53147997816207,0.47381704641449823,-0.9168177767132416
2887,max,1.0,306.4711952236259,15.2691,0.3018996775996641,0.9998818744327923,14.865880908656065,1.592950267880642,0.9999189357014735
