stock,minmax,BOP,HT_DCPHASE,MIN,VAR,COS,TAN,PLUS_DM,SIN
2887,min,-1.0,-40.94294291639346,12.7534,0.0010326903999668957,-0.9955630042092503,-37.9557074867951,0.5137986764628902,-0.999653111582589
2887,max,2.0,347.41624264945517,3.650000000000002,0.3473852872001544,1.9781239325772721,141.39782365896463,1.1973825532984939,1.9996063870708187
