stock,minmax,BOP,HT_DCPHASE,MIN,VAR,COS,TAN,PLUS_DM,SIN
2890,min,-1.0,-43.33232509535327,13.5561,0.001264158399635562,-0.9996636618208428,-11.662860986431083,0.5777781707111433,-0.9552301598483696
2890,max,1.0,307.2712290118141,15.3783,0.2825814535996187,0.5489160811224127,306.0956396833567,1.9618873908516359,0.9999946635524942
