stock,minmax,BOP,HT_DCPHASE,MIN,VAR,COS,TAN,PLUS_DM,SIN
2891,min,-1.0,-39.2121568809643,19.947,0.005741309600296063,-0.9999986411003305,-210.62442952989716,0.7869091243361829,-0.9999684394327263
2891,max,0.923172242874842,313.4721461088774,24.597,0.506904229600309,0.9998985954161572,125.86422954712444,3.0375145406234507,0.9999887294482284
