stock,minmax,BOP,HT_DCPHASE,MIN,VAR,COS,TAN,PLUS_DM,SIN
2892,min,-1.0,-41.08765417724328,20.5629,0.0009878400002776289,-0.9999990906726991,-44.52583167519946,0.5452374534073476,-0.9997478948787305
2892,max,0.9615067363211424,309.9577392021884,22.7451,0.3568849816003876,0.9866731886755681,16.254256412990998,2.6530659684934266,0.989857261631027
