stock,minmax,BOP,HT_DCPHASE,MIN,VAR,COS,TAN,PLUS_DM,SIN
2892,min,-1.0,-41.08536400019182,21.8385,0.0011110775999441103,-0.9996735801033901,-68.23075513508485,0.5790355172736602,-0.9998926159721266
2892,max,1.9615948908259262,351.04311210210267,2.317499999999999,0.4013638344000583,1.9995604629553572,101.72736634443328,2.2384867896852314,1.982748285691096
