stock,minmax,BOP,HT_DCPHASE,MIN,VAR,COS,TAN,PLUS_DM,SIN
2912,min,-1.0,-30.88128619735295,241.8221,0.2108475097338669,-0.9999782526757227,-30.773519845485424,7.8005803158603655,-0.9999492790259962
2912,max,2.0,345.09766200676324,21.450500000000005,37.65364488403429,1.9982750316573479,130.05647339044992,17.302049598285606,1.99976315710302
