stock,minmax,BOP,HT_DCPHASE,MIN,VAR,COS,TAN,PLUS_DM,SIN
2912,min,-1.0,-30.881439885185387,233.9794,0.19739222625503317,-0.9975990405189301,-35.11600827502933,7.564997126289597,-0.9995947755174174
2912,max,1.0,314.2166914513737,254.7342,35.44815447351721,0.997763190318234,241.66128186087383,24.42739719533602,0.9999914384917924
