stock,minmax,BOP,HT_DCPHASE,MIN,VAR,COS,TAN,PLUS_DM,SIN
3008,min,-1.0,-44.188896110552605,1461.4634,47.09108586749062,-0.9977491295583112,-15.989591631365828,61.305573446004715,-0.999847208863494
3008,max,1.9000004201839555,357.6746015051389,326.84479999999985,7039.291000164114,1.9975822312585252,73.18829050657551,247.03057183961067,1.9978972586000352
