stock,minmax,BOP,HT_DCPHASE,MIN,VAR,COS,TAN,PLUS_DM,SIN
3008,min,-1.0,-44.18887845089671,1440.8793,45.774220935534686,-0.9999841818105253,-62.88906240472621,59.625616701231614,-0.99715865145973
3008,max,0.8999997869071481,313.4856829795348,1763.1207,6888.167517145164,0.996332006990922,25.35084803728507,303.9867096126776,0.9998736028103428
