stock,minmax,BOP,HT_DCPHASE,MIN,VAR,COS,TAN,PLUS_DM,SIN
3023,min,-1.0,-43.646001454738325,213.7719,1.5577127799333539,-0.9962457784485599,-36.282324645991686,8.896095939824765,-0.9996203945414285
3023,max,1.0,310.37824369088025,229.8623,111.16871808552241,0.9999392034720433,66.24680533507232,43.47163910540771,0.9998860889347261
