stock,minmax,BOP,HT_DCPHASE,MIN,VAR,COS,TAN,PLUS_DM,SIN
3034,min,-1.0,-44.76118848746819,199.4024,1.45368517976749,-0.9999619842358649,-75.02490456149957,11.010494483999942,-0.9999111819491256
3034,max,1.0,301.9770949255829,301.6141,113.15539066943165,0.9993778710251918,60.24715209283714,46.5343854270605,0.9998622767592306
