stock,minmax,BOP,HT_DCPHASE,MIN,VAR,COS,TAN,PLUS_DM,SIN
3035,min,-1.0,-42.86489116515639,138.4099,1.4816844921151642,-0.998629851214533,-55.795194826829665,13.18563392306235,-0.9952905230043305
3035,max,1.9411753718565719,354.8393203471931,102.5084,172.70112585760944,1.9985240400600217,97.50561061901917,56.68601096252143,1.995129950273292
