stock,minmax,BOP,HT_DCPHASE,MIN,VAR,COS,TAN,PLUS_DM,SIN
3036,min,-1.0,-44.73371487974015,55.0797,0.012177858397080854,-0.999917305961525,-27.045458984444437,2.828495394126434,-0.9993171327785835
3036,max,0.9615298590919232,313.2097984848717,68.1832,6.231194045598841,0.9999972803402902,363.7149897541017,10.77056144869559,0.9999962204060755
