stock,minmax,BOP,HT_DCPHASE,MIN,VAR,COS,TAN,PLUS_DM,SIN
3036,min,-1.0,-44.73353949125118,54.1785,0.011783826398641395,-0.9999846565560112,-32.60774931835356,2.7822148384369556,-0.9996175766050707
3036,max,0.9615279672578436,313.2098409773431,67.0674,6.028993233597248,0.9999765598786575,59.291969820982835,10.594430511031714,0.9998578045804885
