stock,minmax,BOP,HT_DCPHASE,MIN,VAR,COS,TAN,PLUS_DM,SIN
3036,min,-1.0,-44.73371487974015,55.0797,0.012177858397080854,-0.999917305961525,-27.045458984444437,2.828495394126434,-0.9993171327785835
3036,max,1.9615298590919232,357.9435133646119,13.103499999999997,6.21901618720176,1.999914586301815,390.76044873854613,7.942066054569156,1.999313353184659
