stock,minmax,BOP,HT_DCPHASE,MIN,VAR,COS,TAN,PLUS_DM,SIN
3037,min,-1.0,-39.017130839661036,136.0869,2.0898338095685176,-0.9973277422244575,-25.027841258788236,12.308096633246736,-0.9992027333342104
3037,max,2.0,351.54444986886574,61.98479999999998,213.94955449678673,1.996191034557303,46.130913082309334,21.65650354958003,1.9957978735106883
