stock,minmax,BOP,HT_DCPHASE,MIN,VAR,COS,TAN,PLUS_DM,SIN
3042,min,-1.0,-40.8613970105572,68.4319,0.07113394800035167,-0.9998403542493829,-1746.295706388351,2.732175666745809,-0.9999998360413532
3042,max,1.9666897704570425,351.451666616687,9.647500000000008,9.601566054408067,1.9984540515092615,1761.3519980083363,7.697367367685397,1.9997403833564116
