stock,minmax,BOP,HT_DCPHASE,MIN,VAR,COS,TAN,PLUS_DM,SIN
3045,min,-1.0,-42.481306181923856,93.9984,9.094947017729282e-12,-0.9993689562713849,-8.93695562147034,1.4739235768276955,-0.9937979417637417
3045,max,2.0,354.34871021690265,3.42649999999999,8.431847227999242,1.9990936677879292,19.195156904371828,4.012150301088052,1.989080075027226
