stock,minmax,BOP,HT_DCPHASE,MIN,VAR,COS,TAN,PLUS_DM,SIN
3081,min,-1.0,-40.881719385001475,90.8207,0.5668960559960396,-0.999973876800281,-78.49634017598456,6.762498247877414,-0.9967610640905981
3081,max,1.9473654777483245,350.47804610119465,77.64460000000001,148.01365344164878,1.9957058883791015,232.34930684622378,54.420321623286284,1.996739941630702
