stock,minmax,BOP,HT_DCPHASE,MIN,VAR,COS,TAN,PLUS_DM,SIN
3088,min,-1.0,-36.04470385340494,45.4354,0.01602391839696793,-0.9999961084997718,-41.29057361356051,3.0563904367535915,-0.9997068585884528
3088,max,0.9374805356586723,309.5212132581711,46.0776,5.520245237596555,0.997781872012094,26.65880701735292,9.709154894210934,0.9992972019255625
