stock,minmax,BOP,HT_DCPHASE,MIN,VAR,COS,TAN,PLUS_DM,SIN
3141,min,-0.9615413195505171,-43.4358694045967,100.6205,0.6076267896078207,-0.9998280858074227,-17.250396865698267,10.852317514192402,-0.9983239810489585
3141,max,1.0,306.40669069838566,139.2849,92.26970769202671,0.9959944112492908,131.53365724816948,39.959993539263,0.9999711013611998
