stock,minmax,BOP,HT_DCPHASE,MIN,VAR,COS,TAN,PLUS_DM,SIN
3169,min,-1.0,-41.21325204725724,101.0341,1.048486846491869,-0.9984467929051791,-3.462656529698118,10.305672170108805,-0.992326435190454
3169,max,0.9473674957218876,304.9158719036719,167.4921,70.13728478809207,0.9992581643192326,8.025567088385724,36.46390962595729,0.9908049387408451
