stock,minmax,BOP,HT_DCPHASE,MIN,VAR,COS,TAN,PLUS_DM,SIN
3169,min,-1.0,-41.2130532570514,103.7437,1.1055149184103357,-0.9997901587933491,-17.979777671594604,10.582101407835891,-0.9984568959122102
3169,max,1.947372326096386,346.1292214119157,68.24040000000001,72.84450063120312,1.999544915767908,50.92233780108202,26.85972382453832,1.9979964747343377
