stock,minmax,BOP,HT_DCPHASE,MIN,VAR,COS,TAN,PLUS_DM,SIN
3189,min,-1.0,-44.75872200357344,114.0917,1.1204691855600686,-0.9999328771439588,-305.7164031878989,10.268062054968667,-0.9984471315607168
3189,max,1.909094524197717,358.9272145195475,43.19030000000001,97.96735307278504,1.999748499562764,397.5588824303022,20.14512553413222,1.9984417818655436
