stock,minmax,BOP,HT_DCPHASE,MIN,VAR,COS,TAN,PLUS_DM,SIN
3209,min,-1.0,-38.40527518119484,23.62,0.003374695998900279,-0.999988795200071,-95.50940135609981,1.227157765126427,-0.9999451922399427
3209,max,1.0,304.4533733059087,29.0846,1.7155812279984275,0.9986183337203847,29.895345722328763,5.062102964775754,0.9994410170254079
