stock,minmax,BOP,HT_DCPHASE,MIN,VAR,COS,TAN,PLUS_DM,SIN
3217,min,-1.0,-44.19919910466075,59.8195,0.08752944162461063,-0.9991737287902214,-7.5230225228428855,3.341284127122754,-0.9987151329719045
3217,max,1.0,310.1519637356378,82.9236,12.304031650417528,0.9987583250351196,33.75108364045241,13.849927474258333,0.9995613594877577
