stock,minmax,BOP,HT_DCPHASE,MIN,VAR,COS,TAN,PLUS_DM,SIN
3231,min,-1.0,-44.02659818574227,22.2815,0.0019769983993001006,-0.9581433256195272,-176.60028536381193,0.3955823710650265,-0.9998547391761307
3231,max,1.0,313.09799680193044,25.289,0.5363748735992431,0.9999856418195351,58.66288698644145,2.62595065605089,0.9999839684040527
