stock,minmax,BOP,HT_DCPHASE,MIN,VAR,COS,TAN,PLUS_DM,SIN
3312,min,-1.0,-40.2659271538887,15.2702,0.0016448559991886214,-0.9995755554516211,-15.791589634732873,0.3762570471113864,-0.999663068642524
3312,max,1.0,313.9612061056927,18.9287,0.620151305599677,0.9999999366599298,38.512748995202855,2.96344161440089,0.9293484187854034
