stock,minmax,BOP,HT_DCPHASE,MIN,VAR,COS,TAN,PLUS_DM,SIN
3312,min,-1.0,-40.26206545552765,15.5107,0.0016948624001997814,-0.9989815106436091,-9.059160580601834,0.3822365511638452,-0.9939626384013789
3312,max,1.0,313.96074046378715,19.2268,0.6398138560000461,0.9999055516404118,15.965779408430251,3.0101568090191617,0.998044245942543
