stock,minmax,BOP,HT_DCPHASE,MIN,VAR,COS,TAN,PLUS_DM,SIN
3324,min,-1.0,-42.9689126950351,133.1908,1.3511582615792577,-0.9994320721856131,-33.032855397721754,8.505989156311564,-0.9996692163445673
3324,max,0.92593884800812,307.08444271859264,186.3667,128.85890703037148,0.9974197103602884,126.82161438778604,38.36790234097873,0.9999689141176672
