stock,minmax,BOP,HT_DCPHASE,MIN,VAR,COS,TAN,PLUS_DM,SIN
3374,min,-1.0,-41.45638609023433,103.3439,0.35785288952683914,-0.9949669767209949,-61.00666722063371,8.901071992519629,-0.999865683954191
3374,max,1.0,311.86737603482914,125.3249,47.23851813753936,0.999999404367666,55.85224515432836,27.49028145239204,0.9998397550569512
