stock,minmax,BOP,HT_DCPHASE,MIN,VAR,COS,TAN,PLUS_DM,SIN
3376,min,-1.0,-41.73099195988675,66.3062,0.010984437573824835,-0.9999506877013832,-73.59342902878033,1.849778015482619,-0.999907693604833
3376,max,2.0,352.8452449794102,7.654600000000002,3.484320612812553,1.999929408536326,86.09615305838189,5.725034264486511,1.9956584409832345
