stock,minmax,BOP,HT_DCPHASE,MIN,VAR,COS,TAN,PLUS_DM,SIN
3416,min,-1.0,-29.331835489080504,66.1062,0.0034373160033283057,-0.9912010851319577,-21.50935408016113,0.7871725262690913,-0.999166079316573
3416,max,1.0,313.3524160677531,69.8048,1.1700623664019076,0.9986566920864021,24.470952373558752,3.033752122804005,0.9903086142918308
