stock,minmax,BOP,HT_DCPHASE,MIN,VAR,COS,TAN,PLUS_DM,SIN
3443,min,-1.0,-38.97973874267956,371.2069,24.64898128551431,-0.999765464795595,-135.56780020120607,33.39072806581941,-0.9999951070375542
3443,max,2.0,344.97629449837217,122.40949999999998,1393.5587926049484,1.992693421880055,455.2345513111279,89.48202673341856,1.999967902635544
