stock,minmax,BOP,HT_DCPHASE,MIN,VAR,COS,TAN,PLUS_DM,SIN
3455,min,-1.0,-41.09841585096581,58.6669,0.052405960006581154,-0.999975716844726,-14.910779992477064,4.432571808688126,-0.9958036950243859
3455,max,1.9511798209926754,354.285576674297,16.5342,11.96963397759282,1.9995487353174797,73.9554670970813,9.56012706236809,1.9956603063214726
