stock,minmax,BOP,HT_DCPHASE,MIN,VAR,COS,TAN,PLUS_DM,SIN
3479,min,-1.0,-39.92160527882402,47.7192,0.013373649598634074,-0.9997985017259265,-18.28722928552687,3.2016305235461684,-0.9996885966028332
3479,max,2.0,349.58888676991876,12.8461,7.646460490396748,1.9990791607437788,58.34823797475047,9.020504128488179,1.9958084341449815
