stock,minmax,BOP,HT_DCPHASE,MIN,VAR,COS,TAN,PLUS_DM,SIN
3483,min,-1.0,-39.12118866762495,48.9345,0.09604672160367045,-0.9999739006031908,-45.54952124390857,3.0957174690792892,-0.9950212658793458
3483,max,1.0,312.72708014471914,65.3927,12.98841300640106,0.999941869869007,11.684038156889983,13.586841364105991,0.9997590952220266
