stock,minmax,BOP,HT_DCPHASE,MIN,VAR,COS,TAN,PLUS_DM,SIN
3526,min,-1.0,-44.77050716527492,115.1281,0.38325012562199845,-0.9988584419896918,-21.193659395150096,4.812177025101228,-0.9997696198852302
3526,max,2.0,350.1473133511559,38.95989999999999,31.013114911998855,1.9973041408448626,67.77236947765786,21.873184482876837,1.9993123140764721
