stock,minmax,BOP,HT_DCPHASE,MIN,VAR,COS,TAN,PLUS_DM,SIN
3530,min,-1.0,-39.44045526150586,75.4077,-9.094947017729282e-12,-0.9999808608605089,-47.28298451072329,3.8408745282230603,-0.9997764294582496
3530,max,1.9875000000000007,352.87374285430286,37.990899999999996,86.6364170599918,1.9999359609344691,63.76698547540694,21.290815261524642,1.9991601587415464
