stock,minmax,BOP,HT_DCPHASE,MIN,VAR,COS,TAN,PLUS_DM,SIN
3533,min,-1.0,-36.215924559543,549.6992,14.94321358774323,-0.9999076006801836,-107.58168854505942,51.37247139521228,-0.9999568018498526
3533,max,1.0,314.0764465799416,678.9299,2568.8942387328716,0.9999307763341508,60.6196339118942,161.92102738211557,0.9998933044756062
