stock,minmax,BOP,HT_DCPHASE,MIN,VAR,COS,TAN,PLUS_DM,SIN
3552,min,-1.0,-44.68630770047184,119.3949,0.9748618599951442,-0.9995365782216138,-73.60235148787204,13.22291745900651,-0.9986396763972619
3552,max,2.0,349.80684506586624,25.413399999999996,102.52533205757209,1.9904679309509503,92.75462996005211,40.84969472630685,1.9985473923773616
