stock,minmax,BOP,HT_DCPHASE,MIN,VAR,COS,TAN,PLUS_DM,SIN
3552,min,-1.0,-44.68621443331483,106.4501,0.7749685824273911,-0.9999884035970105,-68.46541501431305,12.163271519806775,-0.9998933506939007
3552,max,1.0,305.12061873366247,129.1082,82.27365755203209,0.9997024846385018,40.88989597167783,47.88374559425463,0.9922547128765609
