stock,minmax,BOP,HT_DCPHASE,MIN,VAR,COS,TAN,PLUS_DM,SIN
3556,min,-1.0,-44.73502690869543,50.3871,0.014837111993983854,-0.9999811150891823,-107.11019042809151,1.504180539826788,-0.9998476348963303
3556,max,2.0,358.99599137310753,14.7515,5.431217933602511,1.9999805450285986,208.63594894943066,5.490473453180808,1.9998040556182701
