stock,minmax,BOP,HT_DCPHASE,MIN,VAR,COS,TAN,PLUS_DM,SIN
3558,min,-0.921054249012411,-25.476381063877795,102.2752,3.5442860295843275,-0.9991924018742742,-317.5646709125648,28.859208728271796,-0.9999950420469231
3558,max,1.0,314.58518155556607,182.7007,226.78802025842015,0.99972562165984,38.91364190821801,65.59102788921528,0.9983083791141059
