stock,minmax,BOP,HT_DCPHASE,MIN,VAR,COS,TAN,PLUS_DM,SIN
3587,min,-1.0,-44.14945570865103,99.0466,0.1269892063919542,-0.9990688758431957,-11.541042858563273,5.051942362189819,-0.999979814075437
3587,max,2.0,356.9209563485547,26.4538,18.61177034319371,1.9981232717635353,4616.37257899556,14.25842751043065,1.999979790495508
