stock,minmax,BOP,HT_DCPHASE,MIN,VAR,COS,TAN,PLUS_DM,SIN
3592,min,-1.0,-32.79602675036813,213.297,1.445385773666203,-0.9957911379093526,-486.02516842594565,8.538495514013173,-0.9999978833399812
3592,max,1.0,309.11233448843507,368.4868,366.4749271865294,0.9999707555945738,247.19629366461032,53.99309032085273,0.9938376750567389
