stock,minmax,BOP,HT_DCPHASE,MIN,VAR,COS,TAN,PLUS_DM,SIN
3596,min,-1.0,-42.64387087696923,92.3186,0.07951288957701763,-0.989758269367002,-58.36659431470682,8.939149853078764,-0.9998532609516528
3596,max,2.0,357.34056511294773,17.018599999999992,57.19412347439538,1.988839728593895,110.96465720359507,13.88854157991523,1.9988433348625665
