stock,minmax,BOP,HT_DCPHASE,MIN,VAR,COS,TAN,PLUS_DM,SIN
3596,min,-1.0,-42.64357190220892,88.3295,0.07279502404708182,-0.9999039854346496,-9.061128573661735,8.552844485117513,-0.9958405906195349
3596,max,1.0,314.6968170033141,104.6127,52.4311999624515,0.9999307941872665,29.53382669440833,21.84127122290517,0.9994272602457005
