stock,minmax,BOP,HT_DCPHASE,MIN,VAR,COS,TAN,PLUS_DM,SIN
3617,min,-1.0,-38.44915946858896,54.1949,0.0013542399910875247,-0.9958665107299539,-180.15880740243628,1.9426791937582104,-0.984489201283104
3617,max,2.0,349.26870820544957,10.96,32.10320707039591,1.99579273770465,237.65524895619734,28.311552365862337,1.984473796734652
