stock,minmax,BOP,HT_DCPHASE,MIN,VAR,COS,TAN,PLUS_DM,SIN
3645,min,-1.0,-44.1147224635024,34.6256,0.02575992799870619,-0.9976833966148331,-95.10895736959903,3.446625686827893,-0.9999447297846996
3645,max,1.9474088713219126,353.3182767442127,16.188900000000004,17.994331838400512,1.9976216607217738,212.6402108856209,10.137934205212051,1.9999085355257502
