stock,minmax,BOP,HT_DCPHASE,MIN,VAR,COS,TAN,PLUS_DM,SIN
3645,min,-1.0,-44.115359003195465,34.3832,0.025401229595217956,-0.9999954250268374,-55.26753710352134,3.422510713683826,-0.9990113085704738
3645,max,0.9473713306429291,309.2036257940478,50.4588,17.76874114159773,0.9999968678732173,32.34360188656895,13.489399141753747,0.999836347305213
