stock,minmax,BOP,HT_DCPHASE,MIN,VAR,COS,TAN,PLUS_DM,SIN
3661,min,-1.0,-38.26788108225355,546.9125,28.259446878917515,-0.9995143205073875,-26.573490470625003,66.41828602739568,-0.9998841758678526
3661,max,1.0,305.58245333435104,883.6238,4145.105597266578,0.9997896615360835,65.6973339481816,218.5360268922678,0.9992926866846663
