stock,minmax,BOP,HT_DCPHASE,MIN,VAR,COS,TAN,PLUS_DM,SIN
3661,min,-1.0,-38.26786757530749,552.3342,28.822331865958404,-0.9999342524856274,-327.99419655576526,67.0767332656839,-0.9992131388681375
3661,max,1.0,305.5824402005284,892.3833,4227.696623410215,0.9999855840491466,25.19297993401499,220.7024279509767,0.9999953523367041
