stock,minmax,BOP,HT_DCPHASE,MIN,VAR,COS,TAN,PLUS_DM,SIN
3661,min,-1.0,-38.26786757530749,552.3342,28.822331865958404,-0.9999342524856274,-327.99419655576526,67.0767332656839,-0.9992131388681375
3661,max,2.0,343.8503077758359,340.04909999999995,4198.874291544256,1.9999198365347741,353.18717648978026,153.62569468529279,1.9992084912048416
