stock,minmax,BOP,HT_DCPHASE,MIN,VAR,COS,TAN,PLUS_DM,SIN
3665,min,-1.0,-41.63726559641367,259.1372,2.3126301456795773,-0.995819670397074,-154.3297133396114,20.828537505515808,-0.999822208478047
3665,max,2.0,352.6791215904977,28.51369999999997,314.21466883443645,1.9899939033620995,564.9812436926335,40.287917894348624,1.9998192435020523
