stock,minmax,BOP,HT_DCPHASE,MIN,VAR,COS,TAN,PLUS_DM,SIN
3675,min,-1.0,-30.165148013956127,144.3214,1.2650353704739246,-0.9986995299765304,-39.138919731160144,12.173191070143016,-0.9999126328015551
3675,max,1.0,311.46939965606776,243.2847,495.50826495847286,0.9999662398364308,75.64536775475119,98.39283246524502,0.9996737580779133
