stock,minmax,BOP,HT_DCPHASE,MIN,VAR,COS,TAN,PLUS_DM,SIN
3680,min,-1.0,-44.52223665362658,158.6486,0.29825465039903065,-0.9905430694139818,-13.757664353872052,15.91227468681312,-0.9958458746236899
3680,max,1.0,314.62031372449195,218.688,267.2996151415864,0.9996627710167034,546.7443678829986,77.15679523815997,0.9999983273684718
