stock,minmax,BOP,HT_DCPHASE,MIN,VAR,COS,TAN,PLUS_DM,SIN
3691,min,-1.0,-37.978959670320535,123.1936,0.44556799995552865,-0.9994424071733378,-17.36176550181936,7.0985036922069815,-0.9983453608739179
3691,max,2.0,350.8392271620716,35.40039999999999,67.51389824798389,1.99715006475791,35.06433425978658,20.098109770822212,1.9967536669263724
