stock,minmax,BOP,HT_DCPHASE,MIN,VAR,COS,TAN,PLUS_DM,SIN
3702,min,-1.0,-40.827874497144705,44.8268,0.004242817601607385,-0.9994224022289881,-20.386047833795487,1.048436224294489,-0.9992786136891558
3702,max,2.0,355.49904084378176,3.5686999999999998,1.7795763920003083,1.8876689527846668,53.71663203800803,3.0313641691671376,1.9988288430759664
