stock,minmax,BOP,HT_DCPHASE,MIN,VAR,COS,TAN,PLUS_DM,SIN
3702,min,-1.0,-40.82571742995498,43.1361,0.003928545600047073,-0.9994650692324383,-82.5960639443738,1.0088646360404163,-0.748765162076339
3702,max,1.0,314.67932324671835,46.5703,1.651758726398839,0.9998306723395287,13.924364327862683,3.9258368074741954,0.99992671694614
