stock,minmax,BOP,HT_DCPHASE,MIN,VAR,COS,TAN,PLUS_DM,SIN
3707,min,-1.0,-40.9769266144707,80.7426,0.4495085136277339,-0.999920970164083,-109.07027469781097,9.428788014891653,-0.9996872708331758
3707,max,2.0,350.04239846881774,32.494,165.3291174807946,1.999675673861567,149.04623703484557,17.604740300288704,1.9996452436956083
