stock,minmax,BOP,HT_DCPHASE,MIN,VAR,COS,TAN,PLUS_DM,SIN
3708,min,-1.0,-44.96423538887984,79.0599,0.37958765761140967,-0.9996686704749799,-44.9888593834183,10.234539448934353,-0.9998770198708911
3708,max,1.0,311.9146162477467,104.9944,63.892798045615564,0.9996887593562168,63.756940698053235,37.030381432674034,0.9997530556203317
