stock,minmax,BOP,HT_DCPHASE,MIN,VAR,COS,TAN,PLUS_DM,SIN
3708,min,-1.0,-44.96393408932249,82.3789,0.41218371762442985,-0.9995762322831824,-125.38148115087625,10.654036540777621,-0.9999681959451617
3708,max,2.0,356.87827805673277,27.023200000000003,68.95765820396264,1.9985610008494068,148.91413856336032,27.887334605025305,1.996595498731757
