stock,minmax,BOP,HT_DCPHASE,MIN,VAR,COS,TAN,PLUS_DM,SIN
3711,min,-1.0,-39.01691183290143,67.8487,0.11742958239210566,-0.9998518024834572,-24.883726387129364,3.2567424001941396,-0.9999488674234908
3711,max,2.0,353.0556643051355,14.914900000000003,18.74039265600186,1.999305316872747,319.813270897127,7.635012239754561,1.999943119252223
