stock,minmax,BOP,HT_DCPHASE,MIN,VAR,COS,TAN,PLUS_DM,SIN
3711,min,-1.0,-39.01691991385934,65.7509,0.1102771264149851,-0.9999912485061995,-10.60838400401688,3.068574838407978,-0.9989787454599948
3711,max,1.0,314.03875646618644,80.2046,17.709975464011222,0.9950132466639375,22.10981760316648,10.55543048070274,0.9933741153056991
