stock,minmax,BOP,HT_DCPHASE,MIN,VAR,COS,TAN,PLUS_DM,SIN
4128,min,-1.0,-42.14113738541971,43.1469,0.021279515993228415,-0.9999100846670611,-121.30855464219295,3.832233914733114,-0.9999719790548701
4128,max,0.9814889067094371,308.84017203195117,48.3225,33.029705214391925,0.9995189945926471,133.57786112221754,23.378733846329638,0.9990592880661285
