stock,minmax,BOP,HT_DCPHASE,MIN,VAR,COS,TAN,PLUS_DM,SIN
4128,min,-1.0,-42.14155057356368,41.0877,0.019299461600894574,-0.9998100797849239,-21.212778043954405,3.649418125207696,-0.998370190885438
4128,max,0.9814736842105263,308.8397687524847,46.0163,29.952109349599596,0.9999863886556782,31.245706144999843,22.262927712833523,0.9994882523666255
