stock,minmax,BOP,HT_DCPHASE,MIN,VAR,COS,TAN,PLUS_DM,SIN
4129,min,-1.0,-40.1005651356046,26.7191,0.0009389615994450651,-0.9999941042319402,-64.25206976028115,0.5668801040287829,-0.9997462055748817
4129,max,2.0,348.97417666745457,1.3577999999999975,1.791251324798509,1.7826179644641968,108.62941158878463,5.084299282795358,1.9996251131796536
