stock,minmax,BOP,HT_DCPHASE,MIN,VAR,COS,TAN,PLUS_DM,SIN
4142,min,-0.952380952380955,-39.27917381049747,34.3,0.006600000000844375,-0.9999567971199811,-46.108695469676505,1.8989973510972957,-0.9997649007954723
4142,max,0.9615384615384637,309.37338691682345,39.65,4.655399999999872,0.9998433086476912,50.223998045747756,9.033530822000376,0.9998018389311463
