stock,minmax,BOP,HT_DCPHASE,MIN,VAR,COS,TAN,PLUS_DM,SIN
4175,min,-1.0,-40.6249583810943,57.6255,0.009912550402077613,-0.9991659293303019,-14.263460924959686,2.436329942508644,-0.999025249333112
4175,max,1.0,313.8566921388878,60.6989,49.565622582400465,0.9990733596502335,22.631875970519477,28.621214112458873,0.9975513723441696
