stock,minmax,BOP,HT_DCPHASE,MIN,VAR,COS,TAN,PLUS_DM,SIN
4438,min,-1.0,-30.607623571333647,93.076,0.13322500001049775,-0.9999986269697465,-21.20155948908076,2.6398087174077736,-0.9988895205934452
4438,max,1.0,312.5023243374889,99.4635,19.517845752014182,0.9987226095722576,197.00636677704887,24.562265046127123,0.9999871174721933
