stock,minmax,BOP,HT_DCPHASE,MIN,VAR,COS,TAN,PLUS_DM,SIN
4536,min,-1.0,-44.47033109934546,107.3376,0.24408120003863587,-0.9961430447536983,-3.0069118719719548,3.9116648258168447,-0.9992933865593758
4536,max,2.0,339.68570147680646,21.647900000000007,56.758479245589115,1.9908160055800546,29.59357308667429,35.13156800464834,1.9957827841153566
