stock,minmax,BOP,HT_DCPHASE,MIN,VAR,COS,TAN,PLUS_DM,SIN
4536,min,-1.0,-44.47092482665005,102.6707,0.2233271520181006,-0.9988164756533299,-63.502521316675605,3.7971564788287333,-0.9998760326541299
4536,max,1.0,295.21476322021584,123.3774,52.15409479839218,0.9973194770196648,9.385528687655686,37.34575150305679,0.9990410415059875
