stock,minmax,BOP,HT_DCPHASE,MIN,VAR,COS,TAN,PLUS_DM,SIN
4549,min,-1.0,-42.48119859589582,62.387,0.010322560015083582,-0.9999982966493839,-38.51519356790609,1.3985067528712862,-0.999663111389857
4549,max,1.0,311.4839990660557,66.8429,2.5109160384045026,0.9965286550133483,30.617551628840683,8.18199286172864,0.9994670557308254
