stock,minmax,BOP,HT_DCPHASE,MIN,VAR,COS,TAN,PLUS_DM,SIN
4551,min,-1.0,-38.990234625994674,111.7891,0.7046040616442042,-0.9971079343989686,-44.997966965809496,11.195090589739458,-0.9997531555362269
4551,max,0.9230743082466535,313.4537911186934,142.847,49.242282610452094,0.9999082357552267,32.357268122734446,34.43787074236798,0.9995305826573391
