stock,minmax,BOP,HT_DCPHASE,MIN,VAR,COS,TAN,PLUS_DM,SIN
4572,min,-1.0,-41.046253213987825,80.5854,0.11340610639945226,-0.9999931611000593,-26.595361546502456,3.720878411316173,-0.9956828964895773
4572,max,1.0,310.44519731044727,103.9128,34.035110914392135,0.9999365515174107,32.08075966161418,30.21879241682841,0.9995145277944752
