stock,minmax,BOP,HT_DCPHASE,MIN,VAR,COS,TAN,PLUS_DM,SIN
4576,min,-1.0,-42.10776642043447,83.065,0.07542979035952158,-0.9999559428698336,-24.976214597028566,4.687018714803236,-0.9999020299656065
4576,max,2.0,351.6454232388578,16.379100000000008,9.211301732005268,1.9996984382841132,96.41045963669251,14.646630665133394,1.9992616138311639
