stock,minmax,BOP,HT_DCPHASE,MIN,VAR,COS,TAN,PLUS_DM,SIN
4576,min,-1.0,-42.107369647381574,82.9616,0.0752421880251859,-0.9998610210711555,-45.82913379051462,4.681213784959525,-0.9997620248231283
4576,max,1.0,309.5363422781796,99.3202,9.26377627841066,0.9999593165371815,26.03024031587839,19.309545551611958,0.9988716420157554
