stock,minmax,BOP,HT_DCPHASE,MIN,VAR,COS,TAN,PLUS_DM,SIN
4721,min,-1.0,-43.92856156580217,98.6358,0.3798784015871206,-0.9988842628904707,-34.23112204837625,7.842640049380876,-0.9995735679190568
4721,max,1.0,314.1602888209602,122.681,48.17840722958135,0.999127991253445,102.01183282162604,28.46512865617002,0.9999519561718662
