stock,minmax,BOP,HT_DCPHASE,MIN,VAR,COS,TAN,PLUS_DM,SIN
4721,min,-1.0,-43.92860241475347,99.9687,0.39019085995278147,-0.9999812080014281,-31.82427067136533,7.94859333609726,-0.9982419811865597
4721,max,2.0,358.0889258641652,24.370100000000008,49.099040537586916,1.9996674787195463,7615.853712236706,20.90139154506056,1.9982419724935538
