stock,minmax,BOP,HT_DCPHASE,MIN,VAR,COS,TAN,PLUS_DM,SIN
4736,min,-1.0,-35.95602561389683,144.1917,1.1078781495889416,-0.9999963659359051,-32.63777090789097,10.950902439039465,-0.9969566495392753
4736,max,1.0,309.4794502076349,176.8697,239.83996532558376,0.9996305918216182,165.4595649399822,84.74871300334026,0.9999817369061547
