stock,minmax,BOP,HT_DCPHASE,MIN,VAR,COS,TAN,PLUS_DM,SIN
4736,min,-1.0,-35.95602561389683,144.1917,1.1078781495889416,-0.9999963659359051,-32.63777090789097,10.950902439039465,-0.9969566495392753
4736,max,2.0,345.4354758215317,32.678,238.73208717599482,1.9996269577575232,198.09733584787315,73.79781056430079,1.99693838644543
