stock,minmax,BOP,HT_DCPHASE,MIN,VAR,COS,TAN,PLUS_DM,SIN
4739,min,-1.0,-40.51715707292942,103.2409,0.226271163977799,-0.999729896526118,-22.67743753918699,8.511221528768031,-0.9989859065658371
4739,max,1.8889043866378428,353.48217380281244,30.163799999999995,40.45172318560435,1.9960137097784774,44.865302285173385,15.547554274977246,1.998015063039452
