stock,minmax,BOP,HT_DCPHASE,MIN,VAR,COS,TAN,PLUS_DM,SIN
4739,min,-1.0,-40.5172266134511,102.0155,0.22092596238144324,-0.9985082518537943,-12.754096222199898,8.373940824352482,-0.998244300117446
4739,max,0.8888862748788398,312.96506649707965,131.8213,39.71802066237433,0.9999923135307616,44.83064777610428,23.76955992338408,0.9997513102157785
