stock,minmax,BOP,HT_DCPHASE,MIN,VAR,COS,TAN,PLUS_DM,SIN
4743,min,-1.0,-42.305505820473854,139.253,0.5094122823320504,-0.9998750144309516,-26.791662609842504,14.110040820380696,-0.999304147515825
4743,max,1.9722213439734921,352.2852827924204,36.8999,658.9091811159851,1.9985858850629985,41.27635948822467,82.1548293049513,1.997240421631786
