stock,minmax,BOP,HT_DCPHASE,MIN,VAR,COS,TAN,PLUS_DM,SIN
4755,min,-0.9354806555883056,-43.56672997441666,121.0241,0.29922575769160176,-0.9999670662997624,-62.9153545336236,13.763782055610843,-0.999873708410238
4755,max,1.0,304.48312339164045,154.0457,214.19542800566705,0.9905525295379543,74.77260521145327,62.25684101028532,0.9999105816348299
