stock,minmax,BOP,HT_DCPHASE,MIN,VAR,COS,TAN,PLUS_DM,SIN
4755,min,-0.9354881349093159,-43.566752470062,123.8574,0.31344000793251325,-0.9960259868353981,-30.03848207757571,14.271217262820457,-0.9999062622776536
4755,max,1.935488134909316,348.0497769539452,33.794799999999995,224.02779572565123,1.9955960913784787,103.06780426121914,50.539968207891334,1.9981728781060268
