stock,minmax,BOP,HT_DCPHASE,MIN,VAR,COS,TAN,PLUS_DM,SIN
4770,min,-1.0,-37.527604631095755,209.2581,0.4898278359469259,-0.9984351521708704,-50.85297083514494,18.944973893923514,-0.9986002772273226
4770,max,2.0,350.21856160663515,37.17239999999998,502.5476947536954,1.998296927123324,69.7332189133212,90.85912166466939,1.9984069863250515
