stock,minmax,BOP,HT_DCPHASE,MIN,VAR,COS,TAN,PLUS_DM,SIN
4770,min,-1.0,-37.527604631095755,209.2581,0.4898278359469259,-0.9984351521708704,-50.85297083514494,18.944973893923514,-0.9986002772273226
4770,max,1.0,312.6909569755394,246.4305,503.0375225896423,0.9998617749524535,18.880248078176255,109.8040955585929,0.9998067090977291
