stock,minmax,BOP,HT_DCPHASE,MIN,VAR,COS,TAN,PLUS_DM,SIN
4904,min,-0.9091088717644613,-43.60881355518228,63.1209,0.018336125611313037,-0.9990247097309689,-13.852274877445298,2.5280632078645393,-0.9982355866306759
4904,max,1.9091088717644613,358.17487931312286,11.133500000000005,3.0790316479997273,1.9982397941822798,35.472515510286115,5.009477241398901,1.9971676319741412
