stock,minmax,BOP,HT_DCPHASE,MIN,VAR,COS,TAN,PLUS_DM,SIN
4906,min,-1.0,-40.453393105183295,23.3858,0.009676820000208863,-0.9984305127370304,-214.4782113116587,1.510831750715982,-0.9845265568169557
4906,max,1.0,311.6638957069632,26.4417,1.4094238144006113,0.9997545044729769,30.257569947364143,4.581107490126871,0.9999891308253939
