stock,minmax,BOP,HT_DCPHASE,MIN,VAR,COS,TAN,PLUS_DM,SIN
4915,min,-1.0,-12.323841474098344,42.9259,0.023588146399561083,-0.9999735364964965,-54.875006111407856,2.0085784611494164,-0.9998607897521379
4915,max,2.0,325.87070825002013,15.903500000000001,4.830960488001892,1.9970375984427924,114.79945538949693,9.716707310560892,1.9996947879930658
