stock,minmax,BOP,HT_DCPHASE,MIN,VAR,COS,TAN,PLUS_DM,SIN
4927,min,-1.0,-37.45625672769188,52.5219,0.08471224559343682,-0.9999980783808441,-8.84792638977874,2.4730032667683033,-0.9951457681756488
4927,max,1.0,311.1989212445268,83.1599,20.641836734395838,0.9978025823538151,269.88097885655054,14.756704398224425,0.999993135309223
