stock,minmax,BOP,HT_DCPHASE,MIN,VAR,COS,TAN,PLUS_DM,SIN
4927,min,-1.0,-37.456553697132335,53.8857,0.08916927759491955,-0.9999692224544638,-521.7242186519188,2.5372103833703377,-0.9999981630945061
4927,max,1.0,311.1985226217187,85.3191,21.727451245595148,0.996164786131296,43.55252990229799,15.139863611714386,0.9976892522293116
