stock,minmax,BOP,HT_DCPHASE,MIN,VAR,COS,TAN,PLUS_DM,SIN
4931,min,-0.977777777777778,-41.144841172117424,23.465,0.09205499999802669,-0.9992702969788878,-38.78547455981189,4.494454754969375,-0.9994761440625409
4931,max,1.9777777777777779,355.5617763747188,11.6375,18.59691500000349,1.9988476935903996,84.81268169799333,13.326088994675963,1.9992402119586652
