stock,minmax,BOP,HT_DCPHASE,MIN,VAR,COS,TAN,PLUS_DM,SIN
4938,min,-1.0,-44.46421468297831,52.1928,0.0043029143994317565,-0.9998968909664342,-13.760689531559526,1.2774550981378534,-0.9998866493564474
4938,max,2.0,357.81088766610446,9.140799999999999,7.703164385599848,1.999313229682585,80.17108768005481,4.581499519564844,1.9734764098234285
