stock,minmax,BOP,HT_DCPHASE,MIN,VAR,COS,TAN,PLUS_DM,SIN
4945,min,-1.0,-39.944995610987235,54.4225,0.00703875200724724,-0.9946542605726251,-89.73667111034953,3.6918697129705196,-0.9999379145764572
4945,max,0.87999829482479,314.29496579786667,72.9252,15.444444205603304,0.9994902094919824,47.97297262756334,17.56578664201832,0.9994237745154695
