stock,minmax,BOP,HT_DCPHASE,MIN,VAR,COS,TAN,PLUS_DM,SIN
4945,min,-1.0,-39.944995610987235,54.4225,0.00703875200724724,-0.9946542605726251,-89.73667111034953,3.6918697129705196,-0.9999379145764572
4945,max,1.87999829482479,354.2399614088539,18.502700000000004,15.437405453596057,1.9941444700646076,137.70964373791287,13.873916929047802,1.9993616890919266
