stock,minmax,BOP,HT_DCPHASE,MIN,VAR,COS,TAN,PLUS_DM,SIN
4953,min,-1.0,-43.25419980320669,64.2567,0.012634470413104282,-0.9996676198463162,-31.385963821546,2.691531496541422,-0.9981384085787677
4953,max,2.0,348.24232982934825,11.909300000000002,6.3493842872012465,1.9926355867654775,47.75170954490536,10.58856473800941,1.9976312210526999
