stock,minmax,BOP,HT_DCPHASE,MIN,VAR,COS,TAN,PLUS_DM,SIN
4958,min,-1.0,-39.76275909178685,80.0678,0.20128064558775804,-0.9998296639191633,-261.5005215119482,4.656280399962779,-0.9968508016547291
4958,max,2.0,350.39951614354686,22.2042,17.337483603987494,1.9977341293338569,288.253772330292,13.340372722821488,1.996843489925122
