stock,minmax,BOP,HT_DCPHASE,MIN,VAR,COS,TAN,PLUS_DM,SIN
4966,min,-1.0,-42.94752969830279,808.29,102.37445510458201,-0.988816921882724,-7.203325044465933,72.90550168733928,-0.9964381051556884
4966,max,2.0,348.28614194710985,705.7819,9416.036252081394,1.9760922387833437,19.01963446976947,197.1600690262187,1.990094712882899
