stock,minmax,BOP,HT_DCPHASE,MIN,VAR,COS,TAN,PLUS_DM,SIN
4966,min,-1.0,-42.94752969830279,808.29,102.37445510458201,-0.988816921882724,-7.203325044465933,72.90550168733928,-0.9964381051556884
4966,max,1.0,305.33861224880707,1514.0719,9518.410707185976,0.9872753169006196,11.816309425303537,270.065570713558,0.9936566077272104
