stock,minmax,BOP,HT_DCPHASE,MIN,VAR,COS,TAN,PLUS_DM,SIN
5009,min,-1.0,-39.311205161205066,19.7418,0.00701074799962953,-0.9990984499220914,-201.81070085908553,1.351683107159583,-0.9999877235266446
5009,max,1.0,301.5055592405305,26.2615,4.378259817599428,0.9994667497285686,11.539232840510573,7.398696775560006,0.9998910370952643
