stock,minmax,BOP,HT_DCPHASE,MIN,VAR,COS,TAN,PLUS_DM,SIN
5009,min,-1.0,-39.30948119862671,20.7309,0.007728389601993513,-0.9997521202428721,-17.11484772845616,1.4194199399080634,-0.9999057421597874
5009,max,2.0,340.8156649023015,6.846300000000003,4.820267760799766,1.9986731056296474,89.9423736720848,6.350100622017182,1.998203138059487
