stock,minmax,BOP,HT_DCPHASE,MIN,VAR,COS,TAN,PLUS_DM,SIN
5220,min,-1.0,-36.08718496783899,26.273,0.0012370400010013327,-0.9996264526975638,-11.536879913619904,0.5014758113781757,-0.9962672340485059
5220,max,2.0,346.65346421810113,4.5748999999999995,0.7251609199998938,1.9996251298883418,144.20337370247802,2.7948554188141417,1.9962388268114446
