stock,minmax,BOP,HT_DCPHASE,MIN,VAR,COS,TAN,PLUS_DM,SIN
5220,min,-1.0,-36.0873476542107,25.3973,0.0011564303996465242,-0.9995776101400435,-59.983198178967086,0.4847168110674028,-0.9998610622531279
5220,max,1.0,310.56449100178145,29.8197,0.6788067295990459,0.9652079688248439,39.31483305845508,3.1865018280435526,0.9990868896699686
