stock,minmax,BOP,HT_DCPHASE,MIN,VAR,COS,TAN,PLUS_DM,SIN
5222,min,-1.0,-36.62946381023187,103.1916,0.27528910237015225,-0.9975319517343362,-18.6202421292644,7.42172588868252,-0.999631754448541
5222,max,1.0,305.5351635606601,127.4861,46.3749238935452,0.9999435994471316,36.83801976632161,31.27743414140128,0.9985609988429506
