stock,minmax,BOP,HT_DCPHASE,MIN,VAR,COS,TAN,PLUS_DM,SIN
5234,min,-1.0,-38.38823869516273,63.3023,0.12481648637640319,-0.9985159531274214,-27.341645945838536,3.055919634928284,-0.9993318326468115
5234,max,2.0,347.80553003790214,36.3993,16.047757579196514,1.9982835103823147,60.313054911708576,8.026281735573418,1.9988722162663546
