stock,minmax,BOP,HT_DCPHASE,MIN,VAR,COS,TAN,PLUS_DM,SIN
5234,min,-1.0,-38.388221271966586,61.5367,0.11793222639698797,-0.9996627397810228,-5.82951565040499,2.9706730357621574,-0.9953158926245812
5234,max,1.0,309.4179417376934,96.9208,15.282926778399087,0.9998447649039766,10.29536354517162,10.772976342309864,0.990480630846351
