stock,minmax,BOP,HT_DCPHASE,MIN,VAR,COS,TAN,PLUS_DM,SIN
5243,min,-1.0,-40.8621118214088,53.1269,0.05623652639678767,-0.9990950671425618,-13.916099816760308,4.040709497218097,-0.9993709545102116
5243,max,1.8888372093023285,353.35358428911684,9.937400000000004,12.994902819199524,1.9960959401924274,55.812107669985465,8.98043789476932,1.999086220594031
