stock,minmax,BOP,HT_DCPHASE,MIN,VAR,COS,TAN,PLUS_DM,SIN
5243,min,-1.0,-40.8621118214088,53.1269,0.05623652639678767,-0.9990950671425618,-13.916099816760308,4.040709497218097,-0.9993709545102116
5243,max,0.8888372093023285,312.49147246770804,63.0643,13.051139345596312,0.9970008730498655,41.89600785322516,13.021147391987418,0.9997152660838193
