stock,minmax,BOP,HT_DCPHASE,MIN,VAR,COS,TAN,PLUS_DM,SIN
5269,min,-1.0,-37.272133445724194,865.4162,29.94085114565678,-0.9998736209038618,-18.808374323683825,85.5818220886352,-0.9985895817355698
5269,max,1.8749990163702235,348.62826313409505,688.1401,8785.203733418137,1.9998736208809262,37.62155524402884,285.8425044076396,1.9971798825541172
