stock,minmax,BOP,HT_DCPHASE,MIN,VAR,COS,TAN,PLUS_DM,SIN
5269,min,-1.0,-37.27213388861253,855.7536,29.276070776977576,-0.9998301731081732,-3.270437303682387,84.62667934796654,-0.9998446108102228
5269,max,0.8749999999999992,311.3561286558534,1536.2098,8619.392183928518,0.9998523546866467,56.71840155030388,367.57426330298654,0.999841457845618
