stock,minmax,BOP,HT_DCPHASE,MIN,VAR,COS,TAN,PLUS_DM,SIN
5289,min,-1.0,-41.43126051419205,135.4036,0.24199509761456284,-0.997338530402586,-145.22650581298498,3.122069689997546,-0.9985512860660655
5289,max,2.0,335.46503230595846,34.5891,31.24459210003988,1.99685531876623,166.56518000481276,17.951206101161766,1.9985275798201956
