stock,minmax,BOP,HT_DCPHASE,MIN,VAR,COS,TAN,PLUS_DM,SIN
5306,min,-1.0,-42.99907229952544,136.8894,0.19842744635752751,-0.9944072750880877,-42.47013433557464,3.0554748497998663,-0.9997659432520307
5306,max,2.0,357.1746672883088,32.464200000000005,32.171878011216904,1.9912211669754378,88.6814327607708,13.645049233957097,1.9994888523941645
