stock,minmax,BOP,HT_DCPHASE,MIN,VAR,COS,TAN,PLUS_DM,SIN
5306,min,-1.0,-42.99908423955776,136.3125,0.19677239446536987,-0.9999334146400634,-4.906531141729367,3.044922700319074,-0.9980692453929977
5306,max,1.0,314.1757326104322,168.6399,32.09773685847176,0.9998741167111004,16.06911156316077,16.63002773786792,0.9911342318585349
