stock,minmax,BOP,HT_DCPHASE,MIN,VAR,COS,TAN,PLUS_DM,SIN
5306,min,-1.0,-42.998313618438715,135.6447,0.19483224000941846,-0.9938186224526608,-103.79301444932598,3.029995925435479,-0.9999535908600633
5306,max,1.0,314.17589335321713,167.8137,31.783589401617064,0.9924140055522103,21.83164006134901,16.548592384659905,0.9989525952502984
