stock,minmax,BOP,HT_DCPHASE,MIN,VAR,COS,TAN,PLUS_DM,SIN
5309,min,-1.0,-40.353491536899924,34.789,0.04705960000228515,-0.9997097174046569,-64.07056934851178,3.624018602184818,-0.9997753058721393
5309,max,1.8636363636363646,347.3735193404334,3.7239000000000004,5.261294254400809,1.9995251756236634,100.03145948143833,7.026792280708521,1.9996535265646562
