stock,minmax,BOP,HT_DCPHASE,MIN,VAR,COS,TAN,PLUS_DM,SIN
5309,min,-1.0,-40.353491536899924,34.789,0.04705960000228515,-0.9997097174046569,-64.07056934851178,3.624018602184818,-0.9997753058721393
5309,max,0.8636363636363645,307.0200278035335,38.5129,5.308353854403094,0.9998154582190066,35.960890132926565,10.650810882893339,0.9998782206925171
