stock,minmax,BOP,HT_DCPHASE,MIN,VAR,COS,TAN,PLUS_DM,SIN
5340,min,-1.0,-40.74719938316173,26.8,0.0023999999993975507,-0.9997039456950855,-205.3460027731648,0.6228476401476679,-0.999988142591743
5340,max,2.0,349.2858364199417,4.550000000000001,7.05719999999792,1.9975315786130783,227.48906427752792,7.991231378718748,1.9999000026990101
