stock,minmax,BOP,HT_DCPHASE,MIN,VAR,COS,TAN,PLUS_DM,SIN
5340,min,-1.0,-40.74719938316173,26.8,0.0023999999993975507,-0.9997039456950855,-205.3460027731648,0.6228476401476679,-0.999988142591743
5340,max,1.0,308.53863703677996,31.35,7.059599999997317,0.9978276329179927,22.143061504363118,8.614079018866416,0.9999118601072672
