stock,minmax,BOP,HT_DCPHASE,MIN,VAR,COS,TAN,PLUS_DM,SIN
5347,min,-1.0,-42.111495505770506,59.8433,0.14798880799935432,-0.9999504566175477,-15.835554511677378,4.1956958678626455,-0.9934734188930033
5347,max,0.9761950895452158,313.97930746421207,98.9201,12.876210901599734,0.9940070280999562,14.402734353651123,14.210856444278862,0.9980120433432025
