stock,minmax,BOP,HT_DCPHASE,MIN,VAR,COS,TAN,PLUS_DM,SIN
5347,min,-1.0,-42.111013751424366,58.8661,0.14321088798897108,-0.9998969791690787,-26.99175639950212,4.127200850473866,-0.9997134027594013
5347,max,0.9761938261530251,313.97903530543823,97.3049,12.458889997595179,0.9999997210491419,41.759533025987814,13.979016462549943,0.9958081392039788
