stock,minmax,BOP,HT_DCPHASE,MIN,VAR,COS,TAN,PLUS_DM,SIN
5388,min,-0.9807736563526444,-34.50919907118168,62.0817,0.06555852159544884,-0.9999799590802689,-55.37125874665803,4.944376381560403,-0.9998959274561792
5388,max,0.9375016998014638,308.9546727677568,78.5929,43.765193813589576,0.9999503834635872,257.026663024825,23.44007736582289,0.9999924315191178
