stock,minmax,BOP,HT_DCPHASE,MIN,VAR,COS,TAN,PLUS_DM,SIN
5425,min,-0.9824554563530735,-42.88518292551464,54.8083,0.14127783839921904,-0.9999855871289642,-15.929413005662994,6.412260643042512,-0.9995581745915191
5425,max,1.0,308.22327261081386,70.1978,58.26008597439795,0.9998122851039986,33.62913599449377,19.999410396991454,0.9985070932265594
