stock,minmax,BOP,HT_DCPHASE,MIN,VAR,COS,TAN,PLUS_DM,SIN
5434,min,-1.0,-43.17966020340447,123.4854,0.031869390440988354,-0.999713677132503,-46.5098067224022,4.316453234233277,-0.9997327546724264
5434,max,2.0,347.12230327743157,24.697100000000006,16.104628235196287,1.9993897764911233,54.079587331579035,14.20923305341478,1.9995016916815866
