stock,minmax,BOP,HT_DCPHASE,MIN,VAR,COS,TAN,PLUS_DM,SIN
5457,min,-1.0,-38.562081634734454,44.309,0.007980366392985161,-0.9973965071549544,-11.164835698880951,4.016460681927647,-0.9999550070001225
5457,max,1.0,308.5363880997246,49.4146,9.956494746394128,0.9999583014282465,105.41389761767178,13.36686923479305,0.9986855312162127
