stock,minmax,BOP,HT_DCPHASE,MIN,VAR,COS,TAN,PLUS_DM,SIN
5483,min,-0.9091037175693872,-39.33066903637177,120.1438,0.2448033343644056,-0.9999998592379468,-8.590193872059533,8.828534805066552,-0.9989490249556174
5483,max,1.8502763577027497,352.6757105137507,29.810100000000006,42.237108489607635,1.9998719987138731,30.384661538918028,17.01623611337037,1.9897156053557885
