stock,minmax,BOP,HT_DCPHASE,MIN,VAR,COS,TAN,PLUS_DM,SIN
5609,min,-1.0,-37.90576538732353,53.0513,0.07093229359725228,-0.9999910491950688,-4.819857299931128,2.7716460654708905,-0.9885718488411046
5609,max,2.0,350.4229342957891,20.2688,20.810060183999667,1.9999017019601704,39.96050158545222,10.683202891225182,1.9881671919951558
