stock,minmax,BOP,HT_DCPHASE,MIN,VAR,COS,TAN,PLUS_DM,SIN
5871,min,-0.9374982525791923,-43.72396147451468,159.5473,0.43169830565238954,-0.9994591000467965,-1014.5209859079916,10.956906292294331,-0.9995472388536218
5871,max,1.0,308.08067138847025,194.3576,124.5225292840696,0.9972831871734357,18.654348570824325,29.135798734578188,0.9999995142110658
