stock,minmax,BOP,HT_DCPHASE,MIN,VAR,COS,TAN,PLUS_DM,SIN
5880,min,-1.0,-44.012322504444285,22.0879,0.0026090783998142797,-0.9953232308074685,-16.687058176320576,0.6244957308965549,-0.9996123557657013
5880,max,2.0,352.85454844394957,2.3226999999999975,0.4211511496006324,1.989438412564093,52.5909928786529,2.7494679061572986,1.9969005044785297
