stock,minmax,BOP,HT_DCPHASE,MIN,VAR,COS,TAN,PLUS_DM,SIN
6121,min,-1.0,-43.92436005748385,187.4796,0.09721924004406901,-0.9999426721588864,-1011.596332642365,4.182021440382791,-0.9976004480829757
6121,max,1.0,304.77225898549483,237.76,238.6381947895934,0.999418636195269,14.409112984238925,52.88518785021349,0.9999995113980525
