stock,minmax,BOP,HT_DCPHASE,MIN,VAR,COS,TAN,PLUS_DM,SIN
6138,min,-1.0,-41.99848893637784,107.9708,1.0448417159441306,-0.9962932603146453,-67.4065666206869,7.088287734485095,-0.9998899743581021
6138,max,0.8750055086301838,307.1381480228848,167.6346,152.5377375103708,0.9999147296585961,66.18958800851529,46.33661947069878,0.9998170316254211
