stock,minmax,BOP,HT_DCPHASE,MIN,VAR,COS,TAN,PLUS_DM,SIN
6147,min,-1.0,-33.04995131754407,43.1141,0.016458549594972283,-0.9996142964008282,-16.722494458290726,0.7284582383824911,-0.9998143115891305
6147,max,1.0,313.34975576565216,52.7476,4.187544433594212,0.9998517817756254,51.883840224938666,5.102128853956997,0.9975444578438312
