stock,minmax,BOP,HT_DCPHASE,MIN,VAR,COS,TAN,PLUS_DM,SIN
6176,min,-1.0,-42.70244292362605,71.694,0.02576667041739711,-0.9897784203933371,-19.076478152193598,0.9128242059618018,-0.9986288667052393
6176,max,1.0,311.3628844827216,81.4693,6.32395527841436,0.9997978210066255,9.172047122863056,10.33256586663902,0.9932192203400714
