stock,minmax,BOP,HT_DCPHASE,MIN,VAR,COS,TAN,PLUS_DM,SIN
6182,min,-1.0,-42.786782328187996,39.9223,0.05916584641272493,-0.999719757649216,-5020.671600425401,2.249908600199399,-0.9999999801643534
6182,max,2.0,354.66165435445885,22.8654,9.612569899196387,1.999255651212434,5057.601877534376,6.918822286111174,1.997365284327616
