stock,minmax,BOP,HT_DCPHASE,MIN,VAR,COS,TAN,PLUS_DM,SIN
6182,min,-1.0,-42.78658907731062,39.2376,0.05714395840095676,-0.9998502809336611,-36.71706385718319,2.2114171739122814,-0.9996293256030245
6182,max,1.0,311.87507621878683,61.7108,9.342857918401023,0.99999529441382,34.37095141347599,9.011518461352196,0.9994781364763216
