stock,minmax,BOP,HT_DCPHASE,MIN,VAR,COS,TAN,PLUS_DM,SIN
6187,min,-1.0,-40.34804587332695,67.6751,0.3036219735404302,-0.9999666341710731,-812.0755346552152,5.255667410299052,-0.9999992418124356
6187,max,2.0,354.02141096264944,48.77719999999999,31.780926724790334,1.9995788418032854,824.6792320172359,15.974957468520822,1.9998620404634613
