stock,minmax,BOP,HT_DCPHASE,MIN,VAR,COS,TAN,PLUS_DM,SIN
6196,min,-1.0,-42.030076049723846,90.5354,0.20583869040274294,-0.9999380824125114,-15.035325373878262,5.305045185708038,-0.9980441429895331
6196,max,1.0,309.12821945827534,128.2585,20.43640773439438,0.9999982343726246,15.965357961488348,21.218720381238047,0.9977955187884173
