stock,minmax,BOP,HT_DCPHASE,MIN,VAR,COS,TAN,PLUS_DM,SIN
6206,min,-1.0,-40.33970339034954,62.0194,0.06432127439711621,-0.9999998830363811,-26.100521745616835,3.484693433336271,-0.9991885751401319
6206,max,2.0,353.06491428842094,13.699199999999998,20.03126261919988,1.9992280907316564,47.20760841284043,17.179580711887173,1.9984554234896832
