stock,minmax,BOP,HT_DCPHASE,MIN,VAR,COS,TAN,PLUS_DM,SIN
6213,min,-1.0,-43.71186606624508,57.9791,0.10980023040428932,-0.999938739605447,-43.38896551618573,2.843573176505374,-0.9997345159473201
6213,max,1.0,314.8837401464392,100.5194,18.52730094960134,0.9999778114847181,18.731735907401465,9.58973321260395,0.9991569392901147
