stock,minmax,BOP,HT_DCPHASE,MIN,VAR,COS,TAN,PLUS_DM,SIN
6217,min,-0.9718267046363541,-38.293014870224965,42.9174,0.10541346159743625,-0.9996125038708975,-59.7986900250388,4.324401604993372,-0.9999396530737291
6217,max,1.945492036136323,350.9580887288735,12.5351,12.16499886239535,1.9991724480208806,150.81888636089928,9.15687313772952,1.9997998568026298
