stock,minmax,BOP,HT_DCPHASE,MIN,VAR,COS,TAN,PLUS_DM,SIN
6217,min,-0.9718157966745548,-38.29321816066329,42.6573,0.10412500000256841,-0.9995295556726953,-44.74878828040661,4.297757357400439,-0.9997503998620868
6217,max,0.9736850019548289,312.6647706807474,55.1165,12.121896506402209,0.9997520835739334,63.03015299630406,13.363026594269874,0.9998741679408887
