stock,minmax,BOP,HT_DCPHASE,MIN,VAR,COS,TAN,PLUS_DM,SIN
6223,min,-1.0,-36.618441420200156,69.3279,0.3573247103986432,-0.9999603806026354,-16.55904065162259,4.9034081248795545,-0.9981814981240497
6223,max,0.9444444444444408,312.77431653639644,87.155,22.290961677600535,0.9960159122546033,14.594364842867323,16.281983783649153,0.9970373736517775
