stock,minmax,BOP,HT_DCPHASE,MIN,VAR,COS,TAN,PLUS_DM,SIN
6239,min,-1.0,-39.22436925114948,71.5478,0.010799366418723366,-0.9997490936005758,-16.908614989899863,1.502002286065952,-0.9996378760475975
6239,max,2.0,353.9650918985732,9.701400000000007,11.816946123210982,1.999735000928563,54.056868446141365,6.698920126355713,1.9967592569670496
