stock,minmax,BOP,HT_DCPHASE,MIN,VAR,COS,TAN,PLUS_DM,SIN
6245,min,-1.0,-38.56407479852362,44.3189,0.022444626399874323,-0.9985301909055577,-27.352648905981617,2.7353020763795577,-0.9993323695586676
6245,max,1.7674412393162395,334.7648303729968,12.276899999999998,14.044297523196974,1.9974196727020952,50.34565713763091,13.477253035445546,1.998387954628277
