stock,minmax,BOP,HT_DCPHASE,MIN,VAR,COS,TAN,PLUS_DM,SIN
6245,min,-1.0,-38.56407479852362,44.3189,0.022444626399874323,-0.9985301909055577,-27.352648905981617,2.7353020763795577,-0.9993323695586676
6245,max,0.7674412393162394,296.2007555744732,56.5958,14.066742149596848,0.9988894817965374,22.993008231649295,16.212555111825104,0.9990555850696095
