stock,minmax,BOP,HT_DCPHASE,MIN,VAR,COS,TAN,PLUS_DM,SIN
6251,min,-1.0,-44.42138224001678,17.95,7.389644451905042e-13,-0.9687517578808653,-96.56733810408618,0.8542760973917977,-0.9999463864509881
6251,max,1.0,313.2300281626789,21.6923,2.519277524000188,0.9987723565872102,49.12783631851526,4.769385754732056,0.9998261357172602
