stock,minmax,BOP,HT_DCPHASE,MIN,VAR,COS,TAN,PLUS_DM,SIN
6269,min,-1.0,-44.360438609232006,68.9753,0.02932313761084515,-0.9993834847003987,-2737.519167696028,1.7827362457100033,-0.9999462046454084
6269,max,2.0,356.99867995282153,11.49839999999999,16.884755780802152,1.996145832198959,2751.8596394462747,7.588287952676454,1.999946137925472
