stock,minmax,BOP,HT_DCPHASE,MIN,VAR,COS,TAN,PLUS_DM,SIN
6274,min,-1.0,-42.93682096648354,46.7977,0.02512046161245962,-0.9976359241151131,-26.573398895436295,1.9452122527469866,-0.9998167965133512
6274,max,2.0,357.2407014003338,21.801300000000005,10.52724352479754,1.9975388720936091,89.66199234538409,9.973434985219352,1.9996911974247833
