stock,minmax,BOP,HT_DCPHASE,MIN,VAR,COS,TAN,PLUS_DM,SIN
6278,min,-1.0,-40.18197717704936,62.6345,0.11194310959763243,-0.9995906747298547,-84.06723420111209,2.775916813648726,-0.9997658199293288
6278,max,1.0,314.44101864660945,90.3063,53.98303349039816,0.9999639516194874,46.19912477071236,19.743067783120722,0.9999292591294503
