stock,minmax,BOP,HT_DCPHASE,MIN,VAR,COS,TAN,PLUS_DM,SIN
6279,min,-1.0,-40.445636689053345,95.5393,0.4865301016088779,-0.9999002051592597,-78.56939313153535,6.692715295127812,-0.9958486189621815
6279,max,1.0,314.1492620011575,135.6192,79.00763891765746,0.9992332643279942,10.940400680560957,32.244900968603616,0.9999190139072043
