stock,minmax,BOP,HT_DCPHASE,MIN,VAR,COS,TAN,PLUS_DM,SIN
6279,min,-1.0,-40.445636689053345,95.5393,0.4865301016088779,-0.9999002051592597,-78.56939313153535,6.692715295127812,-0.9958486189621815
6279,max,2.0,354.59489869021087,40.07990000000001,78.52110881604858,1.999133469487254,89.5097938120963,25.552185673475805,1.9957676328693856
