stock,minmax,BOP,HT_DCPHASE,MIN,VAR,COS,TAN,PLUS_DM,SIN
6284,min,-1.0,-42.947442867194354,39.5222,0.04179911039682338,-0.9998022043723283,-91.62289401529189,2.711609499132377,-0.999940444318972
6284,max,1.0,313.94657973526,49.3913,6.583613278397479,0.9902463293483792,15.703679673906189,11.558196628765021,0.9979786162042811
