stock,minmax,BOP,HT_DCPHASE,MIN,VAR,COS,TAN,PLUS_DM,SIN
6284,min,-1.0,-42.947315333074016,40.3288,0.043531522394914646,-0.9999942546204413,-85.9912781776418,2.766941583690435,-0.9999323890327165
6284,max,2.0,356.8937742001147,10.0704,6.811482695198265,1.9994387870942507,94.42801560429697,9.027131137110047,1.999696811713497
