stock,minmax,BOP,HT_DCPHASE,MIN,VAR,COS,TAN,PLUS_DM,SIN
6285,min,-1.0,-36.07947122590929,54.6187,0.0144148400040649,-0.9999484457965071,-48.435091656759,3.068202767018171,-0.9999641175852125
6285,max,1.0,314.1162227504826,65.6216,20.200466639998922,0.999612299349353,118.04089213861049,13.376894245688508,0.9994416033427571
