stock,minmax,BOP,HT_DCPHASE,MIN,VAR,COS,TAN,PLUS_DM,SIN
6290,min,-1.0,-37.809278042657354,46.0595,0.038092809599220345,-0.9999941350734924,-51.46413639010332,2.3761119647309203,-0.9998112714225472
6290,max,2.0,347.0828786339046,3.349800000000002,6.0974552120001135,1.9998196230415333,64.1489952263336,6.900045583474057,1.9961650972921134
