stock,minmax,BOP,HT_DCPHASE,MIN,VAR,COS,TAN,PLUS_DM,SIN
6409,min,-1.0,-44.84448382267942,1137.0135,23.148923627100885,-0.9999462703642902,-201.80316199067178,103.62435385812614,-0.9999877226094068
6409,max,1.0,310.2955325170634,1316.2937,8737.822513298132,0.9999998455785134,164.83071409852738,389.9303311760017,0.9999815972919777
