stock,minmax,BOP,HT_DCPHASE,MIN,VAR,COS,TAN,PLUS_DM,SIN
6411,min,-1.0,-42.790994777391234,93.2872,0.24138270005278173,-0.9996806846234351,-56.42887508002037,5.565700527583417,-0.9998430125476736
6411,max,2.0,356.97767047101615,55.3712,77.50229493839652,1.9996304764623845,66.14633789531912,20.167773893796017,1.9945897211733334
