stock,minmax,BOP,HT_DCPHASE,MIN,VAR,COS,TAN,PLUS_DM,SIN
6415,min,-0.9411768919622358,-39.16592150305769,512.4122,1.9208528101444244e-09,-0.9986110690238117,-20.117430904390677,77.97872551897075,-0.9990860126747502
6415,max,1.0,313.4073381417994,678.7415,2946.224603855284,0.9999940329125915,23.3731395481841,199.99850445158293,0.9987668353851444
