stock,minmax,BOP,HT_DCPHASE,MIN,VAR,COS,TAN,PLUS_DM,SIN
6415,min,-0.9411768919622358,-39.165921503057575,512.4122,1.9208528101444244e-09,-0.9986110690238117,-20.117430904390673,77.97872551897075,-0.9990860126747502
6415,max,1.9411768919622356,352.573259644857,166.3293,2946.224603853363,1.9986051019364033,43.49057045257477,122.01977893261218,1.9978528480598947
