stock,minmax,BOP,HT_DCPHASE,MIN,VAR,COS,TAN,PLUS_DM,SIN
6443,min,-1.0,-43.56737623444474,29.116,0.03147743440013073,-0.9981831202181247,-36.262394097947535,2.1981858535984102,-0.9998749373292225
6443,max,1.863678416134703,358.0560432892064,8.4861,3.995982135999384,1.9980807075400941,99.48616775726036,7.419473365655259,1.999410545327776
