stock,minmax,BOP,HT_DCPHASE,MIN,VAR,COS,TAN,PLUS_DM,SIN
6443,min,-1.0,-43.567415850795555,28.6387,0.030460698400929687,-0.9995289300267097,-14.453536762253343,2.1620621333107053,-0.9999869908282102
6443,max,0.8636662904439446,314.48769279599793,36.9857,3.8964167864000956,0.9999947947375655,196.04507675933831,9.459811375186842,0.9996212699230891
