stock,minmax,BOP,HT_DCPHASE,MIN,VAR,COS,TAN,PLUS_DM,SIN
6446,min,-1.0,-42.26922085379465,275.8911,8.280959885640186,-0.991983830583843,-45.933307725872204,29.245397521960196,-0.9997912341680856
6446,max,1.9565205859730697,354.3655502935675,219.8277,866.2952943481359,1.9919063575174465,94.8646674495771,121.3920455779157,1.999554336810394
