stock,minmax,BOP,HT_DCPHASE,MIN,VAR,COS,TAN,PLUS_DM,SIN
6446,min,-1.0,-42.26922085379465,275.8911,8.280959885640186,-0.991983830583843,-45.933307725872204,29.245397521960196,-0.9997912341680856
6446,max,0.9565205859730697,312.09632943977283,495.7188,874.5762542337761,0.9999225269336035,48.93135972370489,150.6374430998759,0.9997631026423085
