stock,minmax,BOP,HT_DCPHASE,MIN,VAR,COS,TAN,PLUS_DM,SIN
6469,min,-1.0,-38.025047614069194,145.3255,0.7007278583441803,-0.9998897685277903,-32.7211066032541,15.39165064428632,-0.9995333299305593
6469,max,1.977270929615024,349.51915627283597,48.56739999999999,201.2760610616424,1.9997510070083706,72.67550900760666,45.95605556599032,1.999220263325467
