stock,minmax,BOP,HT_DCPHASE,MIN,VAR,COS,TAN,PLUS_DM,SIN
6488,min,-1.0,-42.69292548901467,381.8952,8.080088558665011,-0.9999930363917386,-601.8448456270181,20.276137643070985,-0.999738788785724
6488,max,2.0,346.00429245798136,186.0274,1074.6624243993429,1.998379789018955,634.9244530755443,100.34851404029479,1.9997374084014143
