stock,minmax,BOP,HT_DCPHASE,MIN,VAR,COS,TAN,PLUS_DM,SIN
6491,min,-1.0,-42.99420681818765,342.4217,0.9152328745112754,-0.9999882499887894,-37.67486120446753,25.880629530410125,-0.999647923305874
6491,max,1.0,313.14994342643024,399.875,514.3322471161664,0.9988325431178694,13.905050089315534,77.72968099677556,0.9911759353694082
