stock,minmax,BOP,HT_DCPHASE,MIN,VAR,COS,TAN,PLUS_DM,SIN
6505,min,-1.0,-36.58184955272918,78.4165,0.07905090959866357,-0.999005003114869,-34.01846965757385,2.299878467822167,-0.9999384181217277
6505,max,0.9230398457583465,309.8198465304262,86.2908,6.89176137200684,0.997387081594891,90.10283948643111,8.295050051169273,0.9963209815972529
