stock,minmax,BOP,HT_DCPHASE,MIN,VAR,COS,TAN,PLUS_DM,SIN
6505,min,-1.0,-36.581580436322724,80.8785,0.08409442800621036,-0.9997818755043059,-29.92058305011029,2.3720921749775186,-0.9989011802791933
6505,max,1.9230409721140387,346.4017203970088,8.1216,7.247184974395168,1.999756711059955,51.2345182691957,6.183605763550608,1.9983431390967792
