stock,minmax,BOP,HT_DCPHASE,MIN,VAR,COS,TAN,PLUS_DM,SIN
6509,min,-1.0,-37.60958395311752,33.9667,0.011761411996985771,-0.9999142551216238,-26.448147050533347,2.8382665714774786,-0.9991846575587529
6509,max,2.0,351.8008833736933,16.5383,7.07745540639894,1.9992519519686969,42.128918512323985,4.5332233525365435,1.9984706313349814
