stock,minmax,BOP,HT_DCPHASE,MIN,VAR,COS,TAN,PLUS_DM,SIN
6514,min,-1.0,-39.80212624658475,49.1634,0.08946045039965611,-0.9978197737711302,-66.03095302195337,5.446608772009424,-0.999885343105118
6514,max,1.9348043642754265,352.2087530211313,6.946999999999996,11.05265228000053,1.997818878142123,95.63696120147328,14.387399335258952,1.9993153903199667
