stock,minmax,BOP,HT_DCPHASE,MIN,VAR,COS,TAN,PLUS_DM,SIN
6515,min,-1.0,-42.67759488649483,299.4709,0.5934468265622854,-0.998282606219612,-20.17654589644236,34.639638090004105,-0.9987740376009818
6515,max,0.9393956559229125,311.9137035677208,359.654,439.1670588615525,0.999038647070202,40.47281873144518,104.01120227123566,0.999694898523534
