stock,minmax,BOP,HT_DCPHASE,MIN,VAR,COS,TAN,PLUS_DM,SIN
6515,min,-1.0,-42.677612741611654,302.8742,0.6069734375341795,-0.9994675910980714,-19.48556933854136,35.033228702278166,-0.9986857228030194
6515,max,1.9393922421572096,354.5913219631863,60.86700000000002,448.5989719040226,1.9994630310579709,151.01154306924704,70.16001735337227,1.998656820787851
