stock,minmax,BOP,HT_DCPHASE,MIN,VAR,COS,TAN,PLUS_DM,SIN
6531,min,-1.0,-42.148487943296914,175.8689,1.902607023868768,-0.9998931350602003,-20.699765415091342,17.94967322655226,-0.9999917464794952
6531,max,1.982756716154118,355.02115118208894,108.82560000000001,266.4302506463937,1.9980763277513687,266.82871402552684,53.78104298938156,1.9990014016273623
