stock,minmax,BOP,HT_DCPHASE,MIN,VAR,COS,TAN,PLUS_DM,SIN
6548,min,-1.0,-42.83923733893312,24.8829,6.821210263296962e-13,-0.9998350006216682,-15.230774045774488,1.2644077404111782,-0.9995757454608534
6548,max,1.0,310.67380194092823,33.2519,1.6006087735995607,0.9956438644326407,51.74572500578226,5.787781337150949,0.9998133192972469
