stock,minmax,BOP,HT_DCPHASE,MIN,VAR,COS,TAN,PLUS_DM,SIN
6548,min,-1.0,-42.83957537742879,25.1522,-2.9558577807620168e-12,-0.9991040550225673,-13.586537676882083,1.2780740822444001,-0.9999999767763661
6548,max,1.0,310.673324005288,33.6117,1.635424858399233,0.999810684083825,4640.020569983157,5.850412161153914,0.9999345918749903
