stock,minmax,BOP,HT_DCPHASE,MIN,VAR,COS,TAN,PLUS_DM,SIN
6561,min,-1.0,-39.24858044422268,223.802,0.04185354246146744,-0.9997949558965813,-7.555367095085517,7.731623104464696,-0.9999764700257668
6561,max,1.0,308.54388590939425,234.2405,85.93149123449984,0.9987666465856688,145.76948252564011,37.44159042311165,0.9913543402696933
