stock,minmax,BOP,HT_DCPHASE,MIN,VAR,COS,TAN,PLUS_DM,SIN
6561,min,-1.0,-39.25044699473017,230.5722,0.04439664234087104,-0.9997207223077826,-239.84433428829044,7.964223241035955,-0.9999913082862592
6561,max,2.0,347.7942540819839,10.754499999999979,91.16476382406108,1.9997052748470572,268.52490367469494,30.610119979022276,1.9993840146786588
