stock,minmax,BOP,HT_DCPHASE,MIN,VAR,COS,TAN,PLUS_DM,SIN
6569,min,-1.0,-43.391526386500914,76.1586,0.015182706407358637,-0.99998980135499,-6.020839918674261,3.4988812433589462,-0.9966142247694357
6569,max,1.0,311.4714406771857,80.2752,14.17411276960047,0.9846234678641007,12.12134854573448,13.97411297400166,0.9826416651152061
