stock,minmax,BOP,HT_DCPHASE,MIN,VAR,COS,TAN,PLUS_DM,SIN
6592,min,-1.0,-41.96278800543291,81.8072,0.020219418407577905,-0.9999605112832726,-20.29885564272403,3.539574403456302,-0.9949739675808889
6592,max,2.0,351.99217662812566,12.78240000000001,10.165574563200607,1.9996788473737084,24.817751337029993,9.056410523653408,1.9937627078721847
