stock,minmax,BOP,HT_DCPHASE,MIN,VAR,COS,TAN,PLUS_DM,SIN
6592,min,-1.0,-41.96193925497471,72.5131,0.015885452001384692,-0.9998706607246024,-13.101404008178807,3.1375775814978257,-0.9886793366255502
6592,max,1.0,310.02919117441,83.8433,8.002740153601735,0.9998916084911804,381.6766294477303,11.164974183220878,0.9999965677680345
