stock,minmax,BOP,HT_DCPHASE,MIN,VAR,COS,TAN,PLUS_DM,SIN
6612,min,-0.9655507601384191,-43.23013592127535,61.9177,0.07236146240393282,-0.9999355409164985,-75.86821531091215,4.56184696343546,-0.9993171327785835
6612,max,1.0,309.4048553307395,72.3704,15.116816930407367,0.9996584120210973,11.176641461541616,19.333101539292457,0.999913145228001
