stock,minmax,BOP,HT_DCPHASE,MIN,VAR,COS,TAN,PLUS_DM,SIN
6643,min,-1.0,-41.558240227819624,161.3697,2.988197912069154,-0.9992095630737243,-121.14103030285246,8.784078576137121,-0.9999659305373693
6643,max,1.0,314.19559913599505,229.0055,443.4126496144818,0.9993081763053658,253.93472001446253,78.66037416898706,0.9999922460895202
