stock,minmax,BOP,HT_DCPHASE,MIN,VAR,COS,TAN,PLUS_DM,SIN
6667,min,-1.0,-36.139741694334475,50.5909,0.04661971197947423,-0.9999386715847481,-63.08380518776031,3.415996551651888,-0.9998823130258876
6667,max,1.0,311.6350498042925,67.6478,6.584348735980257,0.9999926569949685,65.17521433762246,13.399390470297758,0.9998743818475576
