stock,minmax,BOP,HT_DCPHASE,MIN,VAR,COS,TAN,PLUS_DM,SIN
6669,min,-0.9565246385786036,-41.020288866509304,581.2001,12.422568486013915,-0.9999850992276379,-1530.6393925826685,53.564880930133086,-0.9999997865854167
6669,max,0.9090917864449984,308.94086848715193,841.5653,2232.9925243490143,0.9997887565450514,45.406542669918544,156.64159430693107,0.999313594620219
