stock,minmax,BOP,HT_DCPHASE,MIN,VAR,COS,TAN,PLUS_DM,SIN
6669,min,-0.9565246385786036,-41.020288866509304,581.2001,12.422568486013915,-0.9999850992276379,-1530.6393925826685,53.564880930133086,-0.9999997865854167
6669,max,1.865616425023602,349.96115735366124,260.36519999999996,2220.5699558630004,1.9997738557726894,1576.045935252587,103.07671337679798,1.9993133812056356
