stock,minmax,BOP,HT_DCPHASE,MIN,VAR,COS,TAN,PLUS_DM,SIN
6679,min,-1.0,-35.82943671694477,188.4586,5.190027390293835,-0.9967206628489098,-33.794030373800304,12.95035993772179,-0.9982639236744292
6679,max,2.0,349.35748578636856,170.3841,264.2737244760283,1.9967021967133234,339.0079709780409,48.39638251397858,1.998258556350883
