stock,minmax,BOP,HT_DCPHASE,MIN,VAR,COS,TAN,PLUS_DM,SIN
6683,min,-1.0,-41.685458795441264,149.7862,0.46163798647830845,-0.999563919712001,-71.02640820225103,14.320421927696596,-0.9999009018064388
6683,max,2.0,354.777525310167,55.47629999999998,388.0193070671994,1.9993796686068301,96.53521864571447,53.88140822853558,1.9991333823861979
