stock,minmax,BOP,HT_DCPHASE,MIN,VAR,COS,TAN,PLUS_DM,SIN
6698,min,-1.0,-44.307627222901715,26.0,0.006999999996878614,-0.9990978260547261,-46.108695469676505,1.1587569020519404,-0.9997649007954723
6698,max,1.0,309.4265780271272,43.0,4.932399999997642,0.9994195556833366,12.74274589383757,6.119635705943336,0.999547275043892
