stock,minmax,BOP,HT_DCPHASE,MIN,VAR,COS,TAN,PLUS_DM,SIN
6698,min,-1.0,-44.307627222901715,26.0,0.006999999996878614,-0.9990978260547261,-46.108695469676505,1.1587569020519404,-0.9997649007954723
6698,max,2.0,353.73420525002894,17.0,4.925400000000764,1.9985173817380626,58.85144136351408,4.960878803891396,1.9993121758393642
