stock,minmax,BOP,HT_DCPHASE,MIN,VAR,COS,TAN,PLUS_DM,SIN
6732,min,-1.0,-35.59458123107294,221.7574,4.628770903946133,-0.9998934524189756,-133.48414967357664,9.857317488284377,-0.998757962252701
6732,max,2.0,344.3993009058337,126.19340000000003,176.69734020563192,1.9983315886303585,285.4754653587164,43.58092423112441,1.9987363192080132
