stock,minmax,BOP,HT_DCPHASE,MIN,VAR,COS,TAN,PLUS_DM,SIN
6747,min,-1.0,-41.4898730092313,193.7811,0.13044871201418573,-0.9998670309311409,-15.509246123583281,5.315840582331946,-0.9807941410841183
6747,max,2.0,353.30876463745875,17.15289999999999,20.7939481456051,1.999151601845058,26.254533136802447,31.542466042182554,1.978721915364378
