stock,minmax,BOP,HT_DCPHASE,MIN,VAR,COS,TAN,PLUS_DM,SIN
6803,min,-1.0,-44.8493924989524,203.0644,0.10588945436029462,-0.9995437793898282,-32.22908608105941,5.085064808537248,-0.998359409706542
6803,max,1.0,309.28853267782233,221.9701,24.481473018320685,0.9941781575580438,17.43612793068131,19.155451230519464,0.9995189828277632
