stock,minmax,BOP,HT_DCPHASE,MIN,VAR,COS,TAN,PLUS_DM,SIN
6803,min,-1.0,-44.84970380157131,212.8885,0.11636391836509574,-0.9993279613953177,-14.76643241581768,5.332702974042219,-0.9984782605977217
6803,max,2.0,354.13959066498313,19.8202,26.791173439203703,1.995617532556891,32.8722756780824,14.749424527100574,1.996193039818483
