stock,minmax,BOP,HT_DCPHASE,MIN,VAR,COS,TAN,PLUS_DM,SIN
6806,min,-1.0,-43.16596406152735,68.9824,0.02044256561111979,-0.9996949298321739,-24.26557843382565,5.2604564033538335,-0.9998034443497599
6806,max,0.9583585917463303,308.7440280318822,84.3825,54.63459346642048,0.9999437251580305,50.428750344947645,28.098651282616302,0.9783888595198078
