stock,minmax,BOP,HT_DCPHASE,MIN,VAR,COS,TAN,PLUS_DM,SIN
6806,min,-1.0,-43.16636672508025,68.2496,0.02001517599728686,-0.9995872922749366,-37.877624117600774,5.204503994977398,-0.99996615546989
6806,max,0.9583372608162912,308.7440760784484,83.4861,53.47970610559969,0.9999826480704161,121.54293898900274,27.802943153744792,0.9996516806602064
