stock,minmax,BOP,HT_DCPHASE,MIN,VAR,COS,TAN,PLUS_DM,SIN
6829,min,-1.0,-42.58669122703117,61.8503,0.023446159994819027,-0.9998837861797444,-603.1547386508186,3.4556281902872708,-0.9999986256048288
6829,max,0.9000249048279766,314.4648955744019,66.033,5.032522831996175,0.996274419620732,39.61955160597731,13.481630102040814,0.9996816217078993
