stock,minmax,BOP,HT_DCPHASE,MIN,VAR,COS,TAN,PLUS_DM,SIN
8027,min,-1.0,-41.71736988840712,56.5389,0.09769914560820325,-0.9999401633718336,-14.4187513927758,3.7978651047907923,-0.9976036435180451
8027,max,1.0,307.32595230312313,66.0495,9.367252080005528,0.9999522957664876,170.9557964469324,11.263463014560791,0.9999828923168422
