stock,minmax,BOP,HT_DCPHASE,MIN,VAR,COS,TAN,PLUS_DM,SIN
8028,min,-1.0,-34.67933645872364,41.5679,0.1625018175996047,-0.9945511424215393,-21.717237771447675,5.52742573096895,-0.9998879301181192
8028,max,2.0,347.7026875384965,17.207099999999997,21.77245278479677,1.9929705268399474,88.50609907942166,13.477473878593443,1.997753417959583
