stock,minmax,BOP,HT_DCPHASE,MIN,VAR,COS,TAN,PLUS_DM,SIN
8028,min,-1.0,-34.67933645872364,41.5679,0.1625018175996047,-0.9945511424215393,-21.717237771447675,5.52742573096895,-0.9998879301181192
8028,max,1.0,313.02335107977285,58.775,21.934954602396374,0.9984193844184079,66.78886130797399,19.004899609562393,0.9978654878414639
