stock,minmax,BOP,HT_DCPHASE,MIN,VAR,COS,TAN,PLUS_DM,SIN
8044,min,-1.0,-43.7321859864918,55.992,0.0486192144035158,-0.9999279811000211,-29.7189191167609,4.337985798495481,-0.9786399809884193
8044,max,2.0,357.9405653719248,19.655499999999996,12.845167243204742,1.9993923293107185,129.36971681353364,10.247226485419986,1.9785896337509503
