stock,minmax,BOP,HT_DCPHASE,MIN,VAR,COS,TAN,PLUS_DM,SIN
8046,min,-1.0,-44.96961340217035,219.649,7.358728250779677,-0.9977304180821,-28.06742640304755,16.015792592072756,-0.9993659089941339
8046,max,2.0,346.75050333581885,195.86540000000002,576.9358708801738,1.9970430811160094,37.27399703104896,57.645533726970285,1.9935186540069127
