stock,minmax,BOP,HT_DCPHASE,MIN,VAR,COS,TAN,PLUS_DM,SIN
8050,min,-0.9091148438734159,-40.02962466504164,34.2706,0.012962433598431744,-0.9998429182680557,-59.87762581247751,3.896355380805803,-0.9998605719916286
8050,max,0.9512135193425995,296.8900971993387,57.3557,16.77675063759898,0.9996501378987666,37.72584246610843,14.756831163900719,0.996924423752858
