stock,minmax,BOP,HT_DCPHASE,MIN,VAR,COS,TAN,PLUS_DM,SIN
8050,min,-0.909081866109619,-40.02826723683597,36.282,0.014526021601568573,-0.9987778091601234,-199.73775318349428,4.125046268348201,-0.9978124405803961
8050,max,1.8602925729354785,336.92157652656334,24.440000000000005,18.789421748000905,1.998710155472963,255.3528737187603,11.497900549772446,1.9977999079705595
