stock,minmax,BOP,HT_DCPHASE,MIN,VAR,COS,TAN,PLUS_DM,SIN
8069,min,-1.0,-35.50457830481338,121.7443,1.399488337621733,-0.999965466828001,-27.58953666498273,15.875576346989353,-0.9969877529541437
8069,max,2.0,349.57672527832216,59.6691,264.833966375998,1.9967053295840733,80.65941966847467,55.078772067771844,1.9968102694021186
