stock,minmax,BOP,HT_DCPHASE,MIN,VAR,COS,TAN,PLUS_DM,SIN
8069,min,-1.0,-35.50466064484874,119.5965,1.3505864903927431,-0.9995889099074301,-22.981575436764658,15.595512149143985,-0.999981798476281
8069,max,1.0,314.0721197030665,178.213,256.92354165441066,0.9988276859418854,165.73918560405383,69.70260158282565,0.9993715181068898
