stock,minmax,BOP,HT_DCPHASE,MIN,VAR,COS,TAN,PLUS_DM,SIN
8086,min,-1.0,-41.78378819211696,66.1,0.05839999997897394,-0.9990597137251612,-32.268575775934416,3.6536978671170957,-0.999907349085573
8086,max,2.0,348.29901548696773,23.697000000000003,33.624125078407815,1.9989466394350865,105.72503106249735,14.415765466792081,1.9994275076663044
