stock,minmax,BOP,HT_DCPHASE,MIN,VAR,COS,TAN,PLUS_DM,SIN
8086,min,-1.0,-41.78378819211696,66.1,0.05839999997897394,-0.9990597137251612,-32.268575775934416,3.6536978671170957,-0.999907349085573
8086,max,1.0,306.5152272948508,89.797,33.68252507838679,0.9998869257099253,73.45645528656294,18.069463333909177,0.9995201585807313
