stock,minmax,BOP,HT_DCPHASE,MIN,VAR,COS,TAN,PLUS_DM,SIN
8155,min,-1.0,-37.12242543851721,96.6883,1.2463318456393608,-0.9999077047928053,-22.39681607159687,10.793527719875605,-0.9990047121815612
8155,max,2.0,349.0792269074211,52.77459999999999,69.7677142607954,1.999348217821855,41.72376548429307,24.74644792961403,1.9857385384967112
