stock,minmax,BOP,HT_DCPHASE,MIN,VAR,COS,TAN,PLUS_DM,SIN
8183,min,-1.0,-40.68987406883201,48.8639,0.13880961359973298,-0.999761525812459,-21.619677205456142,5.438624143719291,-0.9991283137923815
8183,max,2.0,353.3661604341377,5.188299999999998,21.008797568000773,1.9997380436078425,111.99846727501851,11.559185324320328,1.9990671073573856
