stock,minmax,BOP,HT_DCPHASE,MIN,VAR,COS,TAN,PLUS_DM,SIN
8215,min,-1.0,-43.353897431867495,25.8513,0.009342315998310369,-0.9991375922965632,-55.93140836085997,2.235262961994889,-0.9999526618888931
8215,max,1.9230645161290336,352.07273552723524,3.667200000000001,2.5539061600007926,1.99912929575314,158.7008792141721,3.852237275155694,1.9997928701254926
