stock,minmax,BOP,HT_DCPHASE,MIN,VAR,COS,TAN,PLUS_DM,SIN
8255,min,-1.0,-42.54218584901207,120.8543,1.2349916496241349,-0.9999556171009641,-13.102956861472038,13.607069819975516,-0.9889297783303195
8255,max,2.0,355.15503066218884,66.9878,177.39382315998955,1.9995160101493272,24.885245810711588,33.333527334611674,1.9860301705605843
