stock,minmax,BOP,HT_DCPHASE,MIN,VAR,COS,TAN,PLUS_DM,SIN
8255,min,-1.0,-42.54220307845469,118.0631,1.1785838015894115,-0.999867809533621,-92.90172305391155,13.292926443913757,-0.9999420725076187
8255,max,1.0,312.6128212369915,183.5039,170.47259189360557,0.9999921510302187,70.55154599441215,45.85655385027386,0.9998995635156871
