stock,minmax,BOP,HT_DCPHASE,MIN,VAR,COS,TAN,PLUS_DM,SIN
8279,min,-1.0,-39.1348847330903,106.3364,0.03541924000819563,-0.9952599746528342,-911.1367805352453,6.872208441477629,-0.994319729880611
8279,max,2.0,342.42715825096457,19.927900000000008,62.754479138373426,1.9946082186602538,945.7086796939911,31.435620217357727,1.9943191275950454
