stock,minmax,BOP,HT_DCPHASE,MIN,VAR,COS,TAN,PLUS_DM,SIN
8279,min,-1.0,-39.13483400797202,103.0134,0.03324058238285943,-0.9999760002373888,-9.267317447913065,6.657381586371332,-0.9942284905380847
8279,max,1.0,303.2927761404379,122.3186,58.92648950238436,0.9991105909522017,22.652207632126242,37.11062873939332,0.9990269957857695
