stock,minmax,BOP,HT_DCPHASE,MIN,VAR,COS,TAN,PLUS_DM,SIN
8341,min,-1.0,-23.176064681116827,161.9952,0.2227919224242214,-0.9938051510692771,-1034.6639863721953,4.414952970163629,-0.9999995329417644
8341,max,2.0,336.94945377230954,24.58329999999998,27.807304123147333,1.9845904744548482,1050.5142391888337,28.600062715422577,1.9993765392480214
