stock,minmax,BOP,HT_DCPHASE,MIN,VAR,COS,TAN,PLUS_DM,SIN
8422,min,-1.0,-44.63179267524737,159.9504,0.1268825600054697,-0.9998719378842176,-15.95910513971909,2.9949536625597997,-0.9980426145667
8422,max,2.0,358.8575374485135,18.29310000000001,10.786944533589121,1.99959118408111,22.960078932011253,8.10195068530175,1.9854761173941369
