stock,minmax,BOP,HT_DCPHASE,MIN,VAR,COS,TAN,PLUS_DM,SIN
8431,min,-1.0,-43.0500416405456,51.4615,0.00961846239033548,-0.9997629316373857,-4.176169132618835,2.6067582329064254,-0.9964356485603676
8431,max,2.0,353.7849020155517,12.119900000000001,8.552227044000574,1.9995638757045682,52.09845209464497,6.777902125325964,1.9962180013006738
