stock,minmax,BOP,HT_DCPHASE,MIN,VAR,COS,TAN,PLUS_DM,SIN
8464,min,-1.0,-38.41065587605385,255.7978,0.8806864039943321,-0.9956304913830344,-364.58856672796554,20.9835268815137,-0.9999962384965605
8464,max,2.0,352.7340026492877,27.440200000000004,272.9115056095616,1.9955641375135849,544.0592849515191,24.927047708087454,1.996629603547841
