stock,minmax,BOP,HT_DCPHASE,MIN,VAR,COS,TAN,PLUS_DM,SIN
8924,min,-1.0,-38.03601103731842,84.5702,0.034875225619543926,-0.9995983801732505,-49.95156474117131,4.9965475449483066,-0.9998494249386458
8924,max,2.0,351.0707845432795,22.943299999999994,24.37410980880668,1.9976050674687307,107.56973041643676,9.883025348468811,1.995559442923025
