stock,minmax,BOP,HT_DCPHASE,MIN,VAR,COS,TAN,PLUS_DM,SIN
8938,min,-1.0,-43.147638011497065,62.6459,0.16142904640673805,-0.9979665118951664,-20.966970625608845,4.7655628213363945,-0.9988645749349134
8938,max,0.9666333666333663,313.927688341336,72.1554,9.183947662404535,0.9999992332088545,103.1892637241094,18.517884922160412,0.9999530462386252
