stock,minmax,BOP,HT_DCPHASE,MIN,VAR,COS,TAN,PLUS_DM,SIN
8942,min,-1.0,-43.57308781718922,51.716,0.0028190415991957707,-0.9999282992148019,-80.4556871003902,1.0191377122390408,-0.9999227664152777
8942,max,2.0,353.8021056556127,2.2730999999999995,0.795087096003499,1.9913381347155739,94.40387588576787,3.3503672770745014,1.9987890905879073
