stock,minmax,BOP,HT_DCPHASE,MIN,VAR,COS,TAN,PLUS_DM,SIN
8996,min,-1.0,-43.19140819369238,47.5634,0.06711695039030019,-0.9965595400811027,-34.30883877017622,3.8069726584275916,-0.9968856940261829
8996,max,2.0,354.0499281248209,19.116299999999995,61.26105190799262,1.9936617633444484,50.804091372029575,34.44437189165725,1.9964611904449079
