stock,minmax,BOP,HT_DCPHASE,MIN,VAR,COS,TAN,PLUS_DM,SIN
9802,min,-0.8888909033770875,-42.10973885542876,95.4338,0.25351536240304995,-0.9992372561943941,-291.1822587597034,11.102235518633755,-0.9999992537736685
9802,max,1.8888909033770875,356.06569274086183,49.810199999999995,84.70734317764982,1.9985584685773237,1109.7402907473156,21.44452183369696,1.9977005511734576
