stock,minmax,BOP,HT_DCPHASE,MIN,VAR,COS,TAN,PLUS_DM,SIN
9802,min,-0.8888881997208864,-42.10956742946155,92.9867,0.2406656336006563,-0.9966803829784884,-2.868211908521816,10.817542856772313,-0.9996665658828806
9802,max,1.0,313.9558019583261,141.5198,80.65983615841833,0.9961131910057406,38.71429518578432,31.71230767929411,0.9989512502172092
