stock,minmax,BOP,HT_DCPHASE,MIN,VAR,COS,TAN,PLUS_DM,SIN
9802,min,-0.8888909033770875,-42.10973885542876,95.4338,0.25351536240304995,-0.9992372561943941,-291.1822587597034,11.102235518633755,-0.9999992537736685
9802,max,1.0,313.9559538854331,145.244,84.96085854005287,0.9993212123829296,818.5580319876121,32.546757352330715,0.997701297399789
