stock,minmax,BOP,HT_DCPHASE,MIN,VAR,COS,TAN,PLUS_DM,SIN
9910,min,-0.9374990703693247,-42.34949872127822,129.494,0.192474921583198,-0.9969548669505003,-914.8851417147147,7.264617969750774,-0.9999994026395489
9910,max,1.9374990703693247,355.2973218873621,23.035200000000003,112.21290090480034,1.9964320414987826,968.5798400034861,19.22453272311883,1.997405377619915
