stock,minmax,BOP,HT_DCPHASE,MIN,VAR,COS,TAN,PLUS_DM,SIN
9921,min,-1.0,-41.09408729755842,202.5228,0.45348603846650803,-0.9996858724512396,-46.100077234205585,11.560716463797602,-0.9942194163451032
9921,max,0.8823514308089289,309.2377149313504,228.64,151.6130502280139,0.9997397663155086,23.870982934638466,37.5888148530739,0.9997648129164483
