stock,minmax,BOP,HT_DCPHASE,MIN,VAR,COS,TAN,PLUS_DM,SIN
9921,min,-1.0,-41.09408729755842,202.5228,0.45348603846650803,-0.9996858724512396,-46.100077234205585,11.560716463797602,-0.9942194163451032
9921,max,1.8823514308089289,350.3318022289088,26.117199999999997,151.15956418954738,1.9994256387667484,69.97106016884405,26.028098389276295,1.9939842292615515
