stock,minmax,BOP,HT_DCPHASE,MIN,VAR,COS,TAN,PLUS_DM,SIN
9933,min,-1.0,-41.3989905248917,36.4018,0.023165053599768726,-0.9991304935150095,-51.27771706432731,1.9652277629609414,-0.9998098970806661
9933,max,2.0,345.08608585394063,4.578600000000002,1.3260555168005794,1.9937691063508707,65.29875681695279,3.9709643242736323,1.999492599709101
