stock,minmax,BOP,HT_DCPHASE,MIN,VAR,COS,TAN,PLUS_DM,SIN
9938,min,-1.0,-39.82004798017397,52.1477,0.01810370240445991,-0.9997928589040961,-21.293339262026965,2.440929879661138,-0.9994733260893665
9938,max,1.9444218359397725,353.73459390544724,7.912100000000002,5.378668883201044,1.997000148873104,57.982313314392684,4.279503867047826,1.9991020841999516
