stock,minmax,BOP,HT_DCPHASE,MIN,VAR,COS,TAN,PLUS_DM,SIN
9938,min,-1.0,-39.821707882348164,51.3717,0.01756477839717263,-0.9999983348905792,-13.81944343160339,2.5628928054731004,-0.9935285212929867
9938,max,0.9444641170915933,313.91409359860313,59.166,5.2373981239975365,0.9994099912566103,92.16739110872516,6.642720802465796,0.9999411458524202
