stock,minmax,BOP,HT_DCPHASE,MIN,VAR,COS,TAN,PLUS_DM,SIN
9939,min,-1.0,-41.16352425924072,62.579,0.008134274401527364,-0.9998999508950052,-16.145446804395505,2.464639916398808,-0.9980874071255048
9939,max,0.8749639457744538,302.8397629912553,66.5372,1.9694322975947216,0.9999995597224816,281.73668722087217,5.772549347566187,0.9999937008914351
