stock,minmax,BOP,HT_DCPHASE,MIN,VAR,COS,TAN,PLUS_DM,SIN
9939,min,-1.0,-41.16320845182696,62.8886,0.008213999994040933,-0.9981610933583142,-18.586522678481415,2.4765399950805613,-0.9992340476760181
9939,max,0.8750000000000102,302.83998091386286,66.8664,1.9891041015953306,0.9983903250973757,36.30862358060241,5.7972838912436995,0.9996209439387406
