stock,minmax,BOP,HT_DCPHASE,MIN,VAR,COS,TAN,PLUS_DM,SIN
9941,min,-1.0,-43.174390641367836,135.0737,0.6041915935929865,-0.9998803510393474,-13.515178465367987,6.839874587809621,-0.9878421980740839
9941,max,1.0,314.3091314055421,157.0625,53.27911090957423,0.9998863478377126,10.111878087282136,22.229374751310967,0.9972738629474976
