stock,minmax,BOP,HT_DCPHASE,MIN,VAR,COS,TAN,PLUS_DM,SIN
9941,min,-1.0,-43.1746785908129,140.7796,0.656335951971414,-0.9993359442442459,-48.50132597240621,7.1288064572188095,-0.9999192675804557
9941,max,1.0,314.309434233323,163.6972,57.875766550372646,0.9975672475155775,78.69274964189611,23.168464155667824,0.9997875169248444
