stock,minmax,BOP,HT_DCPHASE,MIN,VAR,COS,TAN,PLUS_DM,SIN
9945,min,-1.0,-44.39497297944098,36.9588,0.017438976000448747,-0.9998230934765734,-10.50339316272179,2.202547766167835,-0.9908087514294169
9945,max,0.9474012798501646,312.5998060847925,48.3567,18.53891517199895,0.9999837387964763,7.324665690258807,9.395391871901296,0.9954983629148957
