stock,minmax,BOP,HT_DCPHASE,MIN,VAR,COS,TAN,PLUS_DM,SIN
9958,min,-1.0,-37.46512512549259,79.4135,0.2329431159851083,-0.999018337633934,-23.741937918621378,6.478429021942386,-0.9988401178517403
9958,max,1.0,314.8423676984611,106.0109,42.39958705358913,0.9999210680755637,129.0871608186216,24.439346853327272,0.9999699956405186
