stock,minmax,BOP,HT_DCPHASE,MIN,VAR,COS,TAN,PLUS_DM,SIN
9958,min,-1.0,-37.46495777007874,80.5388,0.2395737624301546,-0.9999997243977192,-22.473183839166193,6.57022298170378,-0.990357360536407
9958,max,1.0,314.84259673654446,107.5131,43.60935111362778,0.9961134420139122,59.60360588284591,24.784775068148107,0.9998592873111495
