stock,minmax,BOP,SIN,BETA,HT_DCPHASE,COS,ADX,TAN,DEMA
1101,min,-0.9090909090909021,-0.5190392342992808,-1.2346754336301276,-44.2699066610985,-0.9990978260547261,13.895286299628662,-52.41240698578997,30.554777448427796
1101,max,1.0,0.9998180369347757,2.4055617688409554,306.70363516097416,0.9999300673394388,29.963202611534054,33.97736737917125,34.84050543056309
