stock,minmax,BOP,SIN,BETA,HT_DCPHASE,COS,ADX,TAN,DEMA
1102,min,-1.0,-0.999760222616295,-0.8366322799194145,-34.28183891485196,-0.9997774981212408,16.409187431436923,-45.656517503560295,39.13221599257005
1102,max,1.0,0.9996244196245804,2.7728764228171823,312.50218078813845,0.9859708034297764,47.11338153284392,38.90069181369968,44.70443847515397
