stock,minmax,BOP,SIN,BETA,HT_DCPHASE,COS,ADX,TAN,DEMA
1216,min,-0.9285714285714275,-0.9980270105806843,-0.6178758490166045,-28.167772359422543,-0.9989429377773718,12.25826539624435,-17.10537839279797,73.70790182438644
1216,max,1.0,0.9997486820371544,2.3108531899404317,314.14652059093214,0.9999844524022393,43.43806410316118,44.59553365517455,83.9170580048596
