stock,minmax,BOP,SIN,BETA,HT_DCPHASE,COS,ADX,TAN,DEMA
1303,min,-1.0,-0.9997279014338396,-1.2975940640960373,-43.1795044284371,-0.9933228864250724,14.763921856138989,-42.85813152528237,45.59822053580398
1303,max,1.0,0.9989000907450211,2.1795145361734036,311.06593192305775,0.9999902426747183,48.66849564576711,13.277858416458425,55.68299726764444
