stock,minmax,BOP,SIN,BETA,HT_DCPHASE,COS,ADX,TAN,DEMA
1476,min,-1.0,-0.9977952793125009,-1.3652255631052008,-44.70658169824503,-0.9999124594135295,11.591455750631486,-17.352653686610658,476.9975579566109
1476,max,0.96,0.9998089549355428,1.92951259337925,312.6738613700423,0.9974981840751515,31.92469977253294,51.151085754372914,545.3839720793828
