stock,minmax,BOP,SIN,BETA,HT_DCPHASE,COS,ADX,TAN,DEMA
1503,min,-0.9500050520359706,-0.9985167567159233,-1.0401282132645084,-42.95018830661979,-0.9999572544793994,17.66517158447432,-18.339828287831725,217.58063091646167
1503,max,1.0,0.9970407972784281,1.8098788443348954,312.3084838046998,0.9994936551031967,67.76218685513064,10.4456795436984,334.82316500425287
