stock,minmax,BOP,SIN,BETA,HT_DCPHASE,COS,ADX,TAN,DEMA
1513,min,-0.9534883720930233,-0.9988299963259872,-1.2598813372469146,-39.73609961291038,-0.9974960526543551,16.214941174542904,-66347.41756422931,164.37862393108458
1513,max,0.9687515930060666,0.9999999998864147,2.702601411989204,314.8706720721064,0.9986937601956113,52.54256273378877,13.737953918433695,220.23201909561604
