stock,minmax,BOP,SIN,BETA,HT_DCPHASE,COS,ADX,TAN,DEMA
1565,min,-1.0,-0.9941927923554343,-0.49539328683315526,-39.5607498639427,-0.9779482988978139,12.720150878218067,-66347.41756422933,168.71700514993978
1565,max,1.0,0.9999999998864147,2.26036581498791,314.7760166777165,0.9999153529426154,35.846089142981285,12.212713581327852,183.61529400281256
