stock,minmax,BOP,SIN,BETA,HT_DCPHASE,COS,ADX,TAN,DEMA
1612,min,-0.9230769230769234,-0.9997922436059732,-1.4145476587708894,-37.92003638187816,-0.9898667694406034,9.816392035427398,-49.05012562333391,28.32434720921596
1612,max,0.9491585980206515,0.9874141387602641,1.9016606816736423,313.3443428643387,0.999474782196223,56.70653388450234,36.8702145968554,38.125570776786056
