stock,minmax,BOP,SIN,BETA,HT_DCPHASE,COS,ADX,TAN,DEMA
1815,min,-1.0,-0.9999286605072563,-0.18634910492742782,-35.52149849090847,-0.9900550673383454,22.121861013618258,-14.013223141589794,18.173546818389923
1815,max,1.0,0.9999937428570207,2.3473449038263214,313.783785248622,0.9998510711037066,60.70876629132253,282.67989712667963,28.00509588308446
