stock,minmax,BOP,SIN,BETA,HT_DCPHASE,COS,ADX,TAN,DEMA
2031,min,-1.0,-0.9995636297822192,-0.6144011405337695,-34.49035300725632,-0.9999525706481683,8.730287960775309,-38.99923891264554,56.69186656872031
2031,max,1.0,0.9996714180913348,1.7834772706357325,305.7931942076071,0.9974569346926591,34.60468939670985,14.331368728646245,61.33315070954971
