stock,minmax,BOP,SIN,BETA,HT_DCPHASE,COS,ADX,TAN,DEMA
2204,min,-1.0,-0.9996478560364893,-1.3151827625520314,-41.62460799186823,-0.9999994097480701,8.625330132607205,-8.653227339083285,77.40216471580112
2204,max,0.9130434782608682,0.9934093394187595,2.8464130556286174,311.82293633185816,0.9996691756516429,55.58564738350081,37.67126065305412,138.75824462121446
