stock,minmax,BOP,SIN,BETA,HT_DCPHASE,COS,ADX,TAN,DEMA
2233,min,-1.0,-0.9952584655729182,-0.7987848399259638,-44.41800284312967,-0.9997555067434422,11.588080298730432,-10.232384358806343,122.2182866905934
2233,max,1.0,0.9972035994940883,5.280675593265199,314.1971305744629,0.9999360590385905,34.44129974651022,13.343598977385277,142.84278177896667
