stock,minmax,BOP,SIN,BETA,HT_DCPHASE,COS,ADX,TAN,DEMA
2301,min,-1.0,-0.9917630185201537,-0.5084489640694101,-44.97453290865235,-0.99955473443418,10.237458208324437,-14.521799378465401,96.52120811908274
2301,max,0.92308295190921,0.999614681478121,2.2670415545424336,309.6452099364186,0.9973715486170863,25.270987372686594,36.012189340551366,108.7908532663989
