stock,minmax,BOP,SIN,BETA,HT_DCPHASE,COS,ADX,TAN,DEMA
2303,min,-1.0,-0.9999049728060297,-0.4383994482659617,-38.24664290842679,-0.9999749715063864,12.294047908442126,-15.672114177297415,47.819944793593486
2303,max,1.0,0.9979704901872812,4.461191577654071,314.93282386953354,0.9996744451766225,38.55147987770641,72.53207391636396,55.23892504077488
