stock,minmax,BOP,SIN,BETA,HT_DCPHASE,COS,ADX,TAN,DEMA
2308,min,-0.9166610077414079,-0.9999874486690992,-0.6802038805664017,-39.056531813075935,-0.9999898656052949,11.858054142487543,-75.1423917293008,307.38690216131783
2308,max,0.9473684210526315,0.9999882533526502,1.8588255951456842,306.7839459136627,0.9999891172325363,49.861903700521545,206.31186766790026,414.45565849637813
