stock,minmax,BOP,SIN,BETA,HT_DCPHASE,COS,ADX,TAN,DEMA
2317,min,-0.909090909090912,-0.9999875206040351,-0.18716538200114485,-41.54138729375126,-0.9999891290566006,22.62759689819119,-200.16316287451343,139.89207526507164
2317,max,0.95,0.9945657236051078,2.576486476181428,303.689389791345,0.9987343171910894,60.38633601585868,20.259797106928303,222.34232986992612
