stock,minmax,BOP,SIN,BETA,HT_DCPHASE,COS,ADX,TAN,DEMA
2327,min,-1.0,-0.9995220242088421,-0.715139078493175,-41.72670382987769,-0.9998657223173054,16.03692031601625,-23.341573418660108,478.32229436031616
2327,max,1.0,0.999756505535219,3.308488414377791,312.9389582436511,0.9996576784428435,47.13657652111654,45.30656463775289,658.4734831274486
