stock,minmax,BOP,SIN,BETA,HT_DCPHASE,COS,ADX,TAN,DEMA
2329,min,-1.0,-0.9999858814294444,-0.7888129972343688,-39.17327161318002,-0.9997205980981773,8.926812219005807,-188.18501550761812,40.40346674839169
2329,max,1.0,0.9979704901872812,2.431038053666848,310.97424570696444,0.9998050357487563,50.09344139736701,16.23943944135728,67.37909129715113
