stock,minmax,BOP,SIN,BETA,HT_DCPHASE,COS,ADX,TAN,DEMA
2330,min,-1.0,-0.9988789297088576,-0.019771799431556762,-35.8527211356743,-0.9921281883278217,9.961215769064177,-23.91357465450686,785.2168711472983
2330,max,1.0,0.9991268037189711,1.71081965979346,312.4885600242671,0.9987903973181853,42.35127865749517,21.101007183524057,1042.3176549969364
