stock,minmax,BOP,SIN,BETA,HT_DCPHASE,COS,ADX,TAN,DEMA
2344,min,-1.0,-0.9999286605072563,-2.019034709638298,-39.81375162368158,-0.9999608263946371,9.519863895087722,-152.38005391903997,23.16168067459998
2344,max,0.9167366123887896,0.9999784672384562,2.090176942674155,301.9324508271305,0.9999356889549094,27.045659436111926,83.71374212435435,26.86788246175366
