stock,minmax,BOP,SIN,BETA,HT_DCPHASE,COS,ADX,TAN,DEMA
2345,min,-1.0,-0.9994984017277408,-0.31227743376760775,-39.89216852925745,-0.9956928486534175,11.034275043220934,-208.84985542454834,403.6780398304688
2345,max,0.9072164948453608,0.9999885371085722,3.781589324978049,313.3613862655963,0.9995373952061866,35.932181738350614,9.605974569279605,560.0036022174322
