stock,minmax,BOP,SIN,BETA,HT_DCPHASE,COS,ADX,TAN,DEMA
2348,min,-0.8658553892003122,-0.9960891669364942,-1.147832159409669,65.49508700845824,-0.9999781933241391,24.83535852935705,-28.22021395202553,99.07965959487228
2348,max,1.0,0.9999990851117214,4.671147252262813,282.10753200638516,0.9992062338855137,60.05627571196912,739.2658972633557,294.7499451976955
