stock,minmax,BOP,SIN,BETA,HT_DCPHASE,COS,ADX,TAN,DEMA
2353,min,-1.0,-0.9996300804104895,-0.9818545094801046,-41.24609429990511,-0.9997146522076715,9.580206587712462,-13.691883036566225,42.35895922920828
2353,max,0.9878008821676116,0.9985908724117705,1.9699535360939584,311.3267191702739,0.9988955694124051,39.62287513160634,36.75452550021092,51.21094188743251
