stock,minmax,BOP,SIN,BETA,HT_DCPHASE,COS,ADX,TAN,DEMA
2354,min,-1.0,-0.999021480034635,-1.6713634446546415,-27.80517995082863,-0.9999525706481683,21.49819252651859,-17.916073097465784,58.33318113900735
2354,max,0.9722411444141671,0.9999964903456066,2.7270827568538087,314.1462518995345,0.9998130193765503,45.55044192364708,377.4432672068061,72.127206256741
