stock,minmax,BOP,SIN,BETA,HT_DCPHASE,COS,ADX,TAN,DEMA
2357,min,-0.9444393287138259,-0.9993748832619166,-0.31676872414609814,-29.40810158478348,-0.9997148201553863,15.545025531192953,-6.380435371113725,404.5094147575337
2357,max,0.9565217391304348,0.9879397291860064,2.388231101941813,314.892316650436,0.9980792278165047,41.229141189320316,28.268368918665704,530.9556045132499
