stock,minmax,BOP,SIN,BETA,HT_DCPHASE,COS,ADX,TAN,DEMA
2368,min,-1.0,-0.9996637455585211,-0.6265336890521328,-41.25625544090485,-0.9974831952429262,8.257973336089773,-13.26622453436095,185.81605569728558
2368,max,1.0,0.9992250923988921,1.8000064322675855,312.7475027193014,0.9999901397322173,35.14255655903317,38.5515142174155,242.40018664940294
