stock,minmax,BOP,SIN,BETA,HT_DCPHASE,COS,ADX,TAN,DEMA
2377,min,-1.0,-0.9997502725113799,-0.5944101615145259,-44.79882582339292,-0.9879094287425115,14.686511975580995,-44.737372534054074,151.9255311023486
2377,max,0.928567216981132,0.9892464211849635,3.053885379880368,308.343262391203,0.9995593258539084,40.26617482118229,6.763689835974378,181.89898947978992
