stock,minmax,BOP,SIN,BETA,HT_DCPHASE,COS,ADX,TAN,DEMA
2385,min,-0.9090909090909062,-0.9999609596895538,-0.5511783654309171,-37.95193505263887,-0.9999902731420214,13.910750110900949,-57.367310032359526,151.13080830758503
2385,max,1.0,0.9998481054915523,1.6303430341868788,314.6032313207339,0.9998894410555935,35.22647353804126,113.16591894458045,224.21610225531788
