stock,minmax,BOP,SIN,BETA,HT_DCPHASE,COS,ADX,TAN,DEMA
2388,min,-1.0,-0.9956869868891794,-0.6377875243201598,-41.53666613667923,-0.9997555067434422,10.225421293901377,-35.764439812675576,105.11448489206678
2388,max,1.0,0.9998435753406666,2.301694795609947,308.0535861207851,0.998601573272138,28.19047121190326,56.53031921374689,131.48076181508196
