stock,minmax,BOP,SIN,BETA,HT_DCPHASE,COS,ADX,TAN,DEMA
2408,min,-1.0,-0.999021480034635,-4.193925115544317,-36.808791728499614,-0.9999749715063864,8.62799872383447,-70.59035256924146,52.106718274099734
2408,max,1.0,0.9999964903456066,1.7879694010507636,312.28533510666506,0.9998869257099253,41.15587348079947,377.4432672068061,71.87525360844333
