stock,minmax,BOP,SIN,BETA,HT_DCPHASE,COS,ADX,TAN,DEMA
2412,min,-1.0,-0.9956869868891794,-1.0097617876258393,-32.666056951250994,-0.9997555067434422,16.62830619354195,-20.524889977137594,119.6559953831521
2412,max,1.0,0.9988152247235795,2.7771218198415024,308.83279774983265,0.996505814645621,39.581755954509724,10.732137526072965,123.77137155859822
