stock,minmax,BOP,SIN,BETA,HT_DCPHASE,COS,ADX,TAN,DEMA
2421,min,-1.0,-0.9997351270146861,-0.5620835425241966,-43.437421885119534,-0.9999835940056365,8.27603307945371,-43.439006210444305,91.62827044895204
2421,max,1.0,0.9998274722901326,2.3014040565923986,309.74360308857547,0.9986368251339447,35.1054441472356,53.82690040071081,126.4929770357431
