stock,minmax,BOP,SIN,BETA,HT_DCPHASE,COS,ADX,TAN,DEMA
2439,min,-1.0,-0.9873416682005692,-0.4486624590933969,-42.46448422089509,-0.9992143241080479,20.603472532921753,-216.12517388730112,114.94653692596172
2439,max,1.0,0.9999892958467118,2.0873353289431003,310.9662229579832,0.9894757505696665,45.228587202820755,6.225051645760687,137.41679908713633
