stock,minmax,BOP,SIN,BETA,HT_DCPHASE,COS,ADX,TAN,DEMA
2454,min,-1.0,-0.9999433496722122,-0.7188591577851334,-41.92136917770824,-0.9998604726294268,15.127610104817395,-93.9431970325609,1013.448264611704
2454,max,1.0,0.9940968365140409,2.445187224988006,314.25067199299576,0.9999999927305437,43.88099194047008,15.068803120367365,1436.0509367687816
