stock,minmax,BOP,SIN,BETA,HT_DCPHASE,COS,ADX,TAN,DEMA
2457,min,-1.0,-0.9999858814294444,-1.3701404576559337,-40.93209296367695,-0.9991716863513785,10.548307887978341,-188.18501550761812,38.95615071096216
2457,max,1.0,0.9993419970813103,3.400596472049665,308.77956310374407,0.9978567898801314,36.895059761173385,27.55222552088308,54.17703682142156
