stock,minmax,BOP,SIN,BETA,HT_DCPHASE,COS,ADX,TAN,DEMA
2467,min,-1.0,-0.9983470937967718,-0.3597205799666684,-42.93233796865684,-0.9996953629644885,21.09013551687529,-7.870756679513237,127.35432253976111
2467,max,1.0,0.9999998737617579,6.8830654397924125,311.62791397568924,0.9999901397322173,46.58413075556006,1990.1668684298868,226.0877649981101
