stock,minmax,BOP,SIN,BETA,HT_DCPHASE,COS,ADX,TAN,DEMA
2474,min,-1.0,-0.9992714334163567,-1.0204643425169488,-21.528735389071016,-0.9979062885750358,11.407071082980975,-80.71565666565694,206.56045596752364
2474,max,1.0,0.9999232630658812,1.940509565049686,314.45406029959076,0.9992905630358865,38.13331346808979,26.182611874985138,233.5765902167582
