stock,minmax,BOP,SIN,BETA,HT_DCPHASE,COS,ADX,TAN,DEMA
2486,min,-1.0,-0.9981904165332236,-0.5289491239769425,-36.5079675462199,-0.9960878351411849,32.342309589825575,-20.524889977137594,58.39648724261706
2486,max,1.0,0.9999139338646884,2.2273929473698084,314.4857711145471,0.9985900724399912,63.943990417290536,76.21506357582669,143.91027510026566
