stock,minmax,BOP,SIN,BETA,HT_DCPHASE,COS,ADX,TAN,DEMA
2501,min,-1.0,-0.9998685313966106,-0.2190455791725813,-39.15014764064779,-0.9996706432822098,10.870660866364473,-36.651645748792426,20.422034421418463
2501,max,1.0,0.9996280019562084,1.9440230848880022,302.9379268934483,0.998861305055599,69.36110519636357,61.6639232066202,36.56279420352796
