stock,minmax,BOP,SIN,BETA,HT_DCPHASE,COS,ADX,TAN,DEMA
2504,min,-1.0,-0.9990017409951991,-0.7043524542098067,-43.37571701863641,-0.9988716029079593,17.436750172139025,-21.30335872922469,36.43469627204401
2504,max,1.0,0.9989000907450211,2.0135363349544404,310.5076294548321,0.9992779786082574,78.32124188308096,22.363410755507473,52.61387805102334
