stock,minmax,BOP,SIN,BETA,HT_DCPHASE,COS,ADX,TAN,DEMA
2540,min,-1.0,-0.9976766146481085,-0.5425788066041625,-34.79281020648591,-0.9991979347835998,16.025552271927488,-10.589556543221226,63.185679131755315
2540,max,1.0,0.9955708372657331,1.7581308630396195,308.6514359648821,0.9999567022909923,64.52598155764139,14.644231180751202,142.96680053260383
