stock,minmax,BOP,SIN,BETA,HT_DCPHASE,COS,ADX,TAN,DEMA
2548,min,-1.0,-0.9983453608739179,-0.45817922082349133,-33.639434103829274,-0.9999902731420214,17.44612279010047,-17.36176550181936,103.82180887408082
2548,max,0.9310336656187307,0.9979133564403746,2.7239673857220414,306.44816614707366,0.9994707663567429,75.44594348484567,11.868459482233483,164.35251962094998
