stock,minmax,BOP,SIN,BETA,HT_DCPHASE,COS,ADX,TAN,DEMA
2603,min,-1.0,-0.997171023392149,-0.9435633215700542,-40.881220567133425,-0.9968986558172187,15.122181685020417,-14.094740470515996,165.77901089513315
2603,max,0.9,0.999339210063025,1.448253396632762,311.7330388939563,0.9999901397322173,43.64496767950063,27.494003005300204,209.26305014492988
