stock,minmax,BOP,SIN,BETA,HT_DCPHASE,COS,ADX,TAN,DEMA
2605,min,-1.0,-0.9997208196001233,-0.4148188135759556,-43.78690349812115,-0.9998914583196712,13.135948111168846,-39.72177688651283,24.018999676722096
2605,max,1.0,0.9989208147888241,1.8919848376911965,304.4029966206695,0.9998692123804692,55.477380803428034,42.31083439777886,31.35024423259467
