stock,minmax,BOP,SIN,BETA,HT_DCPHASE,COS,ADX,TAN,DEMA
2609,min,-0.9443553927181124,-0.9981366159327038,-0.4432381704201084,-40.45143420969441,-0.998181005609581,10.081362152965669,-10.995208771563739,42.721836684850096
2609,max,0.9894777948929345,0.9952651713612277,1.9502081849713637,314.42803758447275,0.9999999601088985,65.7036513183868,16.35784955463922,77.52712924079296
