stock,minmax,BOP,SIN,BETA,HT_DCPHASE,COS,ADX,TAN,DEMA
2615,min,-1.0,-0.9999807674966553,-0.8965590936312373,-34.47011072089447,-0.9998965569422923,7.937700137112642,-161.23555963803662,42.406523057222685
2615,max,1.0,0.9999546735675641,2.484901738496132,313.08037828547964,0.9999671720926355,70.05311473249218,24.87081034447925,94.04094248302913
