stock,minmax,BOP,SIN,BETA,HT_DCPHASE,COS,ADX,TAN,DEMA
2637,min,-0.973664759506147,-0.9999979449077163,-0.24175668076033652,-44.94208915603116,-0.9978455321791369,12.454073482419076,-70.59035256924146,57.9875570921974
2637,max,0.9545454545454571,0.9998996738972931,1.7762604619837559,304.12154537192083,0.9999999869393222,48.07057318795858,493.2517883109659,74.10130176503529
