stock,minmax,BOP,SIN,BETA,HT_DCPHASE,COS,ADX,TAN,DEMA
2707,min,-1.0,-0.9983470937967718,-1.9157656290468728,-43.63960926572946,-0.999911659884212,14.030206773895516,-17.18266559374463,203.16080995188153
2707,max,1.0,0.9984959682359403,4.111996733909576,313.55194008942266,0.9990452875438045,37.78724466628122,18.212357772147083,233.446679463483
