stock,minmax,BOP,SIN,BETA,HT_DCPHASE,COS,ADX,TAN,DEMA
2727,min,-1.0,-0.9983470937967718,-2.5290670913824784,-39.13350818451573,-0.9999999168534486,10.29890047151362,-11.864184723669519,202.89552432922432
2727,max,1.0,0.9996900914079015,3.07034072317065,310.65178299944205,0.9999901397322173,36.45963320305263,40.15755211965763,226.7413619543015
