stock,minmax,BOP,SIN,BETA,HT_DCPHASE,COS,ADX,TAN,DEMA
2731,min,-1.0,-0.992333606522275,-1.9864571259565071,-41.67790324333134,-0.9980810948185003,19.94513575508322,-22.706288604183833,126.71514361264177
2731,max,1.0,0.9998435753406666,2.743193110869519,313.3572952148306,0.9998106199881949,51.488526461682476,56.530319213746886,153.40372084611508
