stock,minmax,BOP,SIN,BETA,HT_DCPHASE,COS,ADX,TAN,DEMA
2739,min,-1.0,-0.9992418072737845,-0.8902824238998416,-41.244033160908884,-0.9999525706481683,13.160238478689847,-25.665405298118596,49.274697905021576
2739,max,0.977272727272727,0.9999964903456066,2.756552126014436,306.0404495496682,0.9994927338008853,42.79679678413657,377.4432672068061,68.5899168391663
