stock,minmax,BOP,SIN,BETA,HT_DCPHASE,COS,ADX,TAN,DEMA
2809,min,-1.0,-0.9990909141744512,-1.9676389785069257,-39.89576306166384,-0.999951386470285,12.838628752520519,-23.43615133181097,49.33543306977949
2809,max,1.0,0.9998105805530253,4.168132164456704,314.65312537879095,0.9994927338008853,58.7201012514799,51.37017146447617,64.10660767739498
