stock,minmax,BOP,SIN,BETA,HT_DCPHASE,COS,ADX,TAN,DEMA
2834,min,-1.0,-0.9661686360363073,-0.17094983706703554,-43.237852726818915,-0.9976179111396204,20.15846256960037,-22.49095246680906,14.110587190698752
2834,max,1.0,0.9990247991985458,2.355688296322662,310.22515472070233,0.13247635557140156,47.46953420439248,22.62664449349741,16.682978101241932
