stock,minmax,BOP,SIN,BETA,HT_DCPHASE,COS,ADX,TAN,DEMA
2881,min,-1.0,-0.9995606708886451,-0.3667376549429919,-35.00285804120995,-0.9991583452736,21.158554207377943,-33.72460532252286,62.42729960734411
2881,max,1.0,0.9998174989227515,2.315894384750724,308.17535325063557,0.9995468576563692,58.38712397573926,52.335073119661885,87.34707738753727
