stock,minmax,BOP,SIN,BETA,HT_DCPHASE,COS,ADX,TAN,DEMA
2882,min,-1.0,-0.9992418072737845,0.1637149425956503,-27.43683681902712,-0.9996518093344606,15.85822790209403,-25.6654052981186,46.55957324337239
2882,max,1.0,0.9998105805530253,2.1321309763254868,311.9212825422612,0.9994927338008853,55.93646563668789,51.37017146447618,64.48018644334827
