stock,minmax,BOP,SIN,BETA,HT_DCPHASE,COS,ADX,TAN,DEMA
2883,min,-1.0,-0.8875670335815046,-1.3476079757989303,-41.250798331503574,-0.9999682933493399,10.919021811828015,-2.634069132503833,13.308143456353356
2883,max,1.0,0.9751128305588264,3.6095101170488464,310.2727828510558,0.9824118612363374,45.14391823795371,4.398161408154456,16.418034371058802
