stock,minmax,BOP,SIN,BETA,HT_DCPHASE,COS,ADX,TAN,DEMA
2883,min,-1.0,-0.8875670335815046,-1.3476079757989303,-41.25079833150323,-0.9999682933493399,10.919021811828015,-2.6340691325038326,13.308143456353356
2883,max,1.0,0.9751128305588264,3.6095101170488464,310.27278285105575,0.9824118612363374,45.14391823795371,4.398161408154455,16.418034371058802
