stock,minmax,BOP,SIN,BETA,HT_DCPHASE,COS,ADX,TAN,DEMA
2884,min,-1.0,-0.38466163861119074,-3.4216462281557445,-39.54294445196706,-0.999958286386998,20.461247978290128,-103.49025862267358,25.314963375197625
2884,max,1.0,0.9999937428570207,3.959410699698384,303.2723696827308,0.9872684772980421,55.03949264977881,282.67989712667963,28.204656932095034
