stock,minmax,BOP,SIN,BETA,HT_DCPHASE,COS,ADX,TAN,DEMA
2885,min,-0.9524048599256957,-0.9998731169022776,-0.021641163152954782,-44.49690467702311,-0.9999486526541134,17.291966625626383,-373.5324326838247,28.48782017475466
2885,max,1.0,0.9999964164700595,2.126563395103481,304.7234719160101,0.9999881246973268,46.52041660859795,62.768504894114976,32.7779203744343
