stock,minmax,BOP,SIN,BETA,HT_DCPHASE,COS,ADX,TAN,DEMA
2892,min,-1.0,-0.03923115840221917,-0.9694561327606197,-41.35244768902817,-0.8788576462793743,15.500433317436203,-11.769409996251419,25.561784404092432
2892,max,1.0,0.9999564053452712,2.477879984224673,306.80279810463236,0.9992301617797673,36.68472201893042,107.09129762049956,27.62013614101741
