stock,minmax,BOP,SIN,BETA,HT_DCPHASE,COS,ADX,TAN,DEMA
3005,min,-1.0,-0.9996478560364893,-0.6608250416052261,-43.04415871318179,-0.999020813314648,14.235663812155433,-20.524889977137594,102.31607299777899
3005,max,0.9523809523809523,0.9988152247235795,2.8612077170396364,311.68824402363316,0.9952666362171313,51.32835931903792,37.67126065305412,137.5771452603996
