stock,minmax,BOP,SIN,BETA,HT_DCPHASE,COS,ADX,TAN,DEMA
3008,min,-1.0,-0.9997052061773554,-0.0029417953866965594,-31.839721232475085,-0.9999394686476069,9.619006506627011,-38.250980753985324,2153.580382589417
3008,max,1.0,0.9996584436954327,1.9258344401198284,313.42725286163926,0.999999193427724,43.503304406716765,41.17463668956349,3030.0179976863224
