stock,minmax,BOP,SIN,BETA,HT_DCPHASE,COS,ADX,TAN,DEMA
3010,min,-1.0,-0.998561239978838,-0.02940457038943752,-40.705109775295,-0.9917769246391254,14.777080079894848,-18.621805811741698,110.33944167188187
3010,max,1.0,0.984688705803917,2.042499160755873,312.5259997366316,0.998557382858457,50.665721277201285,10.732137526072965,144.98295933802376
