stock,minmax,BOP,SIN,BETA,HT_DCPHASE,COS,ADX,TAN,DEMA
3017,min,-0.9499996205768737,-0.9999994133915802,-0.9878009151938782,-44.86999969747205,-0.9959188115565326,15.879368530664566,-923.2316085192425,578.9644284251341
3017,max,0.9523806082331189,0.9994423500195192,1.9934217209639182,312.2637497899653,0.9998511464623824,32.42269833877202,29.931084923143523,747.185392816868
