stock,minmax,BOP,SIN,BETA,HT_DCPHASE,COS,ADX,TAN,DEMA
3035,min,-1.0,-0.9983597360320052,-1.1842433180585505,-41.68794266883879,-0.9977962794945308,23.57975607973566,-9.279499150191713,262.7533364234681
3035,max,1.0,0.9999971061506174,2.5543997455474816,310.289327758039,0.9997844076803505,44.556629975016584,415.667527196862,347.09968335670817
