stock,minmax,BOP,SIN,BETA,HT_DCPHASE,COS,ADX,TAN,DEMA
3044,min,-1.0,-0.9893011040360471,-0.14006357586318435,-40.34036374947823,-0.9974960526543551,9.178746698193269,-66347.41756422933,188.91727695437424
3044,max,1.0,0.9999999998864147,1.6376007744713987,314.44794346097524,0.998810254558022,30.682959357445302,16.127617890388244,213.09962198739046
