stock,minmax,BOP,SIN,BETA,HT_DCPHASE,COS,ADX,TAN,DEMA
3045,min,-1.0,-0.9996478560364893,-0.7609113154362876,-24.477008678911147,-0.999020813314648,15.701266936928482,-8.653227339083283,97.26632484383106
3045,max,1.0,0.9995176384167841,2.0309791628759273,313.0783301593054,0.9974699221517618,44.954166407588865,37.67126065305412,110.92212498876479
