stock,minmax,BOP,SIN,BETA,HT_DCPHASE,COS,ADX,TAN,DEMA
3211,min,-1.0,-0.9997351270146861,-0.9304578319892289,-43.06092624085403,-0.9999435261164458,15.794119935322929,-43.4390062104443,87.33203143575614
3211,max,1.0,0.9948267913584063,2.110112100277195,301.17139121711216,0.9988587716774113,39.819851362294955,16.599906820965835,106.53844906065977
