stock,minmax,BOP,SIN,BETA,HT_DCPHASE,COS,ADX,TAN,DEMA
3217,min,-1.0,-0.9985779539043261,-0.5422802064915379,-39.194313879997594,-0.9999837781352465,15.194305261760112,-17.36176550181936,144.06347211502052
3217,max,0.9444444444444444,0.9977972794498907,2.1190007514785165,314.6626637216822,0.9999120601031718,30.206752499640654,18.731156408926445,173.73592835524892
