stock,minmax,BOP,SIN,BETA,HT_DCPHASE,COS,ADX,TAN,DEMA
3227,min,-1.0,-0.9996607451691661,-0.489588065470504,-44.88820168757178,-0.9974960526543551,12.035356934202891,-38.38057330376242,147.16400126918347
3227,max,0.8666675778740608,0.9977972794498907,1.9285367003999019,308.3309866562402,0.9994361771809893,41.87492644625023,31.66939532229389,201.55308470831957
