stock,minmax,BOP,SIN,BETA,HT_DCPHASE,COS,ADX,TAN,DEMA
3231,min,-1.0,-0.9756701376590172,-0.4916081451203936,-38.13299165573943,-0.9999328771439588,9.366130937196122,-8.653227339083283,95.92249269351368
3231,max,1.0,0.9999634784737014,2.044078806908551,313.72765971462866,0.9995206253283515,25.44501809580296,117.0034442965926,123.33332918959103
