stock,minmax,BOP,SIN,BETA,HT_DCPHASE,COS,ADX,TAN,DEMA
3264,min,-1.0,-0.9896151393558494,-1.0204981283930483,-40.83239869305311,-0.99964745596635,13.231183625023352,-5.693261434702128,62.707323760434875
3264,max,1.0,0.9925751700164512,2.467621090845645,310.85612730795634,0.9998869257099253,41.809542044952096,8.160425287903687,78.95481347698964
