stock,minmax,BOP,SIN,BETA,HT_DCPHASE,COS,ADX,TAN,DEMA
3289,min,-1.0,-0.9999958234234334,-0.6055524400657117,-41.31491697197043,-0.9933045055653428,9.963081169919723,-345.99786425904375,124.41040220810922
3289,max,1.0,0.9996027509018661,4.027812458351865,308.3008723291416,0.9982358310987551,29.88975240574987,35.46697263922765,151.72506680288276
