stock,minmax,BOP,SIN,BETA,HT_DCPHASE,COS,ADX,TAN,DEMA
3289,min,-1.0,-0.9999609596895538,-0.6055529082768494,-41.31508312106973,-0.9999679905474977,9.952899738416296,-19.63035021370951,125.15091655534076
3289,max,1.0,0.9989434238507778,4.027972413831527,308.3005582244482,0.9994613657521153,29.89009639350499,113.16591894458045,152.62817082367482
