stock,minmax,BOP,SIN,BETA,HT_DCPHASE,COS,ADX,TAN,DEMA
3324,min,-1.0,-0.99789668445044,-0.847425994705181,-41.21481502023187,-0.9990234788329058,15.083092284751109,-162.46831475270795,582.802919720041
3324,max,1.0,0.9999810582407057,3.5391625023125144,301.5079276981548,0.9999925947422592,53.63878600080977,15.393835818460381,890.7617584737512
