stock,minmax,BOP,SIN,BETA,HT_DCPHASE,COS,ADX,TAN,DEMA
3357,min,-1.0,-0.9983453608739179,-1.8008220562638597,-42.084496498877286,-0.9997555067434422,10.858841921648876,-20.524889977137594,113.45682885651556
3357,max,1.0,0.9998435753406666,2.3488144252538206,311.1225323535757,0.9985900724399912,30.178790418657428,56.53031921374689,142.53620251293114
