stock,minmax,BOP,SIN,BETA,HT_DCPHASE,COS,ADX,TAN,DEMA
3374,min,-1.0,-0.9999880430779478,-1.4009769683743607,-38.83490447646909,-0.9993743503000143,10.457625473052484,-204.48968620256676,113.59544532739496
3374,max,1.0,0.9996597332294918,5.847859471082267,309.1173089549885,0.9997548397466827,56.09767491432375,38.32343057164379,266.0586602167407
