stock,minmax,BOP,SIN,BETA,HT_DCPHASE,COS,ADX,TAN,DEMA
3413,min,-0.9090909090909091,-0.9893538601694428,-3.762280268422356,-41.38765448154879,-0.999999999545659,18.248198891493495,-224.42224449858668,287.3315557300076
3413,max,0.9062540471935108,0.9999900726865629,2.1696286235095164,307.85000905684575,0.9999605591233189,67.18421887059479,75.48441435187762,370.9341966193326
