stock,minmax,BOP,SIN,BETA,HT_DCPHASE,COS,ADX,TAN,DEMA
3450,min,-1.0,-0.9996238935576389,-0.2929127851400523,-40.79172215576676,-0.9997555067434422,14.48930862629887,-10.239679481380485,63.736383286922305
3450,max,1.0,0.9998274722901326,2.1512376814280265,314.57790497385076,0.9993732836951247,55.67122494459755,53.826900400710805,150.74879488604805
