stock,minmax,BOP,SIN,BETA,HT_DCPHASE,COS,ADX,TAN,DEMA
3455,min,-1.0,-0.9924697985044573,-0.6023853332363992,-43.978485912042174,-0.9925899604988802,20.19507668064286,-8.653227339083285,78.20275112783057
3455,max,1.0,0.9998435753406666,2.007157575969327,307.87167864473327,0.9992343202869258,53.40068790808942,56.530319213746886,133.9434028896968
