stock,minmax,BOP,SIN,BETA,HT_DCPHASE,COS,ADX,TAN,DEMA
3479,min,-1.0,-0.9996478560364893,-0.9588663617694109,-40.09873515698473,-0.9985284432831314,9.41074531062931,-4.871737423247269,97.304725573937
3479,max,1.0,0.9948267913584063,2.57722468983527,314.3581837561669,0.9995206253283515,34.662661261006356,37.67126065305412,117.38514049828802
