stock,minmax,BOP,SIN,BETA,HT_DCPHASE,COS,ADX,TAN,DEMA
3587,min,-1.0,-0.998622274533778,-0.397621989944766,-44.548469901485646,-0.999514300899114,10.068811700631118,-28.22021395202553,258.79470479280695
3587,max,1.0,0.9993727500521375,3.8673535505845136,299.0916361386006,0.9996482558795381,45.9645651099789,19.03069040779092,293.99969056160353
