stock,minmax,BOP,SIN,BETA,HT_DCPHASE,COS,ADX,TAN,DEMA
3624,min,-1.0,-0.999841075395005,-3.0774996755660333,-44.81498228370663,-0.9971906827268471,11.146626498479577,-56.08382971066655,45.856165169878736
3624,max,1.0,0.9999998238924995,3.330379135280506,313.8255774052743,0.9999189461860439,40.25574874573328,1684.984919341156,55.19296879886233
