stock,minmax,BOP,SIN,BETA,HT_DCPHASE,COS,ADX,TAN,DEMA
3665,min,-1.0,-0.9989869527454931,-1.010209222789469,-44.45890422842115,-0.9999526218187521,12.967290260541537,-11.266167454021918,222.63724808386831
3665,max,0.9433962264150944,0.9990291898975593,2.5534591708614576,303.6362268430625,0.9999605219718011,51.92917618481778,22.677828484810945,440.8342784855234
