stock,minmax,BOP,SIN,BETA,HT_DCPHASE,COS,ADX,TAN,DEMA
3675,min,-1.0,-0.999020146367713,-0.9576986828673089,-41.816997761286416,-0.9998438418065069,16.414305440145956,-22.572780444384954,244.54351916056348
3675,max,0.9545464326665613,0.9971008597225411,3.153939742424182,302.0375217913614,0.9990279842583728,53.7465789536437,12.9323533390305,365.8092769790728
