stock,minmax,BOP,SIN,BETA,HT_DCPHASE,COS,ADX,TAN,DEMA
4107,min,-1.0,-0.9999998624448339,-0.7960459906936833,-44.15528474636528,-0.9940869856284472,15.268212569544762,-17.36176550181936,120.17659210477913
4107,max,1.0,0.9802396594403116,2.6164225888888666,311.94301100335394,0.9924669978032593,40.486367549627424,1906.5425597994113,138.63943631902796
