stock,minmax,BOP,SIN,BETA,HT_DCPHASE,COS,ADX,TAN,DEMA
4163,min,-1.0,-0.9819521690440836,-2.821360782581931,-44.537059641057624,-0.9951696779167286,8.892457117728153,-68.17006178106425,115.11255047144509
4163,max,1.0,0.9998924247049963,3.2113360423728063,310.4055571493979,0.9928708516677031,27.2223710828522,4.661406656652234,120.14650984462499
