stock,minmax,BOP,SIN,BETA,HT_DCPHASE,COS,ADX,TAN,DEMA
4506,min,-1.0,-0.9992068341863537,-1.7758935594831182,-44.26636918975373,-0.9881565846623072,15.06102942955314,-25.092534979676547,87.21298500615035
4506,max,1.0,0.9996174522476368,2.3921304242022603,314.0585920647847,0.9995206253283515,68.49207964924751,36.142446202577666,116.41383790561697
