stock,minmax,BOP,SIN,BETA,HT_DCPHASE,COS,ADX,TAN,DEMA
4746,min,-1.0,-0.9999495383141598,-0.36777127324975256,-37.14245020416297,-0.9988427906651114,10.80576874903907,-99.53771974859396,90.39399157385841
4746,max,1.0,0.99112550404311,1.7238889722721065,310.68147630185194,0.9999380006350196,39.474941882973496,18.506255944136367,107.7788785279037
