stock,minmax,BOP,SIN,BETA,HT_DCPHASE,COS,ADX,TAN,DEMA
4755,min,-1.0,-0.9904766465664488,-0.05605901087196063,-44.51996110994736,-0.999157976330919,8.953157460582764,-20.524889977137594,119.47183041149631
4755,max,1.0,0.9998435753406666,2.299899505062565,302.7828873226184,0.9999120601031718,35.516107403576235,56.53031921374689,155.5967311514694
