stock,minmax,BOP,SIN,BETA,HT_DCPHASE,COS,ADX,TAN,DEMA
4919,min,-1.0,-0.9988779913355377,-0.5337651749074538,-34.95442351216826,-0.9790230001803281,9.240429999947079,-21.092166735630094,83.92105728502959
4919,max,1.0,0.9986376117378207,2.821519319372606,314.95914101597265,0.9998976688730906,58.474436681189154,19.137730929850385,125.5383053461798
