stock,minmax,BOP,SIN,BETA,HT_DCPHASE,COS,ADX,TAN,DEMA
4968,min,-1.0,-0.997171023392149,-0.020300658493505982,-43.37451526698652,-0.9974960526543551,17.198177122827023,-66347.41756422931,175.78373172633985
4968,max,1.0,0.9999999998864147,1.7063449070700802,313.22193603322694,0.9999901397322173,36.369816790510484,15.048206226088658,237.8933191688614
