stock,minmax,BOP,SIN,BETA,HT_DCPHASE,COS,ADX,TAN,DEMA
4979,min,-1.0,-0.9996141486384919,-1.8101206411197668,-44.18871721262798,-0.9997800901888532,11.664989329260266,-515.7933976138797,94.33084642682321
4979,max,1.0,0.9999981206086542,1.7588531734186075,313.2170108736019,0.9956846422715779,29.480004230413016,35.9873009300581,138.00680826322866
