stock,minmax,BOP,SIN,BETA,HT_DCPHASE,COS,ADX,TAN,DEMA
5009,min,-1.0,-0.9999858814294444,-2.186946915089675,-39.863256199893385,-0.9998651145435608,12.77403980524175,-188.18501550761812,46.14956961574089
5009,max,0.9411946383346725,0.9985908724117705,2.481395595996244,304.18975576086314,0.9998811520448683,40.06308353170133,18.817004267546956,53.35137027628086
