stock,minmax,BOP,SIN,BETA,HT_DCPHASE,COS,ADX,TAN,DEMA
5234,min,-1.0,-0.9999758415803952,-0.8650946088919663,-44.35902559579063,-0.9999902731420214,10.518199360761844,-35.00001291411782,133.97043121038476
5234,max,0.9444447619428626,0.9964691731217737,2.349756373178045,314.14898753755523,0.9999154583657821,48.56088510453103,143.86093316298513,165.25825138661432
