stock,minmax,BOP,SIN,BETA,HT_DCPHASE,COS,ADX,TAN,DEMA
5269,min,-1.0,-0.9997584969866604,-0.8782578436571837,-44.415837164323875,-0.9979387585514351,14.523181266584913,-26.70794127756909,1472.078688685883
5269,max,1.0,0.9998710168710341,2.161187872790856,314.7409111166959,0.9999424176601013,30.36070966704702,62.25532897946216,2426.679474100902
