stock,minmax,BOP,SIN,BETA,HT_DCPHASE,COS,ADX,TAN,DEMA
5274,min,-0.9642859704618632,-0.9997471039885913,-0.17118651976811441,-39.938445136176824,-0.9999999232163687,10.107141954313166,-44.45612721825743,3025.322076403643
5274,max,1.0,0.9997644222839399,2.0914009972116427,306.01480074354583,0.9996195046179343,43.11399141327537,46.061826544570984,4907.538805402612
