stock,minmax,BOP,SIN,BETA,HT_DCPHASE,COS,ADX,TAN,DEMA
5309,min,-1.0,-0.9981094203724717,-0.5468578208980673,-41.52534534312474,-0.9999086171496356,7.578364118061346,-11.270025026596338,33.50621356553406
5309,max,0.9696969696969693,0.9915499852141411,3.009947011049912,303.02047716455894,0.9499555195937606,57.69292740050821,16.239439441357284,42.480970901046106
