stock,minmax,BOP,SIN,BETA,HT_DCPHASE,COS,ADX,TAN,DEMA
5347,min,-1.0,-0.9999822344988128,-1.5592489475015565,-44.39680121048133,-0.9997555067434422,14.902300234384771,-167.76079808304098,82.38866056995244
5347,max,1.0,0.9988152247235795,4.6843551010808095,300.9772781458089,0.9999219883905658,49.30029971045194,9.070395633692614,127.11309594366429
