stock,minmax,BOP,SIN,BETA,HT_DCPHASE,COS,ADX,TAN,DEMA
5347,min,-1.0,-0.9989695050400995,-1.5593452014002331,-44.396918086035214,-0.9984816360037603,14.902438096521449,-95.79335447770188,81.04333895214512
5347,max,1.0,0.9999455166569923,4.684140191937974,300.97719237214767,0.9999647957101298,49.300011377009106,14.174635746167958,125.03745658703026
