stock,minmax,BOP,SIN,BETA,HT_DCPHASE,COS,ADX,TAN,DEMA
5388,min,-1.0,-0.9996478560364893,-1.1978476999313687,-34.07441579956651,-0.9997555067434422,14.919094124329657,-20.524889977137597,107.44536324094746
5388,max,1.0,0.9988152247235795,2.1499617070562174,311.74749388498486,0.9928708516677031,31.868921344656673,37.67126065305412,139.5366531306934
