stock,minmax,BOP,SIN,BETA,HT_DCPHASE,COS,ADX,TAN,DEMA
5434,min,-1.0,-0.999020146367713,-0.7711437527838302,-41.02223312595231,-0.9999840332506836,13.648383663469684,-28.300177659114055,211.17957783967873
5434,max,0.875,0.9993762863918131,2.180286255004697,301.40144726188134,0.9992062338855137,62.55293475005313,9.383272346981498,285.7823714205835
