stock,minmax,BOP,SIN,BETA,HT_DCPHASE,COS,ADX,TAN,DEMA
5439,min,-1.0,-0.9998400983937478,-0.7994115131729447,-44.317169234960545,-0.9998341470643307,13.087932189155646,-6.607228916752272,84.06773743015115
5439,max,1.0,0.999131071665862,1.8186850188030101,313.50392976079013,0.9993732836951247,35.33332541747732,55.91218968530268,118.78865122949041
