stock,minmax,BOP,SIN,BETA,HT_DCPHASE,COS,ADX,TAN,DEMA
5443,min,-0.96154826065654,-0.9996116166197636,-0.8930832542694365,-29.60531360964876,-0.9999435261164458,17.81883033056922,-20.90689681185011,54.62726682139905
5443,max,1.0,0.999654732619745,2.2014811011747866,313.250141974186,0.9995891077777729,55.60858182135142,38.044750818409625,135.29552068792879
