stock,minmax,BOP,SIN,BETA,HT_DCPHASE,COS,ADX,TAN,DEMA
5483,min,-1.0,-0.9999606928725588,-0.37935484415750026,-41.83174738234459,-0.9968285949694307,14.170283999755275,-112.78115692265764,187.67920467764884
5483,max,1.0,0.9977992786806003,2.135124375648258,305.79377074053036,0.9999901397322173,46.00187310482073,15.048206226088658,223.06482520981257
