stock,minmax,BOP,SIN,BETA,HT_DCPHASE,COS,ADX,TAN,DEMA
5508,min,-1.0,-0.9996089842245529,-0.9433650086077963,-21.455970880040297,-0.9992032034987209,24.849650468961375,-28.355590803839597,121.81209422157373
5508,max,1.0,0.9999907056546876,1.3859382169825125,306.5014639916685,0.9999999354821534,67.68290082359108,231.93835513959814,290.78764125993945
