stock,minmax,BOP,SIN,BETA,HT_DCPHASE,COS,ADX,TAN,DEMA
6223,min,-1.0,-0.9999054515373398,-0.4554234959842287,-27.683685825199063,-0.9999613582113339,24.920885177291513,-72.71549556167427,318.937523226075
6223,max,1.0,0.998357124520233,2.2188746952333727,309.1510206911387,0.9998499333149876,53.40752067146447,17.11494019748662,745.7819938763689
