stock,minmax,BOP,SIN,BETA,HT_DCPHASE,COS,ADX,TAN,DEMA
6231,min,-1.0,-0.9993748832619166,-0.6443193156108644,-35.36786062675753,-0.9985884718158823,12.008678406610098,-25.073539254324114,195.06188429824772
6231,max,1.0,0.9992056333576834,1.6464898915521076,314.7741188098526,0.9984619245471833,47.99001208277515,28.268368918665704,469.7223113945909
