stock,minmax,BOP,SIN,BETA,HT_DCPHASE,COS,ADX,TAN,DEMA
6257,min,-1.0,-0.9992445540404414,-0.2983138446123115,-39.3736783950128,-0.9994681343443588,14.70118031299097,-25.71207509280909,69.02292648435734
6257,max,1.0,0.9976190643156521,1.9516563763184318,312.58505038184967,0.9999984223549769,40.96955014216572,22.588180532547263,80.72494243644589
