stock,minmax,BOP,SIN,BETA,HT_DCPHASE,COS,ADX,TAN,DEMA
6269,min,-1.0,-0.9999968330641547,-0.49346861558269534,-41.80162933883332,-0.9999808608605089,15.826163429670233,-397.34187588468063,80.0507154182686
6269,max,0.9285391566265088,0.9999623643164505,2.4643546882611633,306.8278356559841,0.9998271922129018,32.72276321021716,115.25846703476441,94.5514005767994
