stock,minmax,BOP,SIN,BETA,HT_DCPHASE,COS,ADX,TAN,DEMA
6285,min,-1.0,-0.9956869868891794,-1.7812760940065813,-43.797908030162205,-0.9999001648961159,12.39675876223332,-12.57493061177637,120.34141457637935
6285,max,1.0,0.9968529408043922,2.453022411810418,314.34601561354873,0.9999120601031718,42.90937754396878,11.868459482233485,157.97388110807327
