stock,minmax,BOP,SIN,BETA,HT_DCPHASE,COS,ADX,TAN,DEMA
6472,min,-0.9687492065910079,-0.9997956760270287,-1.3195143734726116,-38.12167166425081,-0.9999948704663723,12.563275894683605,-51.5978923164312,627.1987577593935
6472,max,0.9512194819879788,0.999812248351868,2.6666813354954013,311.8662491945736,0.9987235724672086,52.97536351810335,13.607302564427268,894.2687309610103
