stock,minmax,BOP,SIN,BETA,HT_DCPHASE,COS,ADX,TAN,DEMA
6488,min,-1.0,-0.9984887513724757,-0.8989564652619799,-41.54983828252131,-0.9993722161821225,10.40248994206563,-25.073539254324114,471.57521881648296
6488,max,1.0,0.9992056333576834,2.3499634998860652,308.6004136616506,0.9980930991381359,32.60675826182361,24.0704137971999,568.2049517093487
