stock,minmax,BOP,SIN,BETA,HT_DCPHASE,COS,ADX,TAN,DEMA
6523,min,-1.0,-0.9999609596895538,-0.5016149848422925,-30.177500131571605,-0.9998834683087796,16.97308313041593,-13.706364647678525,150.14076818032532
6523,max,1.0,0.997614585344733,4.689444325774571,302.2301098720633,0.9998192887975902,40.891138865966425,113.16591894458045,186.25716707523986
