stock,minmax,BOP,SIN,BETA,HT_DCPHASE,COS,ADX,TAN,DEMA
6523,min,-1.0,-0.9974678912663861,-0.5013506493725599,-30.17749026478043,-0.9999600971063201,16.986727905726433,-2636044.442554312,148.18457572001333
6523,max,1.0,0.9999999999999281,4.6893807947548884,302.23009710628065,0.9942385147218532,41.237733759595294,17.158496765354876,183.83041830729323
