stock,minmax,BOP,SIN,BETA,HT_DCPHASE,COS,ADX,TAN,DEMA
6640,min,-1.0,-0.9999899379137492,-0.7562199520533828,-32.36096606609601,-0.9996490548843638,22.767626299807624,-222.9141857453285,393.414448456213
6640,max,1.0,0.999756505535219,1.8734327164906204,314.6937877178032,0.9992849277926618,57.38143486788983,45.3065646377529,947.1128193833675
