stock,minmax,BOP,SIN,BETA,HT_DCPHASE,COS,ADX,TAN,DEMA
6667,min,-1.0,-0.9993584729464869,-0.08390552055552851,-41.626259434018436,-0.9999902731420214,14.100288070430787,-414.0654947978458,154.4453397955551
6667,max,1.0,0.9999970837146082,2.3884036104726794,300.7371976418318,0.9999901397322173,49.43192909043275,27.904129414227036,212.50542789714413
