stock,minmax,BOP,SIN,BETA,HT_DCPHASE,COS,ADX,TAN,DEMA
6669,min,-1.0,-0.9978092612338769,-0.4829714536325759,-31.77656917061495,-0.9999999886414745,10.071257015321025,-19.74756416506578,1837.0457407788435
6669,max,1.0,0.998744581369081,1.8506871637825038,314.1832536340464,0.9996782348583099,35.336749704007545,19.93799586840406,2769.658248430313
