stock,minmax,BOP,SIN,BETA,HT_DCPHASE,COS,ADX,TAN,DEMA
6670,min,-1.0,-0.9989448291339735,-0.27380850062337875,-34.305033953581415,-0.9999534296466027,10.745542501999946,-6.908670131482246,226.22482399913815
6670,max,1.0,0.989881188923072,1.445661106842127,308.1090100579509,0.9988045156345705,56.64627384788135,21.75102379630582,292.5861615628653
