stock,minmax,BOP,SIN,BETA,HT_DCPHASE,COS,ADX,TAN,DEMA
6683,min,-1.0,-0.9999114594340064,-0.40686062996123656,-44.84572503548958,-0.9950746212090439,9.45217247015137,-224.42224449858668,288.16780578041386
6683,max,1.0,0.9999900726865629,2.5821732037399134,309.75876861271814,0.9994585333350872,50.79148800756044,77.5687740724673,425.49107468695274
