stock,minmax,BOP,SIN,BETA,HT_DCPHASE,COS,ADX,TAN,DEMA
6691,min,-1.0,-0.9956782044006817,-0.11190317109313715,-41.37596070820257,-0.9992339386896272,10.484960391334281,-13.378342680744444,301.6729770877047
6691,max,1.0,0.9986738713318305,2.3559490215095864,307.90975879692866,0.9997847402958094,49.71639119547583,19.39813100826213,362.42866239696093
