stock,minmax,BOP,SIN,BETA,HT_DCPHASE,COS,ADX,TAN,DEMA
6719,min,-1.0,-0.9982541967134141,-1.3988597080046137,-43.940496052046456,-0.9933869191569467,11.920942115828122,-14.401045129136342,234.77743192067652
6719,max,1.0,0.9975355566180579,2.827474204362696,313.19409248074055,0.9999430134439107,36.42518005185012,16.901222704887772,295.7890915224089
