stock,minmax,BOP,SIN,BETA,HT_DCPHASE,COS,ADX,TAN,DEMA
6788,min,-1.0,-0.9993158357844076,-0.14403010097219218,-39.488062263235406,-0.9997123951561464,11.558072927448675,-625.9659545163865,125.72088676225309
6788,max,1.0,0.9999987239498386,2.121094766389058,302.63023975654045,0.9996482558795381,65.80183440779669,10.743576139936167,276.10146917696636
