stock,minmax,BOP,SIN,BETA,HT_DCPHASE,COS,ADX,TAN,DEMA
6789,min,-1.0,-0.9969527922600279,-0.13953650395100828,-43.12866513977167,-0.9999955292119215,14.516682453002579,-224.4222444985867,260.4634440530323
6789,max,1.0,0.9999900726865629,3.1312983575445323,314.01050658052895,0.9983623057685143,46.106017501090044,33.25175900936957,365.54119919705965
