stock,minmax,BOP,SIN,BETA,HT_DCPHASE,COS,ADX,TAN,DEMA
6789,min,-1.0,-0.9968900674471823,-0.13954431202042028,-43.12862456333983,-0.9999928170188273,14.516601371912845,-224.42224449858668,260.4626633692941
6789,max,1.0,0.9999900726865629,3.1312522038531903,314.01058632548825,0.9983104146229637,46.10659624136115,32.28468833953595,365.54087301953876
