stock,minmax,BOP,SIN,BETA,HT_DCPHASE,COS,ADX,TAN,DEMA
6829,min,-1.0,-0.9847185106475937,-2.5554149629843232,-42.760890476998725,-0.9997555067434422,10.568803628766208,-43.154992208996305,105.84713259411726
6829,max,1.0,0.9997316305569858,3.455764835812722,305.91436923975357,0.9979145134496277,32.74437926990952,26.133399824356665,122.74355991002105
