stock,minmax,BOP,SIN,BETA,HT_DCPHASE,COS,ADX,TAN,DEMA
6890,min,-1.0,-0.9997558399011495,0.0017894596956722578,,-0.9998438418065069,19.266559095106604,-20.863372132819016,
6890,max,0.9795925979650619,0.9999122598719259,2.0994805726685972,,0.9992062338855137,44.89794626915618,75.48441435187762,
