stock,minmax,BOP,SIN,BETA,HT_DCPHASE,COS,ADX,TAN,DEMA
8109,min,-1.0,-0.9997351270146861,-4.670163551300321,-40.03195913052048,-0.9999808608605089,16.639608859209268,-43.4390062104443,88.0466745461154
8109,max,1.0,0.9998274722901326,2.481949955920716,313.7053821464764,0.9988587716774113,35.9562836479396,53.826900400710805,98.23796617137265
