stock,minmax,BOP,SIN,BETA,HT_DCPHASE,COS,ADX,TAN,DEMA
8112,min,-1.0,-0.9973677615064545,-0.04287682797649608,-44.120313767225184,-0.999704372377804,9.80571370369135,-39.08453419524196,70.00487646020004
8112,max,0.8571428571428542,0.9996728499706724,3.0906318677337756,312.369337215245,0.9995763631682627,56.81783888942629,14.381920455602272,87.8781386043952
