stock,minmax,BOP,SIN,BETA,HT_DCPHASE,COS,ADX,TAN,DEMA
8210,min,-1.0,-0.9997558399011495,-1.0851652801802687,-39.88449844890346,-0.9990932938093449,9.608470211549387,-56.37828937987455,250.3082381856541
8210,max,1.0,0.9998427307722298,2.5457250299781418,313.5763548436111,0.9999620063378313,30.40227475283861,45.244742070819356,311.8932613835215
