stock,minmax,BOP,SIN,BETA,HT_DCPHASE,COS,ADX,TAN,DEMA
8299,min,-1.0,-0.9989618076192314,-1.0079583985979355,-37.26250816540676,-0.9891481062554636,9.801626931091931,-21.928439030792894,489.15205926950637
8299,max,0.9310325529987432,0.9997926319254861,2.176673029494083,311.83110628107215,0.9985754238604685,52.38201744656418,49.09604432115356,731.1824055658142
