stock,minmax,BOP,SIN,BETA,HT_DCPHASE,COS,ADX,TAN,DEMA
8422,min,-1.0,-0.999967132571494,-0.46372554061300764,-35.02977530119324,-0.9994248145040474,14.494215134995867,-123.33644686152422,169.44351419040905
8422,max,1.0,0.9982167078606993,3.7934079510214103,314.1462610438519,0.9999901397322173,38.13723730961045,15.048206226088658,186.21983833445543
