stock,minmax,BOP,SIN,BETA,HT_DCPHASE,COS,ADX,TAN,DEMA
8478,min,-1.0,-0.9997558399011495,-0.07574284285793109,-37.384064705902915,-0.9918357833302444,10.130534445604884,-18.80630668906285,302.27169265044125
8478,max,1.0,0.9994989009062143,1.7380221032905658,308.7891725232374,0.9994974785934485,43.946854751078966,45.244742070819356,387.5509832878153
