stock,minmax,BOP,SIN,BETA,HT_DCPHASE,COS,ADX,TAN,DEMA
8996,min,-1.0,-0.9985924716747775,-0.7391732590614583,-43.19621844552796,-0.9985884718158823,20.981763913651292,-25.073539254324114,323.79910772271757
8996,max,1.0,0.9992056333576834,2.5339322138309437,312.4180681093163,0.9971698903613917,52.718496120820205,22.6036016070271,507.31849165879333
