stock,minmax,BOP,SIN,BETA,HT_DCPHASE,COS,ADX,TAN,DEMA
9802,min,-1.0,-0.999294676172456,-0.9715101600152581,-43.51931423090082,-0.9953337537114989,11.290880380079967,-26.610981381134366,109.96368389848087
9802,max,1.0,0.9914556304143137,2.453754857739463,314.96952990585623,0.999768435737614,29.560451794615783,7.600601330031005,125.88098005479051
