stock,minmax,BOP,SIN,BETA,HT_DCPHASE,COS,ADX,TAN,DEMA
9802,min,-1.0,-0.9995866352352883,-0.9713715717439735,-43.5190130261725,-0.99969674163428,11.29666991594492,-21.971152472672028,107.94773132322503
9802,max,1.0,0.9989658340776656,2.454102441762599,314.96982342577786,0.9933379947875411,29.467013600779065,34.76831157441785,123.57318133860119
