stock,minmax,BOP,SIN,BETA,HT_DCPHASE,COS,ADX,TAN,DEMA
9904,min,-1.0,-0.9999776589219038,-1.0784864179137867,-43.83767978655044,-0.9997327634421266,8.678107119077792,-149.59795672008758,33.835338939446586
9904,max,1.0,0.9999902191587444,3.338319638563933,311.3388254958959,0.9963906798822528,56.07875914848215,226.09643320871288,36.97329009784028
