stock,minmax,BOP,SIN,BETA,HT_DCPHASE,COS,ADX,TAN,DEMA
9910,min,-1.0,-0.9873416682005692,-1.7820705099427003,-43.355810001851864,-0.9984524930533456,10.395294524013407,-146.1621868004003,134.09398240087756
9910,max,1.0,0.9999765962907662,4.31644569114869,306.78268207739234,0.9777239844827745,33.586468885474915,11.868459482233483,158.4349980298675
