stock,minmax,BOP,SIN,BETA,HT_DCPHASE,COS,ADX,TAN,DEMA
9921,min,-1.0,-0.9972093660429219,-0.6693654524526532,-38.60634639388036,-0.9998830764431416,15.835401974021261,-13.357436386465556,205.625422888205
9921,max,1.0,0.9988118228586789,1.6831985650829302,308.5516435142616,0.9941428247320975,35.88606031735821,20.49543418884747,237.15516472294973
