stock,minmax,BOP,SIN,BETA,HT_DCPHASE,COS,ADX,TAN,DEMA
9938,min,-1.0,-0.9999109800938041,-2.6659691799211314,-42.13423322564381,-0.9999684816860375,12.729477527549843,-394.33513526275976,55.82124944156135
9938,max,0.9199999999999988,0.9999967845855378,2.3018289475357783,310.1782414026162,0.9998242814878616,31.028118401843066,15.716423048804323,66.32141131721085
