stock,minmax,BOP,SIN,BETA,HT_DCPHASE,COS,ADX,TAN,DEMA
9939,min,-1.0,-0.9999938505973438,-0.37387171667512886,-39.88136558177564,-0.9999902731420214,11.399631075966584,-15.041353046538894,143.4893730342279
9939,max,1.0,0.9977972794498907,1.7175754532712901,314.3024090729389,0.9968309933617175,55.0706416409875,285.1455075021671,167.27959513579893
