stock,minmax,BOP,LINEARREG,SAREXT,HT_DCPHASE,TRANGE,SIN,TAN,COS
1513,min,-0.8888837263329095,91.24380857142847,-144.1851,-35.26251789422895,1.9617000000000075,-0.9990914189787135,-23.442669832239606,-0.9988788609410926
1513,max,0.9499973864408547,133.6845885714286,124.02503664,314.6127921929727,13.241500000000002,0.9999995520226728,1056.4691971286068,0.998381145482655
