stock,minmax,BOP,LINEARREG,SAREXT,HT_DCPHASE,TRANGE,SIN,TAN,COS
1532,min,-1.0,31.358888571428558,-37.9922,-39.941926051361975,0.18650000000000233,-0.9998636219609003,-15.368363432300237,-0.9999340962188881
1532,max,0.9444643069955846,37.97424285714286,36.250207587918176,313.27684370278666,2.610599999999998,0.9978897284393121,60.54361610478588,0.9960397546408846
