stock,minmax,BOP,LINEARREG,SAREXT,HT_DCPHASE,TRANGE,SIN,TAN,COS
1589,min,-1.0,53.00857142857139,-87.2,-43.80618353265663,0.6000000000000014,-0.9938886539233752,-70.59035256924146,-0.9999525706481683
1589,max,0.8965517241379297,83.6914285714285,79.27748111343972,312.2315984982839,7.299999999999997,0.9998996738972931,14.465537343027632,0.9998271922129018
