stock,minmax,BOP,LINEARREG,SAREXT,HT_DCPHASE,TRANGE,SIN,TAN,COS
1762,min,-1.0,60.236748571428606,-99.2598,-39.07230850441897,0.787700000000001,-0.999997616643205,-55.922492017638284,-0.9999695929987532
1762,max,0.904774783634934,96.41276,88.55445878341462,305.46612626183764,9.683899999999994,0.9998401572900082,458.0255392698591,0.9989279301785654
