stock,minmax,BOP,LINEARREG,SAREXT,HT_DCPHASE,TRANGE,SIN,TAN,COS
1783,min,-1.0,49.97735428571427,-69.292,-41.71965957484167,0.5542999999999978,-0.9999803345982813,-11.621509864915838,-0.9999815465697631
1783,max,1.0,64.55902857142858,56.50817589918761,298.64381943553525,7.114000000000004,0.9999784564293276,159.4509772935753,0.9999797258554031
