stock,minmax,BOP,LINEARREG,SAREXT,HT_DCPHASE,TRANGE,SIN,TAN,COS
2006,min,-1.0,52.31619714285717,-58.5541,-43.653153089049624,0.2837999999999994,-0.9998312498825015,-5.796768081497955,-0.9992464086671051
2006,max,1.0,58.04320571428568,55.525492233171015,314.14737541182865,3.5946,0.9595712909434536,54.42619701013137,0.9971385603806845
