stock,minmax,BOP,LINEARREG,SAREXT,HT_DCPHASE,TRANGE,SIN,TAN,COS
2031,min,-1.0,40.96857428571429,-50.5195,-39.00930756091583,0.3731000000000009,-0.9996541965885549,-107.4484138667816,-0.9958163839108927
2031,max,0.9499580360889647,49.98979428571428,47.6599,308.64533743496855,4.476999999999997,0.9999566946278721,26.730166452493027,0.999984890707574
