stock,minmax,BOP,LINEARREG,SAREXT,HT_DCPHASE,TRANGE,SIN,TAN,COS
2453,min,-0.9871819530691854,48.11915999999995,-78.3868,-41.344782502276246,0.7717999999999989,-0.994331324611282,-21.466480472446914,-0.9999978899786465
2453,max,0.9661078518626154,70.41745142857138,63.616776480000006,310.49610364189675,10.171599999999998,0.9999082083032347,73.79949723613764,0.9995750792987768
