stock,minmax,BOP,LINEARREG,SAREXT,HT_DCPHASE,TRANGE,SIN,TAN,COS
2454,min,-1.0,547.8466342857142,-690.9982,-33.55169594920483,5.164899999999989,-0.99998396662257,-176.59047374902764,-0.9956100531227366
2454,max,0.8947381293028555,673.0526885714285,656.8012,314.7098780217214,46.48400000000004,0.9987609928689344,15.222574264151252,0.9999220429299367
