stock,minmax,BOP,LINEARREG,SAREXT,HT_DCPHASE,TRANGE,SIN,TAN,COS
2603,min,-1.0,77.18237428571427,-106.4168,-41.236301525524595,0.5210000000000008,-0.9949539208956446,-25.407108490202376,-0.9999994718766119
2603,max,1.0,103.79274000000007,99.7658,305.3046436879031,9.026399999999995,0.9992263308277111,7.684033082536525,0.994790242627958
