stock,minmax,BOP,LINEARREG,SAREXT,HT_DCPHASE,TRANGE,SIN,TAN,COS
2723,min,-1.0,102.02291428571426,-160.3839,-31.145042373631213,1.8925000000000125,-0.9979803786330301,-9.350463606376431,-0.9989897067936303
2723,max,1.0,155.66631999999993,143.72369197247198,314.2832268022734,16.832099999999997,0.9949050666697477,15.710550927302256,0.998712483858654
