stock,minmax,BOP,LINEARREG,SAREXT,HT_DCPHASE,TRANGE,SIN,TAN,COS
2727,min,-1.0,230.71501142857113,-314.5568,-40.884587070520865,2.9436999999999784,-0.9992595807357524,-25.97196883627772,-0.9996557735771462
2727,max,1.0,310.5317428571426,284.356653603191,312.4286960842335,32.38080000000002,0.9993686929975742,28.129304432811526,0.9973734066393944
