stock,minmax,BOP,LINEARREG,SAREXT,HT_DCPHASE,TRANGE,SIN,TAN,COS
2732,min,-1.0,113.90333142857128,-186.9904,-41.44614750366702,1.8559999999999945,-0.998400033774756,-27.634403860298605,-0.9978435746914773
2732,max,0.9285708787783138,172.07622857142854,159.2712263531048,313.2238941637035,25.055800000000005,0.9999973558736127,434.8535659426364,0.9998661050363344
