stock,minmax,BOP,LINEARREG,SAREXT,HT_DCPHASE,TRANGE,SIN,TAN,COS
2753,min,-1.0,155.13754857142868,-203.12525664,-44.867188360962814,0.9584000000000117,-0.981932711938261,-8.182086635678495,-0.9987210410563041
2753,max,1.0,188.99685142857138,177.714828,293.83667472583454,13.897899999999993,0.9997439749628361,44.18352670719994,0.9983541039669492
