stock,minmax,BOP,LINEARREG,SAREXT,HT_DCPHASE,TRANGE,SIN,TAN,COS
3034,min,-1.0,347.32644000000016,-417.1623,-40.9225456589665,3.3145999999999844,-0.9997350060499592,-43.429086595042094,-0.9999877743175738
3034,max,0.8750036101083016,407.6244600000003,388.99382444970905,314.72240359458795,27.267300000000034,0.9990074193119801,22.427383016040537,0.9999414813485289
