stock,minmax,BOP,LINEARREG,SAREXT,HT_DCPHASE,TRANGE,SIN,TAN,COS
3042,min,-1.0,75.04920285714283,-90.3377,-37.15225304093326,0.26729999999999166,-0.9957251116841372,-43.89058764087916,-0.9994517041330058
3042,max,1.0,91.10375714285713,88.4156,313.8314531036766,6.054600000000008,0.9997405473150583,15.930445446916073,0.9995650746489227
