stock,minmax,BOP,LINEARREG,SAREXT,HT_DCPHASE,TRANGE,SIN,TAN,COS
3044,min,-1.0,99.26735142857144,-167.3621,-36.80071049535093,0.9061999999999983,-0.9979309474052144,-23.157200225075457,-0.9985223475972591
3044,max,0.9615393816636224,189.06612285714303,175.07703531076731,309.33907065159747,19.774699999999996,0.9999559618881052,106.55070126233426,0.994870902175488
