stock,minmax,BOP,LINEARREG,SAREXT,HT_DCPHASE,TRANGE,SIN,TAN,COS
3264,min,-1.0,47.54680857142852,-62.4476,-35.993904097555856,0.5422999999999973,-0.9997599007734308,-45.62589590979899,-0.9999555860626886
3264,max,0.8749836366016508,60.42056285714287,58.166889712758795,308.48070118379025,3.6285000000000025,0.999512198670831,18.244334400154806,0.9858512566278571
