stock,minmax,BOP,LINEARREG,SAREXT,HT_DCPHASE,TRANGE,SIN,TAN,COS
3533,min,-1.0,692.6718428571429,-930.3225,-42.4173972743024,9.493100000000027,-0.9999223226041971,-125.93756370022474,-0.9997657172015615
3533,max,0.8541679468384863,900.0260400000003,864.1222625048348,313.04958238581867,91.1336,0.9999684761760796,80.2254887039791,0.999999228342923
