stock,minmax,BOP,LINEARREG,SAREXT,HT_DCPHASE,TRANGE,SIN,TAN,COS
3563,min,-1.0,171.8712428571427,-245.9074,-41.780314460313946,1.4121999999999844,-0.9950292722098372,-18.732471723655237,-0.9995882995529449
3563,max,1.0,236.3532771428572,220.10094737170033,309.6880261323341,26.39960000000002,0.999429343609033,29.58773517259931,0.9992483861938997
