stock,minmax,BOP,LINEARREG,SAREXT,HT_DCPHASE,TRANGE,SIN,TAN,COS
3624,min,-1.0,47.337688571428636,-75.6836,-42.12774409502572,0.7828999999999979,-0.9998792060439592,-64.33140727857577,-0.9999917565133217
3624,max,1.0,71.2305514285714,65.90583758945311,313.6941761601894,6.4550999999999945,0.9920949478171367,12.80163028118857,0.99980077345859
