stock,minmax,BOP,LINEARREG,SAREXT,HT_DCPHASE,TRANGE,SIN,TAN,COS
3711,min,-1.0,89.75375428571428,-115.3205,-38.73883908013579,0.8994,-0.9999750726724544,-141.6247063915211,-0.9998186983792273
3711,max,1.0,116.50631142857155,111.45410284799999,314.5896264056361,7.75269999999999,0.9502583957857105,52.712413660288206,0.9801587482180708
