stock,minmax,BOP,LINEARREG,SAREXT,HT_DCPHASE,TRANGE,SIN,TAN,COS
4104,min,-1.0,67.38060857142852,-89.8041,-41.080038413840725,0.4195999999999884,-0.9995406063016967,-185.36601302275898,-0.9998418748813991
4104,max,0.9047943262411343,87.02322285714284,82.11071198502596,307.1120032518933,7.134,0.9999854487498375,163.3963070498886,0.9995523199103462
