stock,minmax,BOP,LINEARREG,SAREXT,HT_DCPHASE,TRANGE,SIN,TAN,COS
4105,min,-1.0,71.56853428571426,-77.33,-43.85922044387905,0.28709999999999525,-0.9992579130906978,-17.47182185455371,-0.9999994286543661
4105,max,0.8889017877873289,75.31475142857144,74.12157864503955,311.9297314189639,2.584000000000003,0.6201477525630193,25.942737364400262,0.9998437780321473
