stock,minmax,BOP,LINEARREG,SAREXT,HT_DCPHASE,TRANGE,SIN,TAN,COS
4138,min,-1.0,57.37876857142853,-124.028,-42.56162249374978,0.3061999999999969,-0.9987808935678044,-5.225173752807501,-0.9988631926579485
4138,max,1.0,115.41064857142862,102.40372784530445,297.9736589917598,10.989800000000002,0.9989008359545875,21.310591040912342,0.9986187829394358
