stock,minmax,BOP,LINEARREG,SAREXT,HT_DCPHASE,TRANGE,SIN,TAN,COS
4164,min,-1.0,49.969134285714276,-70.6617,-39.09093584851996,0.6533999999999978,-0.9843813821575541,-12.407711112465527,-0.9997783669475842
4164,max,0.8679455045278135,67.67201428571431,62.72501418961094,314.2858552025807,7.187499999999993,0.9967679565467518,5.591515330679672,0.9998526375484643
