stock,minmax,BOP,LINEARREG,SAREXT,HT_DCPHASE,TRANGE,SIN,TAN,COS
4763,min,-1.0,254.61091142857146,-747.8876,-42.4477392825537,8.071199999999976,-0.9998595867083934,-21.340033822751067,-0.999967128445748
4763,max,1.0,710.3302942857142,636.117,305.06680283819253,90.01660000000004,0.9991966890531035,59.66713055277589,0.9997876605167266
