stock,minmax,BOP,LINEARREG,SAREXT,HT_DCPHASE,TRANGE,SIN,TAN,COS
5234,min,-0.9600101561508204,79.54532857142858,-150.6769,-44.42303900887657,0.756299999999996,-0.9999758415803952,-39.06208762822823,-0.9999995960818404
5234,max,0.9090961549558563,151.19716571428575,138.5255,313.8307380115573,14.09559999999999,0.999912071023322,143.86093316298513,0.9964748284878744
