stock,minmax,BOP,LINEARREG,SAREXT,HT_DCPHASE,TRANGE,SIN,TAN,COS
5236,min,-1.0,77.1617085714285,-126.7211,-41.347756635764995,0.6259000000000015,-0.9999985764532346,-592.6505190053931,-0.9995894127118508
5236,max,0.9499989543905141,132.6507514285713,117.25006674615928,312.77182377944814,12.433000000000007,0.9995044564263821,28.395362131825365,0.9991884271897801
