stock,minmax,BOP,LINEARREG,SAREXT,HT_DCPHASE,TRANGE,SIN,TAN,COS
5243,min,-0.9474005099212933,61.11361714285717,-87.2683,-42.28320204216743,0.8546000000000049,-0.9999308902695315,-28.009249737689828,-0.9999694525720222
5243,max,0.9272612391820468,86.94545142857137,79.47308199085128,302.0684598780345,7.786699999999996,0.998232460336069,85.05363736379331,0.9998742071266331
