stock,minmax,BOP,LINEARREG,SAREXT,HT_DCPHASE,TRANGE,SIN,TAN,COS
5288,min,-1.0,157.88823142857137,-188.9736,-39.54429983376406,0.4630999999999972,-0.9999871091111926,-17.93699909417816,-0.9996876175709744
5288,max,1.0,184.06395714285713,175.6405917689783,311.8161930843645,10.652999999999992,0.9989915217733438,196.94246624212798,0.9999776754319888
