stock,minmax,BOP,LINEARREG,SAREXT,HT_DCPHASE,TRANGE,SIN,TAN,COS
5306,min,-1.0,135.76966285714295,-154.2113,-34.91431437349593,0.48500000000001364,-0.9955740221192444,-12.163765823521913,-0.998406026418841
5306,max,1.0,153.77830285714282,148.37002128138977,314.08423680356145,6.683899999999994,0.9966376784791797,8.525739985652782,0.9997607132744107
