stock,minmax,BOP,LINEARREG,SAREXT,HT_DCPHASE,TRANGE,SIN,TAN,COS
5347,min,-1.0,64.97165142857139,-92.1019,-42.12503566971009,0.6758999999999986,-0.9996567465483461,-38.15625288242623,-0.9998070289436598
5347,max,0.9285658612626646,90.20878285714285,83.58850412,308.8392298236613,3.849100000000007,0.9999767438018237,146.62501421917557,0.9979082664602092
