stock,minmax,BOP,LINEARREG,SAREXT,HT_DCPHASE,TRANGE,SIN,TAN,COS
5508,min,-1.0,52.78046857142861,-73.4039,-30.12022492556349,0.08680000000000376,-0.9996124351022004,-14.867877645667283,-0.9999353041221724
5508,max,1.0,72.63881714285715,70.026804502352,310.878789744306,2.7537999999999982,0.9977328864070063,35.90761151055223,0.999877359320313
