stock,minmax,BOP,LINEARREG,SAREXT,HT_DCPHASE,TRANGE,SIN,TAN,COS
5511,min,-1.0,30.30718285714287,-80.4426,-37.05085235996802,0.3149000000000015,-0.9999656702159176,-30.710547615747615,-0.9999651746360299
5511,max,0.9599964441283655,80.97663428571433,74.4908,309.4094984200176,6.044899999999998,0.9999685203873313,126.02597277513874,0.999966162244394
