stock,minmax,BOP,LINEARREG,SAREXT,HT_DCPHASE,TRANGE,SIN,TAN,COS
6203,min,-1.0,59.77350571428572,-115.5,-36.373710669744696,0.9500000000000028,-0.9996478560364893,-12.700874729121297,-0.9998084694084303
6203,max,1.0,109.51857999999996,98.41092031202015,307.6593219716595,10.5,0.9920443139033354,37.67126065305412,0.9998993093547247
