stock,minmax,BOP,LINEARREG,SAREXT,HT_DCPHASE,TRANGE,SIN,TAN,COS
6223,min,-1.0,118.89274285714296,-220.2125,-36.32865425441901,2.3699999999999903,-0.9998698578641781,-14.076265223735593,-0.999998851030426
6223,max,0.9411764705882365,204.48304571428577,195.8939019646964,312.53804160979956,20.73750000000001,0.9902757699611118,61.9774414875144,0.9931702149647423
