stock,minmax,BOP,LINEARREG,SAREXT,HT_DCPHASE,TRANGE,SIN,TAN,COS
6285,min,-1.0,73.84009428571431,-117.3935,-34.79378782163968,0.7241000000000071,-0.9999754113547689,-10.138416657738704,-0.9988171901738483
6285,max,0.9444512644242536,125.32755428571434,118.8028474,311.1370223653139,10.843599999999995,0.9922444666483428,142.59677139700273,0.9986797728192449
