stock,minmax,BOP,LINEARREG,SAREXT,HT_DCPHASE,TRANGE,SIN,TAN,COS
6414,min,-1.0,225.5775457142859,-300.7744,-43.7092695469085,1.8423999999999978,-0.9984324806737537,-115.79865156967315,-0.9990084234420591
6414,max,0.9142867776592316,284.4163742857143,268.66929573896357,310.5122925365059,23.95150000000001,0.9999627146082849,13.47569986729601,0.9952454282106874
