stock,minmax,BOP,LINEARREG,SAREXT,HT_DCPHASE,TRANGE,SIN,TAN,COS
6443,min,-1.0,29.03606285714286,-40.1116,-41.724703758786745,0.24170000000000158,-0.9999728432139836,-135.68660350194165,-0.9999995775453726
6443,max,0.8749523446435398,37.78086571428571,37.044667968744555,312.62610173636733,2.8030000000000044,0.9998199395337005,35.94188493775628,0.9999927349349731
