stock,minmax,BOP,LINEARREG,SAREXT,HT_DCPHASE,TRANGE,SIN,TAN,COS
6515,min,-0.976188768912374,542.3511857142859,-912.6292,-41.81173288721692,8.898900000000026,-0.9994604237559325,-12.570397472295422,-0.9755301878429837
6515,max,1.0,865.953588571429,796.5152796685386,310.90010702417,93.9326000000001,0.9968506813218785,30.428657033334684,0.9995159355479063
