stock,minmax,BOP,LINEARREG,SAREXT,HT_DCPHASE,TRANGE,SIN,TAN,COS
6683,min,-1.0,175.72329714285718,-238.5898,-42.80119581293445,0.9467999999999961,-0.9979623962960251,-11.899933067954851,-0.991770439180148
6683,max,1.0,223.44126571428583,215.37488970479257,307.9222396887342,18.935699999999997,0.9942948095699901,15.640861177684942,0.9999996919949936
