stock,minmax,BOP,LINEARREG,SAREXT,HT_DCPHASE,TRANGE,SIN,TAN,COS
6829,min,-1.0,84.92659714285716,-146.6259,-43.477723568194335,2.3423000000000087,-0.9988867499202566,-47.52430902831736,-0.9998118025679399
6829,max,0.9830490077247321,149.99804857142865,131.41802239999998,305.2998227384507,16.10560000000001,0.9997786934871736,26.133399824356665,0.9999759523935252
