stock,minmax,BOP,LINEARREG,SAREXT,HT_DCPHASE,TRANGE,SIN,TAN,COS
8436,min,-1.0,149.13266285714286,-218.1382,-42.57399070459047,1.4305999999999983,-0.998206777815853,-16.675668345383144,-0.9998659381371584
8436,max,1.0,203.41041714285709,192.6656,303.0189707097075,18.988699999999994,0.9984147680533916,17.738699352915734,0.9999983057564837
