stock,minmax,BOP,LINEARREG,SAREXT,HT_DCPHASE,TRANGE,SIN,TAN,COS
9933,min,-1.0,36.953825714285685,-39.9263,-43.16765960024463,0.13759999999999906,-0.6858796849702326,-9.426212368269159,-0.37193419215324725
9933,max,1.0,39.41758857142858,38.54215625591311,309.62815235041285,2.2945999999999955,0.9994909775375371,31.329299168770458,0.9997771533182008
