stock,minmax,BOP,LINEARREG,SAREXT,HT_DCPHASE,TRANGE,SIN,TAN,COS
9939,min,-1.0,89.23186857142855,-105.5897,-44.210826715494136,0.6474000000000046,-0.9999987697659722,-11.873331023353895,-0.999961394967181
9939,max,0.9444344326305032,103.23710857142856,100.91024781441823,310.40584885383373,9.063500000000005,0.996472054561093,637.5154787679223,0.9962507989149011
