stock,minmax,BOP,TSF,HT_DCPERIOD,TAN,COS,AD,SIN,TRANGE
1101,min,-1.0,33.79519230769231,15.050255739571938,-36.355558417566726,-0.9998719307769274,-60746769.94878023,-0.9998874897575503,0.1274000000000015
1101,max,1.0,42.97352967032973,33.3035436490665,66.65800668604523,0.9946989702109391,227382743.78987804,0.9998553645654981,1.571799999999996
