stock,minmax,BOP,TSF,HT_DCPERIOD,TAN,COS,AD,SIN,TRANGE
1101,min,-1.0,34.81312307692311,15.050447517834947,-5.106422901992878,-0.9984655634510905,-60665743.73804989,-0.9996770431510621,0.13130000000000308
1101,max,2.0,9.454815384615365,18.25235220816485,44.443993835178205,1.9973986648712412,288058129.82041425,1.979225412574173,1.4878999999999962
