stock,minmax,BOP,TSF,HT_DCPERIOD,TAN,COS,AD,SIN,TRANGE
1210,min,-1.0,42.16646703296701,18.50421345941266,-13.541387901411822,-0.9996897571069097,-19250287.4269238,-0.9998673839056343,0.1798999999999964
1210,max,2.0,8.83071758241762,14.567840708523335,74.93789808210335,1.9996804998632376,29219880.577466957,1.9893867921812443,3.8903000000000034
