stock,minmax,BOP,TSF,HT_DCPERIOD,TAN,COS,AD,SIN,TRANGE
1215,min,-1.0,66.70691098901098,16.24045700040863,-80.86738690364426,-0.9992769074416259,-344319.0905088668,-0.9995893891166824,0.1688999999999936
1215,max,1.8888450407787536,5.679641758241743,16.728968593741353,94.70628616075959,1.999040638185832,7199391.564119824,1.9995129398400913,2.534000000000006
