stock,minmax,BOP,TSF,HT_DCPERIOD,TAN,COS,AD,SIN,TRANGE
1216,min,-1.0,58.479565934065896,15.101654477558805,-3.8624025162676485,-0.997230653489314,17649784.521128476,-0.9997365055018519,0.36829999999999785
1216,max,2.0,5.226729670329668,21.054608239560906,47.41493241856564,1.9968315620048571,78698859.14030828,1.9918529999266443,1.6576000000000022
