stock,minmax,BOP,TSF,HT_DCPERIOD,TAN,COS,AD,SIN,TRANGE
1301,min,-1.0,89.66152307692302,12.44371144520997,-3.60591107334232,-0.9909801588451761,-22421234.58304768,-0.9934995573690204,0.44079999999999586
1301,max,2.0,5.5314648351648685,15.870267597527679,12.333376584488265,1.9879225034401125,73156658.04179427,1.9790376035130546,3.085400000000007
