stock,minmax,BOP,TSF,HT_DCPERIOD,TAN,COS,AD,SIN,TRANGE
1303,min,-1.0,69.79225274725282,14.83520085167411,-22.41672822102418,-0.9912589571897858,-1217631.4584418838,-0.9993071418810501,0.26139999999999475
1303,max,1.9411566118632044,11.900884615384598,20.08427583453198,49.26628230520941,1.9904621126810378,162299188.66389003,1.9984033023175711,2.700700000000012
