stock,minmax,BOP,TSF,HT_DCPERIOD,TAN,COS,AD,SIN,TRANGE
1303,min,-1.0,68.79318791208787,14.835228558766465,-17.080369212898603,-0.9994428173637547,-1217055.9122530338,-0.9980144334132905,0.2575999999999965
1303,max,0.9411583381854286,80.52375164835169,34.918833678445246,77.90946729893551,0.9999973002425412,161094226.39313596,0.9999176362945491,2.919700000000006
