stock,minmax,BOP,TSF,HT_DCPERIOD,TAN,COS,AD,SIN,TRANGE
1319,min,-1.0,27.344521978021962,18.200162700190496,-31.465851970206216,-0.9994090381494187,-18562295.026333835,-0.9999084681171958,0.13599999999999923
1319,max,2.0,10.216720879120938,11.759010180732062,105.37002961110383,1.9984878358776794,37589045.864989474,1.9700270800618802,1.9495000000000005
