stock,minmax,BOP,TSF,HT_DCPERIOD,TAN,COS,AD,SIN,TRANGE
1319,min,-1.0,27.344521978021962,18.200162700190496,-31.46585197020622,-0.9994090381494187,-18562295.026333835,-0.9999084681171958,0.13599999999999923
1319,max,1.0,37.5612428571429,29.95917288092256,73.90417764089761,0.9990787977282606,19026750.838655636,0.9701186119446843,2.0854999999999997
