stock,minmax,BOP,TSF,HT_DCPERIOD,TAN,COS,AD,SIN,TRANGE
1319,min,-1.0,28.26755714285716,18.200160005977096,-17.816221958992912,-0.9792804301573921,-18566432.677316226,-0.9992920672253387,0.14059999999999917
1319,max,2.0,10.561603296703264,11.759182599209534,44.37807129178019,1.9733755208470356,37592332.67212692,1.8493385105022138,2.0152999999999963
