stock,minmax,BOP,TSF,HT_DCPERIOD,TAN,COS,AD,SIN,TRANGE
1476,min,-1.0,353.4363813186813,17.994730452591728,-35.82363890633549,-0.9999894578638799,-14446850.388027411,-0.9996106170876269,5.484300000000076
1476,max,1.0,589.8943384615384,24.30143765644834,3031.272041576483,0.9987871286020941,-974830.6119393485,0.9999999455848111,45.70250000000004
