stock,minmax,BOP,TSF,HT_DCPERIOD,TAN,COS,AD,SIN,TRANGE
1476,min,-1.0,353.4363813186813,17.994730452591728,-35.82363890633549,-0.9999894578638799,-14446850.388027411,-0.9996106170876269,5.484300000000076
1476,max,2.0,236.45795714285708,6.306707203856611,3067.0956804828184,1.998776586465974,13472019.776088063,1.999610562672438,40.21819999999997
