stock,minmax,BOP,TSF,HT_DCPERIOD,TAN,COS,AD,SIN,TRANGE
1477,min,-1.0,140.58460659340673,16.907994071909968,-51.8180952213705,-0.9999468843526638,-15120284.604135035,-0.9998138402318238,1.7102999999999895
1477,max,1.0,217.33931648351648,30.769549224398062,25.95648957663607,0.9949041664839896,-4164111.5360408924,0.9983938396216095,16.247799999999984
