stock,minmax,BOP,TSF,HT_DCPERIOD,TAN,COS,AD,SIN,TRANGE
1531,min,-1.0,12.759780219780215,17.836933502161536,-5.880825937002452,-0.3833614356877652,-456983.03321448393,0.07465985091941685,0.04499999999999993
1531,max,2.0,1.816267032967053,13.569360900406181,15.702407075874781,1.3805704943413108,1161423.291993725,0.9201967940810294,0.5397999999999996
