stock,minmax,BOP,TSF,HT_DCPERIOD,TAN,COS,AD,SIN,TRANGE
1537,min,-1.0,119.32153076923069,12.452372215315823,-4.060272096327078,-0.9999970875344191,-3224880.7794465837,-0.7721301727524928,0.4422999999999888
1537,max,2.0,3.5529813186815176,17.254354248331925,8.972806431767259,1.8844952038202694,1264187.4309824961,1.752034078121803,4.423100000000019
