stock,minmax,BOP,TSF,HT_DCPERIOD,TAN,COS,AD,SIN,TRANGE
1537,min,-1.0,119.32153076923069,12.452372215315823,-4.060272096327078,-0.9999970875344191,-3224880.7794465837,-0.7721301727524928,0.4422999999999888
1537,max,1.0,122.87451208791221,29.706726463647747,4.9125343354401805,0.8844981162858502,-1960693.3484640876,0.9799039053693099,4.865400000000008
