stock,minmax,BOP,TSF,HT_DCPERIOD,TAN,COS,AD,SIN,TRANGE
1560,min,-0.9375375776604948,90.33594505494511,14.447537619413511,-13.348431530924904,-0.9997157721058118,-8447543.42560957,-0.9972056154205303,1.8712000000000018
1560,max,0.9285703379090261,142.1944054945056,27.331775711921228,17.15331600578429,0.9989860919350867,66272657.29732666,0.9983050045232938,12.630500000000012
