stock,minmax,BOP,TSF,HT_DCPERIOD,TAN,COS,AD,SIN,TRANGE
1560,min,-0.9375165125495382,91.36694175824167,14.447580788162297,-1289.506384310626,-0.9998062269203726,-8448833.380429933,-0.9999996993073482,1.8924999999999983
1560,max,1.8660782360055075,52.450346153846425,12.884181116619382,1316.4144022374774,1.9996399642645928,74719180.80531286,1.9993098455926472,10.882100000000023
