stock,minmax,BOP,TSF,HT_DCPERIOD,TAN,COS,AD,SIN,TRANGE
1565,min,-1.0,233.16125164835145,18.822329890259653,-17.909122465860847,-0.9999965687618797,-3624393.232949529,-0.9977599970912331,1.3272000000000048
1565,max,2.0,56.35422197802225,8.929956921416906,63.24770823725567,1.9991074187499582,3012123.1783818845,1.9975168463236703,11.944600000000037
