stock,minmax,BOP,TSF,HT_DCPERIOD,TAN,COS,AD,SIN,TRANGE
1565,min,-1.0,224.1686483516482,18.82229800385675,-25.409238211398655,-0.9998955863945415,-3624385.07338234,-0.9988204796725793,1.2760000000000105
1565,max,1.0,278.34936923076896,27.752236991265576,20.570641162161184,0.9990414712718555,-612311.4987295776,0.9992264603647952,12.759999999999991
