stock,minmax,BOP,TSF,HT_DCPERIOD,TAN,COS,AD,SIN,TRANGE
1565,min,-1.0,233.16125164835145,18.822329890259653,-17.909122465860847,-0.9999965687618797,-3624393.232949529,-0.9977599970912331,1.3272000000000048
1565,max,1.0,289.5154736263737,27.75228681167656,45.338585771394825,0.9991108499880784,-612270.0545676445,0.9997568492324372,13.271800000000042
