stock,minmax,BOP,TSF,HT_DCPERIOD,TAN,COS,AD,SIN,TRANGE
1570,min,-1.0,15.568658241758232,17.28782443094479,-45.55543739098291,-0.9980498042856446,-24708100.831161655,-0.99981260889854,0.13449999999999918
1570,max,2.0,4.942078021978038,17.854082719030057,97.20295784811336,1.9978260261241765,8850514.593781505,1.999571766665054,1.4345999999999997
