stock,minmax,BOP,TSF,HT_DCPERIOD,TAN,COS,AD,SIN,TRANGE
1570,min,-1.0,15.079816483516494,17.287519247696498,-308.602295354318,-0.998529548960631,-24708972.576510083,-0.999994749891482,0.13019999999999854
1570,max,2.0,4.786927472527461,17.854334881613337,320.5275973814456,1.9973846728710654,8850771.581509242,1.963081743145231,1.3896000000000033
