stock,minmax,BOP,TSF,HT_DCPERIOD,TAN,COS,AD,SIN,TRANGE
1580,min,-1.0,84.8258824175824,15.728271662165854,-9801.396167595956,-0.9977083475215403,-489261.3669663988,-0.999999994795319,0.0
1580,max,2.0,12.130869230769221,13.724343915641262,9808.934192895356,1.9974150481583477,860075.577155581,1.9913150266514905,3.9833
