stock,minmax,BOP,TSF,HT_DCPERIOD,TAN,COS,AD,SIN,TRANGE
1590,min,-0.94117896779671,761.6801527472517,20.007833117573195,-77.9922375526218,-0.9950929916983583,-4017460.294947899,-0.9999178109993035,10.669399999999996
1590,max,0.9722205516368388,1013.7580230769232,37.324081207832975,216.23154708790412,0.9922611305816085,5609074.042064239,0.9999893063755798,74.68539999999996
