stock,minmax,BOP,TSF,HT_DCPERIOD,TAN,COS,AD,SIN,TRANGE
1590,min,-0.9411768347033722,746.2632384615396,20.00783779576593,-106.91077195923445,-0.9956268895079534,-4017471.3207854833,-0.9999562580059267,10.453399999999988
1590,max,0.972222465807882,993.2388648351646,37.324033671532845,41.87210189799659,0.9998824471252974,5609066.210037425,0.9997149410049258,73.17369999999994
