stock,minmax,BOP,TSF,HT_DCPERIOD,TAN,COS,AD,SIN,TRANGE
1708,min,-1.0,27.61263626373627,18.05225305022961,-24.5480818936111,-0.9891366028637829,-361384361.5070721,-0.9992845229737881,0.39800000000000324
1708,max,2.0,36.58671758241761,18.124403662929375,50.96937156145752,1.9889383686662234,587719000.20004,1.9958236357313208,8.269999999999996
