stock,minmax,BOP,TSF,HT_DCPERIOD,TAN,COS,AD,SIN,TRANGE
1709,min,-0.9565436072829707,19.2773989010989,15.52333504324099,-26.4739030387467,-0.9994238024658074,-145103248.81900457,-0.9992873609431082,0.25929999999999964
1709,max,0.9444301628106256,28.012697802197792,30.954529690748295,16.017124584690034,0.9979882801142467,106976432.5744956,0.9980567282743901,2.3339999999999996
