stock,minmax,BOP,TSF,HT_DCPERIOD,TAN,COS,AD,SIN,TRANGE
1712,min,-1.0,23.186848351648358,15.301516950483435,-102.43010679484752,-0.9994243010624415,-59398206.29764788,-0.9999906246592115,0.20579999999999998
1712,max,1.9682441074365067,8.268445054945083,18.299384544672346,333.36439332953773,1.9522572591006337,96795111.59725647,1.9999429723764943,3.5732000000000035
