stock,minmax,BOP,TSF,HT_DCPERIOD,TAN,COS,AD,SIN,TRANGE
1720,min,-1.0,37.960508791208845,14.023388814072806,-68.06014229159119,-0.9999479345756911,-9378239.808426138,-0.9993840293431683,0.18189999999999884
1720,max,2.0,4.019143956043912,19.12732534313899,100.5087948083897,1.9991683786127676,12723801.903490297,1.999276106348204,3.4555000000000007
