stock,minmax,BOP,TSF,HT_DCPERIOD,TAN,COS,AD,SIN,TRANGE
1722,min,-1.0,57.41736703296701,15.305595855803933,-11.899057004172263,-0.9990861752143168,-78407454.76862605,-0.9999905094015102,0.44069999999999965
1722,max,0.9374601148691764,71.17867472527476,26.83909820646522,229.5277030660738,0.999935624300882,-13658874.235391714,0.9981370641750233,6.169699999999999
