stock,minmax,BOP,TSF,HT_DCPERIOD,TAN,COS,AD,SIN,TRANGE
1722,min,-1.0,59.88902307692305,15.30556057942551,-8.387995670650605,-0.9999955926194232,-78402867.87100598,-0.9978790067119649,0.4596000000000018
1722,max,0.9374575118966696,74.2426868131868,26.83892158521295,20.247218993322303,0.9987227760007269,-13653990.340229366,0.9987825655340394,6.435299999999998
