stock,minmax,BOP,TSF,HT_DCPERIOD,TAN,COS,AD,SIN,TRANGE
1722,min,-1.0,59.88902307692305,15.30556057942551,-8.387995670650605,-0.9999955926194232,-78402867.87100598,-0.9978790067119649,0.4596000000000018
1722,max,1.9374575118966697,14.35366373626374,11.533361005787441,28.63521466397291,1.9987183686201502,64748877.53077662,1.9966615722460044,5.975699999999996
