stock,minmax,BOP,TSF,HT_DCPERIOD,TAN,COS,AD,SIN,TRANGE
1802,min,-1.0,18.455605494505498,17.847911010239997,-541.1976512602705,-0.9998775635467522,-304537879.0327871,-0.9999199253150185,0.2284000000000006
1802,max,2.0,6.288823076923045,27.317012378814503,571.4484895681302,1.9996924019832574,113855992.82483613,1.999918218222394,1.5076999999999998
