stock,minmax,BOP,TSF,HT_DCPERIOD,TAN,COS,AD,SIN,TRANGE
1817,min,-1.0,29.33469999999997,14.247468246100397,-39.25370875414182,-0.5014987151855587,1283020.563011471,-0.9998566874330765,0.04230000000000089
1817,max,2.0,2.0271879120879426,16.661025508422536,98.31408113911365,1.4995508117101364,762761.5201426514,0.9374706904233708,0.5932999999999993
