stock,minmax,BOP,TSF,HT_DCPERIOD,TAN,COS,AD,SIN,TRANGE
1817,min,-1.0,30.72604395604392,14.248309416695777,-0.8517799951848483,0.1455044826220318,1283707.3210596323,-0.6484347555088962,0.044399999999996
1817,max,2.0,2.123438461538445,16.648906655774802,7.651279051981108,0.8501393818106089,762534.8600922844,1.6377923478570293,0.6212000000000018
