stock,minmax,BOP,TSF,HT_DCPERIOD,TAN,COS,AD,SIN,TRANGE
1904,min,-1.0,26.139578021977993,15.532691342757973,-10.410566685380095,-0.9565010402183509,-47377368.71209027,-0.9896885832708382,0.1814
1904,max,2.0,7.158616483516536,14.431800280216967,59.36849095218632,1.9564634259643938,28162976.812282443,1.9894800438590705,2.131199999999996
