stock,minmax,BOP,TSF,HT_DCPERIOD,TAN,COS,AD,SIN,TRANGE
1904,min,-1.0,25.69045384615384,15.532645604323983,-69.10467570193889,-0.9934444773654668,-47378382.054988995,-0.9998953144022624,0.17820000000000036
1904,max,2.0,7.035607692307689,14.432707104961649,191.98898967132007,1.9922891709141397,28162127.3921119,1.9998622046801073,2.094699999999996
