stock,minmax,BOP,TSF,HT_DCPERIOD,TAN,COS,AD,SIN,TRANGE
2006,min,-0.9600143607234205,50.455102197802205,17.38343958567105,-46.227948733369296,-0.9994645886052186,16111392.704714151,-0.9997661117668958,0.4924999999999997
2006,max,1.9600143607234206,18.519285714285672,8.831081647928059,81.9881726027509,1.9994091251268367,90967943.02696921,1.9990395862113433,4.268599999999999
