stock,minmax,BOP,TSF,HT_DCPERIOD,TAN,COS,AD,SIN,TRANGE
2015,min,-1.0,64.66612527472529,18.528659821859637,-73.673106085571,-0.9993459742014124,-1205609.9310035494,-0.9999078931270114,0.340999999999994
2015,max,1.0,84.7591923076923,34.23898932353029,78.52132274365191,0.9991662292893628,6095008.932881115,0.9999189147302986,4.006800000000013
