stock,minmax,BOP,TSF,HT_DCPERIOD,TAN,COS,AD,SIN,TRANGE
2027,min,-1.0,31.159541758241705,15.580591692881843,-35.354832519511326,-0.9961638939470643,-874728211.2138221,-0.9998552395955486,0.2984999999999971
2027,max,1.9615444095056427,9.784950549450588,21.022501744526107,146.18139572288482,1.9947283922416126,628214651.8944023,1.9998145338461244,3.991500000000002
