stock,minmax,BOP,TSF,HT_DCPERIOD,TAN,COS,AD,SIN,TRANGE
2027,min,-1.0,30.180753846153834,15.580609567935396,-204.7282998819545,-0.9861740473480678,-874677684.3343855,-0.9999880709331245,0.2890000000000015
2027,max,0.9615200383202946,39.65838021978017,36.60303781376322,32.0249444868602,0.9997122979602002,-246494084.36616156,0.9975912007417412,4.155299999999997
