stock,minmax,BOP,TSF,HT_DCPERIOD,TAN,COS,AD,SIN,TRANGE
2030,min,-1.0,23.4951791208791,15.981038072698077,-26.059367094376316,-0.9989391440227144,-245918353.6201868,-0.9992645333953086,0.17169999999999774
2030,max,2.0,12.61022967032968,13.536302132503785,47.12062989166082,1.9988627753809665,166221328.3963644,1.9976610557548033,4.162200000000002
