stock,minmax,BOP,TSF,HT_DCPERIOD,TAN,COS,AD,SIN,TRANGE
2031,min,-1.0,38.95710659340662,19.201861852494996,-25.30381572116589,-0.9999185869683074,-102896007.22032455,-0.9992200089451883,0.5272999999999968
2031,max,2.0,26.719162637362643,14.828220753801073,67.0249287658382,1.9992268527387704,89804110.58131102,1.9989328838477958,4.394600000000004
