stock,minmax,BOP,TSF,HT_DCPERIOD,TAN,COS,AD,SIN,TRANGE
2031,min,-1.0,37.1338340659341,19.202039215642102,-46.21224726994361,-0.9999998772382261,-102894930.29967195,-0.9997922100352382,0.5026999999999973
2031,max,2.0,25.468596703296633,14.827687927330047,95.25840920667862,1.9965517339185728,89805182.82397807,1.9995581628952532,4.1888000000000005
