stock,minmax,BOP,TSF,HT_DCPERIOD,TAN,COS,AD,SIN,TRANGE
2034,min,-1.0,24.75211758241758,16.249034232931184,-12.54221202693139,-0.9999201935704457,-93975023.25546205,-0.9997913105369558,0.16900000000000048
2034,max,1.0,31.217418681318698,40.84939370793546,48.940314802347324,0.9996044750652705,-30666674.9009833,0.9968365779951912,3.0839
