stock,minmax,BOP,TSF,HT_DCPERIOD,TAN,COS,AD,SIN,TRANGE
2034,min,-1.0,25.22438681318681,16.24890352377255,-32.28687006111736,-0.999454430924647,-93957710.41699615,-0.9952865686400892,0.17220000000000013
2034,max,1.0,31.813072527472492,40.84909325162903,82.384866678926,0.9952823729449298,-30662554.861518163,0.9999263407773794,3.142699999999998
