stock,minmax,BOP,TSF,HT_DCPERIOD,TAN,COS,AD,SIN,TRANGE
2034,min,-1.0,26.26241758241758,16.249121740834248,-18.04432831112093,-0.9967185511821659,-93965473.6917785,-0.9900661476597676,0.17930000000000135
2034,max,2.0,6.8598032967033085,24.600476420905736,26.07155276628295,1.9959055466200284,63302025.7361171,1.9885340389161124,3.092799999999997
