stock,minmax,BOP,TSF,HT_DCPERIOD,TAN,COS,AD,SIN,TRANGE
2059,min,-1.0,359.4668285714287,14.360935511268965,-39.425734703130836,-0.9990739019490847,-40147.83582176331,-0.9981639408323252,4.7730999999999995
2059,max,2.0,136.59778571428598,18.49635940179669,45.10978858090136,1.9990436035127528,2166514.9166908297,1.9978424260639396,28.160799999999995
