stock,minmax,BOP,TSF,HT_DCPERIOD,TAN,COS,AD,SIN,TRANGE
2059,min,-1.0,359.4668285714287,14.360935511268965,-39.425734703130836,-0.9990739019490847,-40147.83582176331,-0.9981639408323252,4.7730999999999995
2059,max,1.0,496.0646142857147,32.85729491306565,5.6840538777705225,0.999969701563668,2126367.0808690665,0.9996784852316143,32.933899999999994
