stock,minmax,BOP,TSF,HT_DCPERIOD,TAN,COS,AD,SIN,TRANGE
2103,min,-1.0,24.969576923076875,22.48363608096769,-12.338588532538783,-0.9998762250272151,25489020.454288326,-0.9967318201797698,0.21940000000000026
2103,max,2.0,12.740541758241793,12.5615496549086,42.70164287119402,1.999317119245767,69328234.34050652,1.9961899116870343,1.3603000000000023
