stock,minmax,BOP,TSF,HT_DCPERIOD,TAN,COS,AD,SIN,TRANGE
2204,min,-0.9411681114111133,47.73814835164836,17.808375642869926,-14.509009030413495,-0.9999728039919449,-41718657.801709905,-0.9999021956691582,0.2483000000000004
2204,max,1.0,53.16956703296701,31.762087851296602,104.39418941564674,0.997479314012845,-1369884.0956128715,0.9999541237970977,1.7385999999999981
