stock,minmax,BOP,TSF,HT_DCPERIOD,TAN,COS,AD,SIN,TRANGE
2207,min,-1.0,523.1734373626375,19.38151966134086,-46.1549503344878,-0.9992130988653805,-749047.6232739151,-0.9997653716098858,4.7304000000000315
2207,max,2.0,88.37037582417508,8.757718765216914,57.68634627070879,1.996868415445729,4340180.756620086,1.9981020649338612,27.43640000000005
