stock,minmax,BOP,TSF,HT_DCPERIOD,TAN,COS,AD,SIN,TRANGE
2207,min,-1.0,506.8242318681323,19.381515443487,-136.08777667020146,-0.9999998600419236,-749034.5027811719,-0.9999950236747562,4.582599999999957
2207,max,2.0,85.60876813186735,8.757691092683881,453.06569035942687,1.999983153021987,4340181.485630732,1.9999596917134768,26.579000000000065
