stock,minmax,BOP,TSF,HT_DCPERIOD,TAN,COS,AD,SIN,TRANGE
2227,min,-1.0,201.47352087912083,11.326976960137337,-10.765297283255155,-0.9919363998116777,-160.88239506134414,-0.9957133459063133,0.8952999999999918
2227,max,1.0,224.75097252747267,27.623071415537126,3.251998833854937,0.9962512535551576,961675.4393692971,0.9949322362675918,17.458
