stock,minmax,BOP,TSF,HT_DCPERIOD,TAN,COS,AD,SIN,TRANGE
2227,min,-1.0,207.36435384615402,11.327020347799081,-21.813748347898546,-0.9942020574980458,-186.11904222212615,-0.9989508790795387,0.9213999999999771
2227,max,1.0,231.32237252747228,27.62308140816378,12.340083123564053,0.9997064935548459,961650.3113613843,0.9865220664020783,17.968500000000006
