stock,minmax,BOP,TSF,HT_DCPERIOD,TAN,COS,AD,SIN,TRANGE
2236,min,-1.0,21.596761538461543,15.435740685097755,-25.92405420355945,-0.9998727787199191,-1717627.6623436012,-0.9999901214397098,0.0
2236,max,1.0,24.205848351648346,29.362397505716093,224.97536087316894,0.5984420563222518,269245.24884628766,0.15571236628236357,2.2394999999999996
