stock,minmax,BOP,TSF,HT_DCPERIOD,TAN,COS,AD,SIN,TRANGE
2239,min,-1.0,47.941303296703275,14.031807507020224,-30.218730437420096,-0.999922552959507,244497.69895893673,-0.9981799707218549,0.09519999999999129
2239,max,2.0,35.943121978021985,18.361416649023965,46.770802302633385,1.9846680626418511,1588410.8329677293,1.997632877842621,6.186800000000012
