stock,minmax,BOP,TSF,HT_DCPERIOD,TAN,COS,AD,SIN,TRANGE
2301,min,-1.0,55.555735164835134,11.680306817797161,-72.79730357946625,-0.9974833658075919,15336344.17673977,-0.9999543346600513,0.43710000000000093
2301,max,2.0,6.38171208791217,17.96938483227148,177.43225574379267,1.9974440474406054,133900589.66239147,1.9998599985509253,3.8215000000000003
