stock,minmax,BOP,TSF,HT_DCPERIOD,TAN,COS,AD,SIN,TRANGE
2303,min,-0.933373943501105,39.330474725274755,15.59939902868582,-165.8750222394561,-0.9999948943835699,-3593339385.3561935,-0.9999818282740648,0.35020000000000095
2303,max,1.933373943501105,17.586335164835134,18.87239594989168,178.1220933023481,1.9995389950866516,1642801482.7954776,1.9980289315340487,4.377699999999997
