stock,minmax,BOP,TSF,HT_DCPERIOD,TAN,COS,AD,SIN,TRANGE
2308,min,-1.0,204.59866483516515,20.719721276090485,-61.2386023192,-0.99958009857097,-76773013.39661568,-0.9999892785445874,2.3729999999999905
2308,max,1.9230762996879944,74.36590439560393,12.085767176520353,277.18931320357126,1.9988489749084457,81449079.59407985,1.9980310771685725,13.288700000000006
