stock,minmax,BOP,TSF,HT_DCPERIOD,TAN,COS,AD,SIN,TRANGE
2313,min,-1.0,37.87454175824174,15.352857343472337,-1008.2368384280677,-0.9999005332358641,-163117395.78095183,-0.9990969759439953,0.4083000000000041
2313,max,1.9697515767795104,10.225123076923083,12.263734112460295,1040.4760670367677,1.9998968959283143,195491759.62013814,1.9990964840805345,3.4527999999999963
