stock,minmax,BOP,TSF,HT_DCPERIOD,TAN,COS,AD,SIN,TRANGE
2317,min,-1.0,89.25542857142858,16.092721966737766,-5.224550060612176,-0.9999596175997589,-611791276.749799,-0.9821706674775648,0.442300000000003
2317,max,2.0,10.297391208791296,9.780245957212742,9.984125438429006,1.9984431194574235,335916297.3037543,1.9608039296421729,6.1910000000000025
