stock,minmax,BOP,TSF,HT_DCPERIOD,TAN,COS,AD,SIN,TRANGE
2317,min,-1.0,91.54403076923087,16.09257146808683,-3.204142878658333,-0.9982592354851291,-611809342.8834025,-0.9964346494513803,0.45349999999999113
2317,max,2.0,10.561434065933938,9.780346458223239,15.014693718031744,1.993991510067572,335930415.94772214,1.9895070774304997,6.349900000000005
