stock,minmax,BOP,TSF,HT_DCPERIOD,TAN,COS,AD,SIN,TRANGE
2327,min,-1.0,451.03095604395577,13.62804470739659,-7.552076312875998,-0.9986472608519941,-4824888.935203548,-0.9984467645548869,4.711900000000014
2327,max,2.0,178.12531868131867,14.619048021412262,25.472982886449955,1.996999766174369,31787596.10000424,1.996332111099047,44.76260000000002
