stock,minmax,BOP,TSF,HT_DCPERIOD,TAN,COS,AD,SIN,TRANGE
2327,min,-1.0,367.59488901098905,13.628058564375172,-79.8372648728987,-0.9993051179618787,-4824670.953079171,-0.999921565414433,3.8401999999999816
2327,max,1.0,512.7690384615382,28.24712563528317,46.506923549395545,0.9986080010646063,26962883.94333563,0.9993965819594073,40.322299999999984
