stock,minmax,BOP,TSF,HT_DCPERIOD,TAN,COS,AD,SIN,TRANGE
2330,min,-1.0,486.5033978021977,18.724203344606437,-35.96048297827142,-0.9996076053443782,-330850900.32642686,-0.9996135732512114,3.8192000000000235
2330,max,1.916665935743041,158.64742747252694,20.49998445524072,413.6834056150088,1.9978756448476365,640964865.9218155,1.9996100687917657,20.05060000000003
