stock,minmax,BOP,TSF,HT_DCPERIOD,TAN,COS,AD,SIN,TRANGE
2330,min,-1.0,486.5033978021977,18.724203344606437,-35.960482978271415,-0.9996076053443782,-330850900.32642686,-0.9996135732512114,3.8192000000000235
2330,max,0.9166659357430409,645.1508252747246,39.22418779984716,377.72292263673734,0.9982680395032583,310113965.59538865,0.9999964955405543,23.869800000000055
