stock,minmax,BOP,TSF,HT_DCPERIOD,TAN,COS,AD,SIN,TRANGE
2330,min,-1.0,488.38403296703285,18.724203733518753,-24.96403415213563,-0.9993653517897055,-330844723.03599435,-0.9991986574639754,3.8338999999999714
2330,max,1.9166637542375842,159.26093626373705,20.500019220402304,40.685704523818835,1.999229392867317,640962300.9553111,1.9971818832829347,20.128200000000106
