stock,minmax,BOP,TSF,HT_DCPERIOD,TAN,COS,AD,SIN,TRANGE
2330,min,-1.0,484.338378021978,18.72421051635037,-74.53433281154263,-0.9994949902101047,-330841335.31387323,-0.9999100090905356,3.8021999999999707
2330,max,0.9166629956917397,642.2798164835165,39.22427186000318,67.2394591654395,0.999998664700519,310118090.0117091,0.9998894268849611,23.763599999999997
