stock,minmax,BOP,TSF,HT_DCPERIOD,TAN,COS,AD,SIN,TRANGE
2337,min,-1.0,33.43335604395604,16.634462554380903,-61.37502760755235,-0.9994906259207569,-130027727.63165043,-0.9999994843633842,0.35589999999999833
2337,max,1.9629537129537136,7.298110989010965,16.64456216331346,1046.0954829588413,1.9977440295948075,186864632.2872511,1.9998667754343116,2.5361000000000047
