stock,minmax,BOP,TSF,HT_DCPERIOD,TAN,COS,AD,SIN,TRANGE
2338,min,-1.0,64.22937472527474,12.591385525761439,-92.03254205681043,-0.9976685739717837,-227315573.8887874,-0.9990720590014321,1.0138999999999925
2338,max,0.9782777895705083,98.97555054945055,39.805986537190925,221.23679752579486,0.999999738139186,-69056807.01995052,0.9999897847588581,7.834699999999998
