stock,minmax,BOP,TSF,HT_DCPERIOD,TAN,COS,AD,SIN,TRANGE
2338,min,-1.0,65.75625384615381,12.591405147827409,-31.16138834613143,-0.9999459376137884,-227307911.20069784,-0.9987201956041672,1.0379999999999967
2338,max,0.9782523556108444,101.32842967032958,39.80599063292257,25.643864280144136,0.9998521816567675,-69054220.88822381,0.9994854813430635,8.020899999999997
