stock,minmax,BOP,TSF,HT_DCPERIOD,TAN,COS,AD,SIN,TRANGE
2344,min,-1.0,23.74704065934066,18.6046403918159,-197.53134277713332,-0.9862096019788696,-571134377.6721092,-0.9985439843028061,0.31899999999999906
2344,max,1.9500822819528243,8.937304395604404,18.977474603364335,209.57661003225002,1.9858648602538893,524295130.35077447,1.9985311701580826,2.2789000000000037
