stock,minmax,BOP,TSF,HT_DCPERIOD,TAN,COS,AD,SIN,TRANGE
2344,min,-1.0,23.915860439560433,18.605114175899374,-88.00544334863511,-0.9989996067291148,-571080110.3823439,-0.9993166951122948,0.32129999999999725
2344,max,1.9500000000000006,9.000830769230781,18.976833652235953,95.8785886962687,1.9988186076553514,524280670.1552621,1.9992521432344401,2.295099999999998
