stock,minmax,BOP,TSF,HT_DCPERIOD,TAN,COS,AD,SIN,TRANGE
2345,min,-1.0,193.83387142857163,12.720236336947579,-48.987405172398184,-0.9953164498720162,-31670988.266769484,-0.9997917114347776,2.8732000000000255
2345,max,2.0,66.13032637362613,17.24454072884471,939.2157742078892,1.9953142765457854,26534378.787759673,1.999791080525762,19.15439999999998
