stock,minmax,BOP,TSF,HT_DCPERIOD,TAN,COS,AD,SIN,TRANGE
2345,min,-1.0,190.0331692307694,12.720236823241596,-359.18936363732564,-0.9998558854256063,-31671055.985874224,-0.9999961245642242,2.8168000000000006
2345,max,1.0,254.86681428571453,29.9647323928169,2430.3477850928452,0.999792477206134,-5136563.704704866,0.9999999153488043,21.595699999999994
