stock,minmax,BOP,TSF,HT_DCPERIOD,TAN,COS,AD,SIN,TRANGE
2347,min,-0.9259181089067119,58.092937362637365,16.23212772438034,-19.017084700329754,-0.9999722170236368,18049602.952173304,-0.9998351708337929,0.4386999999999972
2347,max,1.925918108906712,11.546073626373563,26.212124301302275,971.9434958146758,1.9999256264878729,111379668.96291725,1.9998346202151422,3.421900000000001
