stock,minmax,BOP,TSF,HT_DCPERIOD,TAN,COS,AD,SIN,TRANGE
2351,min,-1.0,117.77009120879126,14.35707495613744,-9.819316405419617,-0.9994560737461959,-92897044.95679101,-0.9999940451483361,1.8889000000000067
2351,max,2.0,43.20050879120882,12.358410484059332,299.58542516568224,1.9980726896507082,47524175.89407546,1.999725561234814,11.80559999999997
