stock,minmax,BOP,TSF,HT_DCPERIOD,TAN,COS,AD,SIN,TRANGE
2357,min,-0.9473670325031659,250.21881758241776,16.824700578678474,-56.16884813070903,-0.9999726046492742,-2503098.1671390096,-0.9998415560202973,1.9948999999999728
2357,max,1.0,303.92451428571434,39.05865799801877,30.658554390588478,0.9990797107204384,23666013.96937847,0.9994684791617188,13.565699999999993
