stock,minmax,BOP,TSF,HT_DCPERIOD,TAN,COS,AD,SIN,TRANGE
2357,min,-0.9473717720165039,259.21200989010964,16.824739535083665,-18.16295760456701,-0.9818061193518376,-2503347.340632639,-0.9996785237062756,2.066599999999994
2357,max,1.947371772016504,55.63594175824227,22.234125252139208,57.591052634452765,1.9813866526700998,26168995.490886893,1.9903327656069383,11.986599999999953
