stock,minmax,BOP,TSF,HT_DCPERIOD,TAN,COS,AD,SIN,TRANGE
2360,min,-1.0,139.90812637362663,13.37386425874408,-13.511131944505342,-0.9879272033167514,2354706.424444229,-0.9984850738486485,1.3602000000000203
2360,max,1.0,203.6490450549451,33.43965860710646,43.76813249427313,0.9999704428527183,13720069.094767822,0.9997390940517094,23.123700000000014
