stock,minmax,BOP,TSF,HT_DCPERIOD,TAN,COS,AD,SIN,TRANGE
2360,min,-1.0,143.10926593406575,13.37384999891919,-5.753583087999074,-0.9993170579064029,2354883.429777645,-0.9997696810483084,1.391300000000001
2360,max,2.0,65.19932967032992,20.06599934441936,52.33847957589122,1.9930272243898584,11365117.929611357,1.9849994431765259,22.261500000000012
