stock,minmax,BOP,TSF,HT_DCPERIOD,TAN,COS,AD,SIN,TRANGE
2368,min,-0.9714079902476862,74.84284285714286,13.657879044964627,-7.751294823553588,-0.9991355241816855,-205001838.07298136,-0.9969596998688894,1.2375000000000114
2368,max,1.9285476810550213,17.78629560439559,13.238421474134729,40.95797946743875,1.9991162484444969,229738415.620096,1.996506568944247,6.393799999999999
