stock,minmax,BOP,TSF,HT_DCPERIOD,TAN,COS,AD,SIN,TRANGE
2377,min,-1.0,104.24123626373641,16.16740650943131,-28.504218594055466,-0.9957999558628995,-53855769.69226181,-0.9998321108716473,1.3234999999999957
2377,max,0.8749893746635322,142.27851098901078,38.559371745258396,54.56561125845527,0.9986508906728344,-12658415.889420986,0.9993851756509885,7.058600000000013
