stock,minmax,BOP,TSF,HT_DCPERIOD,TAN,COS,AD,SIN,TRANGE
2377,min,-1.0,101.02462087912076,16.167359892872106,-15.419847494033611,-0.9998340951606423,-53854244.198111035,-0.9979037523349303,1.2827000000000055
2377,max,0.8750146181733104,137.8881626373627,38.55935160919251,15.279515933359518,0.9993231824260908,-12656827.275106182,0.9965293351257587,6.840899999999991
