stock,minmax,BOP,TSF,HT_DCPERIOD,TAN,COS,AD,SIN,TRANGE
2379,min,-1.0,335.0306098901099,19.759960200353973,-3334.0528296447187,-0.9992637317074706,-29071645.462748736,-0.999850074814101,3.45150000000001
2379,max,1.0,503.85671758241756,45.663346548282256,57.74293651414037,0.9997824451917139,633273.9417384751,0.9999999550194232,24.160699999999963
