stock,minmax,BOP,TSF,HT_DCPERIOD,TAN,COS,AD,SIN,TRANGE
2379,min,-1.0,335.0306098901099,19.759960200353973,-3334.0528296447187,-0.9992637317074706,-29071645.462748736,-0.999850074814101,3.45150000000001
2379,max,2.0,168.8261076923077,25.903386347928283,3391.795766158859,1.9990461768991845,29704919.40448721,1.9998500298335242,20.709199999999953
