stock,minmax,BOP,TSF,HT_DCPERIOD,TAN,COS,AD,SIN,TRANGE
2379,min,-1.0,324.8483769230767,19.759952669469477,-39.38450420630958,-0.9993137073805811,-29071806.1154077,-0.9944763750320571,3.3466999999999985
2379,max,1.0,488.54332637362626,45.66334200323973,62.72485305491066,0.9998171938856257,633422.1605709286,0.9998729402720704,23.4264
