stock,minmax,BOP,TSF,HT_DCPERIOD,TAN,COS,AD,SIN,TRANGE
2382,min,-1.0,59.87331538461536,16.65973462996862,-46.36361386528188,-0.9999927177843145,71364334.3425578,-0.9586923904541363,0.49969999999999004
2382,max,1.0,79.55009780219773,33.097245408085975,65.26898950920254,0.9999503834635872,167557109.19517064,0.999882650896814,5.080300000000001
