stock,minmax,BOP,TSF,HT_DCPERIOD,TAN,COS,AD,SIN,TRANGE
2383,min,-1.0,189.20615164835164,12.652490804859262,-13.079670568506948,-0.9995912452318602,13081239.286239475,-0.9998537768874531,2.7729000000000212
2383,max,1.0,261.6292802197803,35.42519410252609,58.469497051200946,0.999890734900859,26240388.84115859,0.9997659076200176,22.6447
