stock,minmax,BOP,TSF,HT_DCPERIOD,TAN,COS,AD,SIN,TRANGE
2383,min,-1.0,189.20615164835164,12.652490804859262,-13.079670568506948,-0.9995912452318602,13081239.286239475,-0.9998537768874531,2.7729000000000212
2383,max,2.0,72.42312857142866,22.77270329766683,71.5491676197079,1.9994819801327193,13159149.554919116,1.9996196845074707,19.87179999999998
