stock,minmax,BOP,TSF,HT_DCPERIOD,TAN,COS,AD,SIN,TRANGE
2385,min,-1.0,70.26230439560435,15.987578659027804,-50.061834371428944,-0.9992311378935379,13397530.352602417,-0.9998005534431098,0.43080000000000496
2385,max,2.0,9.558305494505532,17.738895926776806,101.28480174528465,1.9992310997188678,35167440.90519283,1.9996100440396065,1.8957999999999942
