stock,minmax,BOP,TSF,HT_DCPERIOD,TAN,COS,AD,SIN,TRANGE
2387,min,-1.0,30.019432967032973,18.187520993042597,-106.47238973504001,-0.9997464537674143,-4428414.240197122,-0.9999290110757797,0.2990999999999957
2387,max,1.9472971308952105,11.51196153846151,15.42155997071113,190.39260345677738,1.99887824062372,12857183.216746591,1.9998849081633887,2.008900000000004
