stock,minmax,BOP,TSF,HT_DCPERIOD,TAN,COS,AD,SIN,TRANGE
2393,min,-1.0,34.81312417582419,14.06617113307227,-16.110488655794274,-0.9994050891207642,-129950227.40901041,-0.9999678759213557,0.25029999999999575
2393,max,1.0,46.99501098901099,31.882995133401025,153.99853373940428,0.9999808534180503,-33243197.215633303,0.999978917451967,3.253399999999999
