stock,minmax,BOP,TSF,HT_DCPERIOD,TAN,COS,AD,SIN,TRANGE
2393,min,-1.0,36.302464835164855,14.066172322484267,-26.02942414079402,-0.9979788496320188,-129948943.37347326,-0.999262842205353,0.26089999999999947
2393,max,2.0,12.70307472527469,17.817534610354745,38.19598286070289,1.9974210263154033,96707040.79349248,1.998087343782434,3.131700000000002
