stock,minmax,BOP,TSF,HT_DCPERIOD,TAN,COS,AD,SIN,TRANGE
2395,min,-0.9310350458895373,273.91190109890124,17.91278332346953,-33.83933440851784,-0.9988032335180027,-3837887.548881105,-0.9995636429005469,4.223000000000013
2395,max,1.0,338.9372142857143,38.926581444936,553.7815476811764,0.9998454748691925,5502412.600029729,0.999998369608206,30.4058
