stock,minmax,BOP,TSF,HT_DCPERIOD,TAN,COS,AD,SIN,TRANGE
2395,min,-0.9310320126076524,281.0028901098904,17.912762508280792,-10.4209400741055,-0.9992006637796719,-3838044.2859757803,-0.9999125515740774,4.332400000000007
2395,max,1.9310320126076523,66.70869010988974,21.01377332127786,86.03116302460988,1.9971619648333014,9340415.5860584,1.9953398863087666,26.860500000000002
