stock,minmax,BOP,TSF,HT_DCPERIOD,TAN,COS,AD,SIN,TRANGE
2408,min,-1.0,57.26363076923077,16.544514405922143,-241.78346223157166,-0.9999222634327387,-63156119.726987384,-0.996717889836727,0.7253999999999934
2408,max,1.9333137269318446,18.849753846153774,20.463291477254216,254.0957093003886,1.9998988233113963,132971174.8364057,1.9967093369789914,4.352400000000003
