stock,minmax,BOP,TSF,HT_DCPERIOD,TAN,COS,AD,SIN,TRANGE
2412,min,-1.0,103.32279230769247,16.790711361366522,-159.9096147745774,-0.975972217586364,108351707.83976744,-0.9999149908043493,0.44599999999999795
2412,max,2.0,14.812921978021919,15.761747498471795,236.59707557118156,1.955946413617987,277236251.76909494,1.999895438042412,3.122400000000013
