stock,minmax,BOP,TSF,HT_DCPERIOD,TAN,COS,AD,SIN,TRANGE
2412,min,-1.0,107.39619560439557,16.790403037065552,-9.34058352460871,-0.9973189394553214,108355626.45340721,-0.9989730202433702,0.46359999999999957
2412,max,2.0,15.396883516483612,15.762743288774843,31.388591197448616,1.9968488214113789,277243533.802783,1.9932909301151231,3.245500000000007
