stock,minmax,BOP,TSF,HT_DCPERIOD,TAN,COS,AD,SIN,TRANGE
2420,min,-1.0,34.20753186813185,14.634840714405257,-22.720626777459476,-0.9964640667510412,4169983.456083095,-0.9992428868522414,0.20710000000000406
2420,max,1.0,36.78558901098901,32.62897950095952,25.683717927972612,0.7920039816009511,6565267.826444981,0.08402001948331442,0.9943999999999988
