stock,minmax,BOP,TSF,HT_DCPERIOD,TAN,COS,AD,SIN,TRANGE
2420,min,-1.0,35.80106263736263,14.634869152515403,-5.900409677327125,-0.048896011697494704,4170228.159663737,-0.9988038746621273,0.21679999999999922
2420,max,2.0,2.6981670329670493,17.989736602352497,26.327512829245407,1.0487803138436549,2395397.604950524,1.8754700140510039,0.8239999999999981
