stock,minmax,BOP,TSF,HT_DCPERIOD,TAN,COS,AD,SIN,TRANGE
2420,min,-1.0,35.80106263736263,14.634869152515396,-5.900409677327126,-0.048896011697494704,4170228.159663737,-0.9988038746621273,0.21679999999999922
2420,max,1.0,38.499229670329676,32.62460575486789,20.42710315191828,0.9998843021461602,6565625.764614261,0.8766661393888767,1.0407999999999973
