stock,minmax,BOP,TSF,HT_DCPERIOD,TAN,COS,AD,SIN,TRANGE
2421,min,-1.0,33.48711758241757,13.654146568759426,-161.30968104240932,-0.9998114534650838,-20960280.4326559,-0.9999807851666619,0.3773999999999944
2421,max,2.0,11.750161538461562,14.455122830529707,191.40501984738083,1.998315937252147,29834113.907612488,1.9867429529768135,3.3501000000000047
