stock,minmax,BOP,TSF,HT_DCPERIOD,TAN,COS,AD,SIN,TRANGE
2423,min,-1.0,22.632572527472547,13.697132025083326,-23.157846464431245,-0.8056932449557827,-2317309.3708632947,-0.9991120350656786,0.12780000000000058
2423,max,2.0,2.339267032967019,15.753071862434576,46.8714587879978,1.8056736589107405,1415743.3060111483,1.0904433553618325,1.0226000000000006
