stock,minmax,BOP,TSF,HT_DCPERIOD,TAN,COS,AD,SIN,TRANGE
2423,min,-1.0,23.84847032967033,13.697506645852096,-3.495296283701302,0.12391820157931398,-2317514.5135377645,-0.9614262402822822,0.1346999999999987
2423,max,2.0,2.4648813186813108,15.754485613400016,11.502936999461348,0.8760332011287152,1415203.5172858888,1.9537186766725574,1.0776000000000003
