stock,minmax,BOP,TSF,HT_DCPERIOD,TAN,COS,AD,SIN,TRANGE
2426,min,-1.0,20.00010989010988,12.71506784127928,-28.18702388760846,-0.999489127164291,-102774500.23485544,-0.9990989176810726,0.2849000000000004
2426,max,0.9736798359838202,28.36368571428574,37.77197062041876,16.776270684388912,0.9999635239277432,-52653664.40832198,0.9993712734094142,1.8048000000000002
