stock,minmax,BOP,TSF,HT_DCPERIOD,TAN,COS,AD,SIN,TRANGE
2426,min,-1.0,20.00010989010988,12.71506784127928,-28.18702388760846,-0.999489127164291,-102774500.23485544,-0.9990989176810726,0.2849000000000004
2426,max,1.9736798359838201,8.36357582417586,25.056902779139484,44.96329457199737,1.9994526510920343,50120835.82653347,1.9984701910904867,1.5198999999999998
