stock,minmax,BOP,TSF,HT_DCPERIOD,TAN,COS,AD,SIN,TRANGE
2430,min,-1.0,35.39505714285715,16.7335202628597,-12.84423911189357,-0.9970449972716932,-13116347.267750297,-0.9969829373156586,0.20660000000000167
2430,max,2.0,14.82511978021978,14.628195723601266,185.01357592451163,1.9969311731914203,9038670.925668333,1.9969660699444434,4.133099999999999
