stock,minmax,BOP,TSF,HT_DCPERIOD,TAN,COS,AD,SIN,TRANGE
2430,min,-1.0,35.39505714285715,16.7335202628597,-12.844239111893572,-0.9970449972716932,-13116347.267750297,-0.9969829373156586,0.20660000000000167
2430,max,1.0,50.22017692307693,31.361715986460965,172.16933681261807,0.9998861759197271,-4077676.342081964,0.9999831326287848,4.339700000000001
