stock,minmax,BOP,TSF,HT_DCPERIOD,TAN,COS,AD,SIN,TRANGE
2436,min,-1.0,59.471965934065985,16.071258340325183,-9.761481752468763,-0.9999536219643551,35174232.92791871,-0.9993391663428165,1.018800000000006
2436,max,1.960010364484365,31.589972527472405,13.325109960199168,44.53523440525503,1.999865297835488,89548067.31013474,1.9989259308468839,5.557499999999997
