stock,minmax,BOP,TSF,HT_DCPERIOD,TAN,COS,AD,SIN,TRANGE
2436,min,-1.0,58.31685054945055,16.07127948674866,-11.310085933731417,-0.9998369150800854,35182306.82829116,-0.9999963207223783,0.9991000000000057
2436,max,0.9600105698934196,89.29327912087902,29.39637233563206,368.6400567488308,0.999995313242012,124728066.41827607,0.9997183450935716,6.448599999999999
