stock,minmax,BOP,TSF,HT_DCPERIOD,TAN,COS,AD,SIN,TRANGE
2441,min,-1.0,59.26716153846154,13.559176488205598,-35.38805914969233,-0.9975267596192302,-37491585.31161987,-0.9994098650888075,0.43299999999999983
2441,max,1.0,67.32486263736261,38.62309939457327,29.094913008500303,0.9991902017042202,-9145670.413115779,0.9996009782992186,2.424900000000001
