stock,minmax,BOP,TSF,HT_DCPERIOD,TAN,COS,AD,SIN,TRANGE
2441,min,-1.0,59.26716153846154,13.559176488205598,-35.38805914969233,-0.9975267596192302,-37491585.31161987,-0.9994098650888075,0.43299999999999983
2441,max,2.0,8.057701098901077,25.063922906367676,64.48297215819264,1.9967169613234503,28345914.898504093,1.999010843388026,1.9919000000000011
