stock,minmax,BOP,TSF,HT_DCPERIOD,TAN,COS,AD,SIN,TRANGE
2449,min,-1.0,34.25029340659341,15.980353917541848,-55.88546754194338,-0.9990721653978216,-120619290.11429653,-0.9988053915498661,0.17040000000000077
2449,max,0.9795498084291171,40.03281868131867,25.682478519655145,12.645463128152699,0.9999269391207748,-42926848.95581433,0.9998399454771002,2.130600000000001
