stock,minmax,BOP,TSF,HT_DCPERIOD,TAN,COS,AD,SIN,TRANGE
2454,min,-1.0,651.206185714286,16.992535719340264,-271.50539569397256,-0.9921730844618923,-57942639.711413786,-0.9999932172055518,8.802799999999934
2454,max,1.9615364281697674,309.893691208791,12.41855833612513,295.00450988324224,1.9912750370692818,78891578.00343859,1.9984687488397714,48.01540000000011
