stock,minmax,BOP,TSF,HT_DCPERIOD,TAN,COS,AD,SIN,TRANGE
2455,min,-1.0,79.59988791208788,18.92635104050597,-24.281239876487923,-0.9987401619439334,-73412335.85212837,-0.9991530139632528,1.5871999999999957
2455,max,2.0,58.49902527472527,12.02625987006806,864.1742272272508,1.995091550557118,62872522.096778564,1.999152305166642,9.1494
