stock,minmax,BOP,TSF,HT_DCPERIOD,TAN,COS,AD,SIN,TRANGE
2458,min,-1.0,112.04684945054947,20.524980748946668,-38.43479530176204,-0.9972694637296181,-34412415.64865454,-0.9988277625292318,1.2139999999999986
2458,max,1.0,144.30547252747252,41.20377774435868,20.634555544288634,0.999999864364719,-9586717.293214928,0.9996617012180928,8.498199999999997
