stock,minmax,BOP,TSF,HT_DCPERIOD,TAN,COS,AD,SIN,TRANGE
2504,min,-1.0,21.849037362637354,16.263907398189232,-13.406086200084092,-0.9999947141228094,16952819.514500953,-0.9999286605072563,0.1728999999999985
2504,max,2.0,5.981205494505506,19.50752935140956,97.11982832443844,1.9996264135844068,60543665.28400112,1.9962725538329615,2.419800000000002
