stock,minmax,BOP,TSF,HT_DCPERIOD,TAN,COS,AD,SIN,TRANGE
2504,min,-1.0,20.863442857142882,16.263993599503895,-6.063305776160502,-0.9999992169679978,16944145.17068155,-0.9921546076602359,0.1650000000000027
2504,max,1.0,26.574723076923068,35.77046530568841,7.936161552860989,0.9993207923908951,77481045.75536473,0.9677042587968858,2.4757
