stock,minmax,BOP,TSF,HT_DCPERIOD,TAN,COS,AD,SIN,TRANGE
2542,min,-1.0,29.747084615384587,18.057080804301382,-193.15521424329867,-0.849573999614518,-2139808.4483801425,-0.9886857689450785,0.10099999999999909
2542,max,0.9001782531194302,34.11433956043951,31.688236323398378,35.0500863637548,0.9999799875385162,69265993.49537706,0.9999865986545842,3.029899999999998
