stock,minmax,BOP,TSF,HT_DCPERIOD,TAN,COS,AD,SIN,TRANGE
2542,min,-1.0,33.05229010989012,18.05677280740749,-23.195848704858733,-0.9999855234740439,-2145761.9092013473,-0.9990720071953733,0.1121999999999943
2542,max,1.9000267308206409,4.852473626373623,13.63127625268124,32.539781035549325,1.9967319999084672,71403014.40545672,1.9412325319712527,3.2543000000000077
