stock,minmax,BOP,TSF,HT_DCPERIOD,TAN,COS,AD,SIN,TRANGE
2542,min,-1.0,33.05229010989012,18.056772807407498,-23.19584870485873,-0.9999855234740439,-2145761.9092013473,-0.9990720071953733,0.1121999999999943
2542,max,0.9000267308206409,37.904763736263746,31.68804906008873,9.343932330690588,0.9967464764344232,69257252.49625537,0.9421605247758795,3.366500000000002
