stock,minmax,BOP,TSF,HT_DCPERIOD,TAN,COS,AD,SIN,TRANGE
2548,min,-1.0,66.73531868131865,12.877358209960025,-14.934792246813668,-0.8649958254891186,-5048027.881449107,-0.9999737764547203,0.22239999999999327
2548,max,1.0,70.44125054945052,29.248173602143456,138.07999342849374,0.9856627600250145,3416403.3038730063,0.8090074868118686,1.7791999999999888
