stock,minmax,BOP,TSF,HT_DCPERIOD,TAN,COS,AD,SIN,TRANGE
2548,min,-1.0,66.73531868131865,12.877358209960025,-14.934792246813668,-0.8649958254891186,-5048027.881449107,-0.9999737764547203,0.22239999999999327
2548,max,2.0,3.70593186813187,16.37081539218343,153.0147856753074,1.850658585514133,8464431.185322113,1.808981263266589,1.5567999999999955
