stock,minmax,BOP,TSF,HT_DCPERIOD,TAN,COS,AD,SIN,TRANGE
2548,min,-1.0,76.4360043956045,12.877242622578574,-21.97253106950836,-0.9999952455234828,-5047899.15310242,-0.9989610774571881,0.2546999999999997
2548,max,2.0,4.244609890109672,16.370571609160326,47.3272149571187,1.7198687179356273,8463893.169470983,1.998184209354886,1.7830999999999904
