stock,minmax,BOP,TSF,HT_DCPERIOD,TAN,COS,AD,SIN,TRANGE
2603,min,-1.0,115.87137692307684,17.69947515540119,-241.45072743207203,-0.9997743275001967,-2457457722.4236503,-0.9995510608580821,2.117199999999997
2603,max,2.0,56.42045164835173,19.995520381027816,274.8121836300311,1.9996916122808128,2092238514.7318263,1.9995424844116196,20.11359999999999
