stock,minmax,BOP,TSF,HT_DCPERIOD,TAN,COS,AD,SIN,TRANGE
2606,min,-1.0,46.437830769230786,17.243058027325155,-25.483329873953227,-0.9991233656495071,-249116001.73214394,-0.9993744959133304,0.5257999999999967
2606,max,1.9361660798834524,14.482620879120873,13.071845253002952,70.19041224676377,1.998706720667925,179749086.50639036,1.9991244300438582,5.082300000000004
