stock,minmax,BOP,TSF,HT_DCPERIOD,TAN,COS,AD,SIN,TRANGE
2606,min,-1.0,44.51954505494503,17.24314235262114,-33.419337711657064,-0.9999898290825716,-249133869.07547623,-0.999552613573093,0.5039999999999978
2606,max,1.9361766791611803,13.884380219780255,13.071741479310955,329.3826564860377,1.9995756427494022,179754109.11139798,1.9995469054870816,4.872500000000002
