stock,minmax,BOP,TSF,HT_DCPERIOD,TAN,COS,AD,SIN,TRANGE
2610,min,-1.0,21.736036263736253,15.83229622382142,-16.687058176320576,-0.9999097667601045,-581659846.4331291,-0.9993929778275685,0.47339999999999804
2610,max,1.9375495114866652,7.999668131868159,16.031793350837912,227.76479979135382,1.9999023217114407,2274200115.563719,1.9993817556324376,2.130200000000002
