stock,minmax,BOP,TSF,HT_DCPERIOD,TAN,COS,AD,SIN,TRANGE
2615,min,-1.0,104.39545274725279,16.9107074273807,-43.045757593124996,-0.9992856196055036,-683820029.9408237,-0.9986234773729422,2.1961999999999904
2615,max,2.0,41.26100109890109,22.944457984641517,68.25541705958659,1.9992647249871165,561645453.5990216,1.9983537447036541,12.079000000000008
