stock,minmax,BOP,TSF,HT_DCPERIOD,TAN,COS,AD,SIN,TRANGE
2618,min,-1.0,21.698176923076915,15.380661549191629,-17.38128530318246,-0.9990211915189117,-127852660.9738099,-0.9983490660310533,0.5029000000000003
2618,max,0.9830225747859288,33.4679637362637,31.66153271105324,10.728915835039043,0.9962201918323461,1807354535.7203093,0.9974963438310607,3.3377000000000017
