stock,minmax,BOP,TSF,HT_DCPERIOD,TAN,COS,AD,SIN,TRANGE
2637,min,-0.9854984570929111,59.98098351648351,13.905344623697431,-422.77959443392473,-0.9986399537857598,-180401699.20694238,-0.9999963891216097,1.1374999999999886
2637,max,0.9814705077946912,83.8642417582418,33.57519466499066,12.710616679074375,0.9997045509710297,51792949.384425625,0.9999972026929077,8.368799999999993
