stock,minmax,BOP,TSF,HT_DCPERIOD,TAN,COS,AD,SIN,TRANGE
2637,min,-0.9854945733244159,62.39785714285714,13.905363296643873,-213.00550429517358,-0.9990257357046866,-180404165.88027722,-0.9956281314949915,1.1832999999999885
2637,max,1.9669598261506342,24.845619780219756,19.6697032429344,225.58153335823658,1.9888416674233473,232190606.8309117,1.9956171115056884,7.5227
