stock,minmax,BOP,TSF,HT_DCPERIOD,TAN,COS,AD,SIN,TRANGE
2707,min,-1.0,122.25665384615382,20.777177433592243,-18.69162015684841,-0.9989348175515456,-9638808.158969952,-0.998744765820371,0.855400000000003
2707,max,0.9000070137703721,159.29088571428574,27.364724604783564,19.939463478609053,0.9974035948135277,5781876.758543327,0.9976802591304704,17.109400000000022
