stock,minmax,BOP,TSF,HT_DCPERIOD,TAN,COS,AD,SIN,TRANGE
2707,min,-1.0,128.790998901099,20.77734778597392,-3.273206693368288,-0.9959423097914182,-9638636.533379879,-0.9985672717192285,0.9011999999999887
2707,max,1.899999260240124,39.013638461538335,6.587666287787737,21.934254500312356,1.9929400256785368,15420613.336509032,1.9944061137500064,17.122600000000006
