stock,minmax,BOP,TSF,HT_DCPERIOD,TAN,COS,AD,SIN,TRANGE
2707,min,-1.0,122.25665384615382,20.777177433592243,-18.69162015684841,-0.9989348175515456,-9638808.158969952,-0.998744765820371,0.855400000000003
2707,max,1.900007013770372,37.03423186813191,6.587547171191321,38.63108363545746,1.9963384123650734,15420684.91751328,1.9964250249508413,16.25400000000002
