stock,minmax,BOP,TSF,HT_DCPERIOD,TAN,COS,AD,SIN,TRANGE
2727,min,-1.0,85.09507802197803,18.66463597793703,-26.576579073632107,-0.9889329261942028,-5678120.610517222,-0.9938730541626292,0.840999999999994
2727,max,2.0,33.29580879120891,12.298066066114956,35.568658689967094,1.988932775066311,3476595.825296767,1.993165905064556,8.410600000000002
