stock,minmax,BOP,TSF,HT_DCPERIOD,TAN,COS,AD,SIN,TRANGE
2727,min,-1.0,90.76046373626362,18.664788008065674,-6.639498007621542,-0.9982792765860099,-5678123.046864878,-0.9888471355054558,0.8970999999999947
2727,max,2.0,35.51262637362653,12.297495606241814,10.116011610604785,1.9962095154264226,3476391.2978082853,1.977410619577039,8.970600000000005
