stock,minmax,BOP,TSF,HT_DCPERIOD,TAN,COS,AD,SIN,TRANGE
2732,min,-1.0,77.76618681318674,14.583416173194745,-39.38125890349614,-0.9983815380470102,-2745888.934972716,-0.9996777589579241,0.6233000000000004
2732,max,1.0,105.01827692307694,28.6791962170481,14.970719965202015,0.9964543225050728,-91812.79158240664,0.9973370710603715,8.903999999999996
