stock,minmax,BOP,TSF,HT_DCPERIOD,TAN,COS,AD,SIN,TRANGE
2732,min,-1.0,77.76618681318674,14.583416173194745,-39.38125890349614,-0.9983815380470102,-2745888.934972716,-0.9996777589579241,0.6233000000000004
2732,max,2.0,27.252090109890204,14.095780043853356,54.351978868698154,1.994835860552083,2654076.1433903095,1.9970148300182955,8.280699999999996
