stock,minmax,BOP,TSF,HT_DCPERIOD,TAN,COS,AD,SIN,TRANGE
2732,min,-1.0,75.94069670329677,14.583401338080328,-43.45288027296468,-0.9938440125739629,-2745852.2950083157,-0.9987453589564456,0.6085999999999956
2732,max,1.0,102.55313296703298,28.67907501881984,56.7951434420592,0.9997603293767766,-91794.68783548212,0.9998450303543325,8.695000000000007
