stock,minmax,BOP,TSF,HT_DCPERIOD,TAN,COS,AD,SIN,TRANGE
2850,min,-1.0,40.100389010989055,15.523920525195127,-10.790927141636734,-0.9999373310071419,-743613.0790084017,-0.9839153730077675,0.1272999999999982
2850,max,2.0,8.074552747252667,16.12049577964039,16.90224365470293,1.992924755095821,2766452.625273091,1.9796489274819749,4.114900000000006
