stock,minmax,BOP,TSF,HT_DCPERIOD,TAN,COS,AD,SIN,TRANGE
2851,min,-1.0,23.87669230769233,16.99301117963698,-34.16374028280021,-0.5539176915677257,-13836098.187892908,-0.9780194275000827,0.08579999999999899
2851,max,1.0,27.3387307692308,31.960348222357307,17.66850839960733,0.9999236313582519,-46442.46635964798,0.9995718852218615,1.5448000000000022
