stock,minmax,BOP,TSF,HT_DCPERIOD,TAN,COS,AD,SIN,TRANGE
2851,min,-1.0,25.159919780219784,16.992751136308783,-52.45281486136919,-0.9971083675349623,-13833589.091626173,-0.4644080716853418,0.09039999999999893
2851,max,2.0,3.648070329670336,14.96823785763139,66.44688948414581,1.9936541260431042,13787854.368392369,1.4642263887921487,1.5374000000000017
