stock,minmax,BOP,TSF,HT_DCPERIOD,TAN,COS,AD,SIN,TRANGE
2881,min,-1.0,46.82902087912083,16.854204287492763,-414.2718222697395,-0.9996504946181807,-252926892.56137225,-0.9999970866187754,0.40510000000000446
2881,max,0.9545607539548995,65.57022087912085,29.0065253566532,205.8975995509157,0.9993465488786597,-10702982.872475863,0.9997294032300557,3.1599999999999966
