stock,minmax,BOP,TSF,HT_DCPERIOD,TAN,COS,AD,SIN,TRANGE
2881,min,-1.0,48.16847912087917,16.854271759431327,-44.337198207431406,-0.9998601423045625,-252937404.56745806,-0.9999956288326841,0.41669999999999874
2881,max,1.9545157068062804,19.277270329670245,12.152716400832077,382.5459668218439,1.9990128695550373,242239299.0259717,1.9997413747956414,2.8338000000000036
