stock,minmax,BOP,TSF,HT_DCPERIOD,TAN,COS,AD,SIN,TRANGE
2882,min,-1.0,42.93197362637361,14.38705164407702,-22.591321731670007,-0.9999466988073519,88658524.19641326,-0.9999749974877574,0.43140000000000356
2882,max,1.0,58.69100549450549,28.512131974636155,141.41159928033838,0.9996982276498596,663109090.0576986,0.9990217517322261,2.8477999999999994
