stock,minmax,BOP,TSF,HT_DCPERIOD,TAN,COS,AD,SIN,TRANGE
2882,min,-1.0,44.438328571428514,14.387058818987299,-21.805174955256994,-0.9987507699383122,88639399.45443697,-0.9989500552264509,0.44659999999999656
2882,max,2.0,16.311987912087915,14.124705932038946,57.28347297116361,1.9987304957937153,574437016.1472077,1.9985530595564405,2.501100000000001
