stock,minmax,BOP,TSF,HT_DCPERIOD,TAN,COS,AD,SIN,TRANGE
2883,min,-1.0,14.127786813186821,16.63789135433639,-340.0881956378459,-0.9991744416202263,633352786.2270564,-0.9999956770115795,0.0929000000000002
2883,max,2.0,4.296956043956035,15.002864200505524,409.20648569299755,1.898331888041462,854313406.5647022,1.9998910326435269,0.8826999999999998
