stock,minmax,BOP,TSF,HT_DCPERIOD,TAN,COS,AD,SIN,TRANGE
2883,min,-1.0,13.650613186813178,16.63790142765693,-364.90861871073344,-0.999996782496976,633307334.8099136,-0.9999962450918659,0.08980000000000032
2883,max,2.0,4.151798901098907,15.001628065098387,388.61395693115736,1.511013281826286,854249810.6077411,1.998885688090818,0.8529
