stock,minmax,BOP,TSF,HT_DCPERIOD,TAN,COS,AD,SIN,TRANGE
2885,min,-1.0,19.77009999999999,16.707016023973175,-28.52081718917827,-0.9997784269383614,-60173.74579130486,-0.9993468441469536,0.1296999999999997
2885,max,1.9284888521882766,3.7006153846154035,15.572062772646682,56.17518680229426,1.5756356177793114,221426392.46308222,1.9987327345639128,0.7785000000000011
