stock,minmax,BOP,TSF,HT_DCPERIOD,TAN,COS,AD,SIN,TRANGE
2886,min,-0.9166975881261628,31.828992307692296,16.26096908159805,-8.458565411823061,-0.9998764560848582,317255388.2056677,-0.9889028667502958,0.13479999999999848
2886,max,1.9166975881261628,8.68292967032972,21.274003232151642,17.784222580170727,1.9997918032490987,746710312.8043504,1.9832027282629914,1.7967000000000013
