stock,minmax,BOP,TSF,HT_DCPERIOD,TAN,COS,AD,SIN,TRANGE
2890,min,-1.0,13.650396703296702,19.41544286413047,-51.98739843991079,-0.9999730863021311,259843658.8315499,-0.37698293359338186,0.12629999999999875
2890,max,1.0,16.333921978021976,38.74799317949477,43.723630904017426,0.5401092702939937,800409844.1230788,0.9998150504250533,1.0111000000000008
