stock,minmax,BOP,TSF,HT_DCPERIOD,TAN,COS,AD,SIN,TRANGE
2890,min,-1.0,14.40004175824176,19.416169626298856,-5.6745956080303275,-0.9996636618208428,259787677.94091937,-0.9552301598483696,0.13329999999999842
2890,max,1.0,17.23093186813186,38.74656943319085,3.228615373716314,-0.1735498276419781,800392782.1880704,0.9848250897115892,1.0668000000000006
