stock,minmax,BOP,TSF,HT_DCPERIOD,TAN,COS,AD,SIN,TRANGE
2890,min,-1.0,14.40004175824176,19.416169626298856,-5.6745956080303275,-0.9996636618208428,259787677.94091937,-0.9552301598483696,0.13329999999999842
2890,max,2.0,2.8308901098901007,19.330399806891993,8.903210981746641,0.8261138341788646,540605104.247151,1.9400552495599588,0.9335000000000022
