stock,minmax,BOP,TSF,HT_DCPERIOD,TAN,COS,AD,SIN,TRANGE
2891,min,-1.0,22.386686813186827,15.967556174632076,-114.12048406155975,-0.9449567666929498,557029187.4390655,-0.9984349219149924,0.22749999999999915
2891,max,2.0,5.658853846153857,13.807849776391294,126.50905921126113,1.9448704219894324,1200808641.5797842,1.9983965319439347,1.0922000000000018
