stock,minmax,BOP,TSF,HT_DCPERIOD,TAN,COS,AD,SIN,TRANGE
2892,min,-1.0,21.868329670329686,17.513116651720082,-16.856428720668724,-0.9998204811217273,147540792.4289047,-0.9995546739710609,0.13370000000000104
2892,max,2.0,4.950031868131827,17.728976926145734,50.353039930017154,1.996181128088756,709320997.821753,1.9824103436900302,1.0249999999999986
