stock,minmax,BOP,TSF,HT_DCPERIOD,TAN,COS,AD,SIN,TRANGE
2912,min,-1.0,242.4967516483516,15.530563817693299,-4.404223550154877,-0.9999782526757227,-4367739.607598395,-0.9874964978334889,1.4059000000000026
2912,max,2.0,18.884949450549385,21.71345457541593,13.765160261827365,1.9982750316573479,23640252.10153061,1.9818388805539362,12.18489999999997
