stock,minmax,BOP,TSF,HT_DCPERIOD,TAN,COS,AD,SIN,TRANGE
2915,min,-0.9749858213187634,58.60061868131866,18.21581553365253,-12.890062443109594,-0.9998101994958731,-60012075.667223364,-0.9916526559411883,0.9211999999999989
2915,max,0.9166782750592053,101.14663846153846,35.535230761586206,11.531133149795085,0.9996414477345533,18886010.495657593,0.9970042539849359,10.050200000000004
