stock,minmax,BOP,TSF,HT_DCPERIOD,TAN,COS,AD,SIN,TRANGE
3006,min,-1.0,103.06684835164836,15.490874353105008,-112.38778117474278,-0.9979691106934867,-318930265.54234105,-0.9973453966958299,2.2245999999999952
3006,max,2.0,56.014239560439506,17.7513832479149,134.30828725911903,1.997590110416168,220330102.44963428,1.9973058139403546,12.0124
