stock,minmax,BOP,TSF,HT_DCPERIOD,TAN,COS,AD,SIN,TRANGE
3006,min,-1.0,102.46650769230764,15.490907227852244,-36.03184593602128,-0.99992509181821,-318927474.47822547,-0.9996151015294983,2.2116000000000042
3006,max,2.0,55.68802417582428,17.751434815151395,92.6942679334635,1.9988623918549857,220330708.51362842,1.9994594052267691,11.942499999999995
