stock,minmax,BOP,TSF,HT_DCPERIOD,TAN,COS,AD,SIN,TRANGE
3008,min,-1.0,1438.7852494505487,19.935546651654988,-109.07864040445104,-0.9977491295583112,-20926522.67488326,-0.9997139633256804,18.31529999999998
3008,max,1.9411762027157762,963.9441164835193,10.999800342566907,150.87909053522407,1.9975822312585252,19767430.286546737,1.9996719426339409,196.89030000000002
