stock,minmax,BOP,TSF,HT_DCPERIOD,TAN,COS,AD,SIN,TRANGE
3008,min,-1.0,1418.5202516483514,19.935542581592586,-42.88784140191486,-0.9980526263715725,-20926531.93195599,-0.9972111382208679,18.057400000000143
3008,max,0.9411765094024018,2368.888447252748,30.935343652923837,25.35084803728507,0.996332006990922,-1159091.1485246443,0.9997282781336718,212.17450000000008
