stock,minmax,BOP,TSF,HT_DCPERIOD,TAN,COS,AD,SIN,TRANGE
3016,min,-1.0,83.39810000000001,18.567939058590376,-12.838891075189863,-0.9994370125361827,44375028.74184888,-0.9998790406097582,1.5277999999999992
3016,max,2.0,45.652623076923064,8.405126701895277,77.12628281143297,1.9992489489849103,51859704.92332672,1.9964722275653697,9.423500000000004
