stock,minmax,BOP,TSF,HT_DCPERIOD,TAN,COS,AD,SIN,TRANGE
3028,min,-1.0,26.64824945054943,18.211549484277423,-44.881645120055495,-0.9974330827172132,1817068.7828031364,-0.9984785330530802,0.16359999999999886
3028,max,2.0,7.086226373626388,11.586362653014774,58.09490434225659,1.9939049299474967,13011935.77278388,1.9982304078914739,1.4725000000000001
