stock,minmax,BOP,TSF,HT_DCPERIOD,TAN,COS,AD,SIN,TRANGE
3028,min,-1.0,26.64824945054943,18.211549484277423,-44.881645120055495,-0.9974330827172132,1817068.7828031364,-0.9984785330530802,0.16359999999999886
3028,max,1.0,33.73447582417582,29.797912137292197,13.213259222201094,0.9964718472302835,14829004.555587016,0.9997518748383937,1.636099999999999
