stock,minmax,BOP,TSF,HT_DCPERIOD,TAN,COS,AD,SIN,TRANGE
3033,min,-1.0,24.402483516483528,15.554236393339895,-2.3582339255747025,-0.9224438460494018,-40441166.44914734,-0.9175368297289325,0.16280000000000072
3033,max,2.0,3.839013186813169,13.532255385848774,173.66086885346178,1.9222753285411536,32950957.39730982,1.9175197912501325,1.1802000000000028
