stock,minmax,BOP,TSF,HT_DCPERIOD,TAN,COS,AD,SIN,TRANGE
3034,min,-1.0,283.89243626373644,13.660868337924718,-5.98946783325383,-0.9999967355732418,-31850553.21794352,-0.9863470069825618,3.7869999999999777
3034,max,1.968749999999997,127.73457032967048,15.99280527832731,17.72581774215708,1.9995761566499786,68945053.20532921,1.9827366759877552,22.72210000000001
