stock,minmax,BOP,TSF,HT_DCPERIOD,TAN,COS,AD,SIN,TRANGE
3034,min,-1.0,268.8520263736266,13.660855277311219,-75.02490456149957,-0.9997425873682207,-31850579.59493186,-0.9999111819491256,3.5862999999999943
3034,max,0.9687532675752005,389.81922747252787,29.653662458825604,17.51717013814338,0.999781465255456,37094430.083892405,0.9995742241961345,25.104600000000005
