stock,minmax,BOP,TSF,HT_DCPERIOD,TAN,COS,AD,SIN,TRANGE
3035,min,-1.0,178.6148571428572,18.50699219653835,-55.795194826829665,-0.9999442138949198,-215903431.9497323,-0.9962277083152811,4.723899999999986
3035,max,2.0,130.7115208791206,17.152097781524077,66.06259428965154,1.9998665988749187,343638115.45004356,1.9960671355842425,28.81570000000002
