stock,minmax,BOP,TSF,HT_DCPERIOD,TAN,COS,AD,SIN,TRANGE
3036,min,-1.0,57.20678241758246,18.99648119495273,-14.225675425717515,-0.9994773976918392,1578511.2386912666,-0.9988025768108959,0.0
3036,max,2.0,21.981986813186793,20.473916074323235,377.9406651798192,1.999379935844199,71880059.05992715,1.9987987972169714,9.887799999999999
