stock,minmax,BOP,TSF,HT_DCPERIOD,TAN,COS,AD,SIN,TRANGE
3036,min,-1.0,57.20678241758246,18.99648119495273,-14.225675425717515,-0.9994773976918392,1578511.2386912666,-0.9988025768108959,0.0
3036,max,1.0,79.18876923076925,39.47039726927596,363.7149897541017,0.9999025381523599,73458570.29861842,0.9999962204060755,9.887799999999999
