stock,minmax,BOP,TSF,HT_DCPERIOD,TAN,COS,AD,SIN,TRANGE
3037,min,-0.9655210684029442,185.6880571428573,14.825964496681244,-78.57956280522795,-0.9992371102201202,-407067982.7719924,-0.9999190348655501,0.0
3037,max,1.965521068402944,52.412887912087456,25.624233537581937,104.70179175628473,1.9981004025529656,361551742.71595216,1.996514175042028,25.166799999999995
