stock,minmax,BOP,TSF,HT_DCPERIOD,TAN,COS,AD,SIN,TRANGE
3042,min,-1.0,75.36260989010987,16.0534177685615,-35.46753173573782,-0.9998483393885916,-72956187.69108036,-0.9996027634184694,0.6805999999999983
3042,max,2.0,17.0202175824176,9.61417207123937,57.875207144360374,1.9997843934049968,30321796.435727634,1.9990147585187577,3.9984000000000037
