stock,minmax,BOP,TSF,HT_DCPERIOD,TAN,COS,AD,SIN,TRANGE
3044,min,-1.0,99.65470879120883,13.952569259954561,-22.379799148375763,-0.9782092314988038,3472745.460809768,-0.9997110722873565,0.8780000000000001
3044,max,2.0,19.860473626373448,12.220307211147269,63.97050364116804,1.9652503241858783,13950720.75261499,1.9987142725831004,4.389799999999994
