stock,minmax,BOP,TSF,HT_DCPERIOD,TAN,COS,AD,SIN,TRANGE
3045,min,-1.0,91.7133153846154,13.94856481618508,-6.5100755860413155,-0.9993689562713849,12416742.418055847,-0.9884070408256443,0.2757000000000005
3045,max,2.0,8.600161538461492,17.984085379547775,12.8406675103264,1.9391644605169844,94819966.03905472,1.761417067534278,2.4816000000000003
