stock,minmax,BOP,TSF,HT_DCPERIOD,TAN,COS,AD,SIN,TRANGE
3045,min,-1.0,88.3135571428572,13.948424206580023,-4.751700874771651,-0.998642422504414,12414588.382470097,-0.968560947564618,0.26550000000000296
3045,max,1.0,96.59495054945042,31.932598166944388,6.749428636021401,0.9999670297955707,107234046.37429668,0.9892016638458356,2.6550999999999902
