stock,minmax,BOP,TSF,HT_DCPERIOD,TAN,COS,AD,SIN,TRANGE
3059,min,-1.0,32.93961648351649,18.507717198839273,-32.78550547378379,-0.9998735261589085,-130538370.4121029,-0.9977418875428594,0.5239999999999938
3059,max,1.0,48.025869230769295,36.881763279190544,82.00699726173818,0.9995711325900909,28314910.666227102,0.9999256604797702,4.334999999999994
