stock,minmax,BOP,TSF,HT_DCPERIOD,TAN,COS,AD,SIN,TRANGE
3059,min,-1.0,32.93961648351649,18.507717198839273,-32.78550547378379,-0.9998735261589085,-130538370.4121029,-0.9977418875428594,0.5239999999999938
3059,max,2.0,15.086252747252807,18.37404608035127,114.79250273552196,1.9994446587489993,158853281.07832998,1.9976675480226296,3.811
