stock,minmax,BOP,TSF,HT_DCPERIOD,TAN,COS,AD,SIN,TRANGE
3081,min,-1.0,126.01548571428582,14.090493828752912,-4.38111964898465,-0.9986465660619006,-6347155.2037014915,-0.9967610640905981,1.4116999999999962
3081,max,2.0,72.59241538461545,18.05259118265929,16.775557611001176,1.991630905240132,3952387.553207397,1.9923664802523668,16.470100000000002
