stock,minmax,BOP,TSF,HT_DCPERIOD,TAN,COS,AD,SIN,TRANGE
3088,min,-1.0,46.0115824175824,18.37127637568958,-9.626011906456066,-0.9999648058021458,360816.1079448414,-0.9979021125708123,0.3365000000000009
3088,max,2.0,12.966905494505582,13.495542307405326,117.39565890595563,1.9988549797399677,16283515.323005041,1.997859064961257,4.963999999999999
