stock,minmax,BOP,TSF,HT_DCPERIOD,TAN,COS,AD,SIN,TRANGE
3105,min,-1.0,171.48917142857152,19.158265760778228,-53.38940513131267,-0.9995236655019548,-52081293.809014365,-0.9998246339225106,1.872000000000014
3105,max,1.8333273976993514,181.57918571428553,15.114256433738852,79.79896666926791,1.9991695036522277,38948850.102245346,1.9995606158439596,19.187400000000025
