stock,minmax,BOP,TSF,HT_DCPERIOD,TAN,COS,AD,SIN,TRANGE
3131,min,-1.0,255.79107472527468,17.79330516373427,-212.48955896304975,-0.9999357995051876,-3470463.052120289,-0.9968946724093465,1.8092999999999506
3131,max,2.0,83.39808901098897,22.491379596851832,602.8566456132462,1.99984500134666,1976739.033676363,1.996891391294138,24.42590000000007
