stock,minmax,BOP,TSF,HT_DCPERIOD,TAN,COS,AD,SIN,TRANGE
3141,min,-0.9615343572231837,116.83331648351646,19.48719732152787,-38.251062171769966,-0.9915708894316936,-178512772.68549603,-0.9996584451486986,4.21690000000001
3141,max,1.9615343572231838,122.25512857142866,15.98909671401687,254.96648700461844,1.990165335613385,84927859.9202417,1.9996477992232151,21.553300000000007
