stock,minmax,BOP,TSF,HT_DCPERIOD,TAN,COS,AD,SIN,TRANGE
3152,min,-1.0,199.05077692307705,17.661386294589565,-116.13338560078886,-0.9998347773480489,-6277399.18700446,-0.9999629292237414,0.93719999999999
3152,max,2.0,128.4886087912084,17.20049317612641,189.03657733477274,1.9950559331571218,3045009.0669800793,1.99916854488326,21.55370000000002
