stock,minmax,BOP,TSF,HT_DCPERIOD,TAN,COS,AD,SIN,TRANGE
3169,min,-0.9642846077580853,130.89702857142845,14.495757687028856,-13.853459988181354,-0.9979616447126645,-87259730.15411314,-0.9923544199055229,3.688600000000008
3169,max,1.9446760975540909,125.87077362637382,16.778033823799056,23.82456701951238,1.9977164016872233,68523124.81511569,1.989759282543943,19.826699999999988
