stock,minmax,BOP,TSF,HT_DCPERIOD,TAN,COS,AD,SIN,TRANGE
3189,min,-1.0,148.10255054945077,14.284024381591976,-305.7164031878989,-0.9985497487775573,-141662527.27485314,-0.9980675497245528,4.114899999999977
3189,max,1.909094524197717,71.37075054945012,9.529502638036359,317.2581513384613,1.9985365157505206,108716309.43847628,1.9980622000293795,14.630900000000025
