stock,minmax,BOP,TSF,HT_DCPERIOD,TAN,COS,AD,SIN,TRANGE
3209,min,-1.0,21.150730769230755,15.708105483346422,-17.205660067320213,-0.9994730218918355,-6453542.346221512,-0.9983152760554262,0.11159999999999926
3209,max,1.0,29.857607692307674,28.61890497899097,3.112906887770324,0.9987722154193139,22369046.24160267,0.9883849052425682,2.6037
