stock,minmax,BOP,TSF,HT_DCPERIOD,TAN,COS,AD,SIN,TRANGE
3211,min,-1.0,64.74520659340659,16.451168552216274,-32.90627910902506,-0.9995313564793482,-10605605.212775955,-0.9999842490285059,0.3773999999999944
3211,max,2.0,27.862280219780203,14.23487182282101,211.07284080038886,1.999349689282068,13487350.65913886,1.9995228127135378,7.926400000000015
