stock,minmax,BOP,TSF,HT_DCPERIOD,TAN,COS,AD,SIN,TRANGE
3217,min,-1.0,76.99829780219783,18.478412593276722,-11.48018040453441,-0.9972937016496779,9010081.2749313,-0.9999997158209833,0.7994000000000057
3217,max,2.0,48.42709890109887,12.295505716404698,1337.9241390750228,1.9972880019075026,15917734.245017175,1.9951304520262019,8.969999999999985
