stock,minmax,BOP,TSF,HT_DCPERIOD,TAN,COS,AD,SIN,TRANGE
3217,min,-1.0,74.11642087912094,18.478423948210146,-28.030109669197717,-0.9998251292980219,9008228.605720844,-0.9993642211391596,0.7694000000000045
3217,max,2.0,46.61457362637364,12.295463616632478,47.7378616431669,1.9987604172846822,15918359.759261068,1.9977606754096497,8.634299999999996
