stock,minmax,BOP,TSF,HT_DCPERIOD,TAN,COS,AD,SIN,TRANGE
3218,min,-1.0,193.8080098901099,13.521699120225463,-66.9625305846241,-0.9913746790647137,-7449309.455419132,-0.9963188102309227,1.2653999999999996
3218,max,1.0,250.75775494505498,26.195271130073824,62.84246531519662,0.9999999949554907,-1934317.4641988687,0.9998885105802238,25.730700000000013
