stock,minmax,BOP,TSF,HT_DCPERIOD,TAN,COS,AD,SIN,TRANGE
3228,min,-0.9705882352941169,293.4623076923079,16.028059363084285,-17.544391321834468,-0.9999984076938069,-23897660.08632569,-0.9995403202270037,4.365000000000009
3228,max,1.9705882352941169,171.0184615384614,14.490564891372475,50.513525165541616,1.999595180020303,20032176.51015937,1.9974086650193046,41.22500000000002
