stock,minmax,BOP,TSF,HT_DCPERIOD,TAN,COS,AD,SIN,TRANGE
3228,min,-0.9705882352941169,293.4623076923079,16.028059363084285,-17.544391321834468,-0.9999984076938069,-23897660.08632569,-0.9995403202270037,4.365000000000009
3228,max,1.0,464.4807692307693,30.51862425445676,32.96913384370715,0.9995967723264959,-3865483.5761663197,0.9978683447923009,45.59000000000003
