stock,minmax,BOP,TSF,HT_DCPERIOD,TAN,COS,AD,SIN,TRANGE
3231,min,-1.0,24.254261538461527,16.366007800841015,-683.7861512977042,-0.9987031502167139,-5541960.979174323,-0.8509762099056162,0.13390000000000057
3231,max,2.0,4.644381318681326,17.742215378636164,706.8997789852122,1.9972477288965549,276416621.08734274,1.8509751405338684,1.4738000000000007
