stock,minmax,BOP,TSF,HT_DCPERIOD,TAN,COS,AD,SIN,TRANGE
3231,min,-1.0,23.68097252747254,16.36569020918137,-41.207874613536326,-0.932604111950636,-5530476.906680993,-0.9998547391761307,0.13079999999999714
3231,max,1.0,28.21552417582415,34.107650443192966,58.66288698644145,0.9998354524231432,270876989.37153757,0.9998130352996432,1.569700000000001
