stock,minmax,BOP,TSF,HT_DCPERIOD,TAN,COS,AD,SIN,TRANGE
3260,min,-1.0,58.142042857142854,17.257060820603844,-18.407395614535883,-0.999700649752626,-177745551.21585676,-0.9985276017070489,0.6739000000000033
3260,max,0.9722203903983128,83.6984461538461,36.35584900027629,18.323711586728898,0.9975332677472417,-45503401.295638084,0.9985141521971159,7.160700000000006
