stock,minmax,BOP,TSF,HT_DCPERIOD,TAN,COS,AD,SIN,TRANGE
3260,min,-1.0,59.79539999999998,17.256985922594804,-18.75100997292,-0.9991188155805382,-177745679.326972,-0.9999751012783207,0.6931000000000012
3260,max,1.9722186598268658,26.283112087912137,19.09769363611937,160.45705158144014,1.998950402685729,132243693.84837998,1.999420041003082,6.671199999999999
