stock,minmax,BOP,TSF,HT_DCPERIOD,TAN,COS,AD,SIN,TRANGE
3264,min,-1.0,38.606387912087925,15.839188008371206,-28.64837270313195,-0.9988773133794654,-78580572.77160865,-0.9996924753409935,0.31269999999999953
3264,max,1.9523454157782525,11.075330769230739,11.966229384489282,68.96134723672134,1.998352571605819,48807451.207031526,1.9990838171903151,1.8312000000000026
