stock,minmax,BOP,TSF,HT_DCPERIOD,TAN,COS,AD,SIN,TRANGE
3293,min,-1.0,301.7410813186813,16.755105757753817,-47.28397785467945,-0.9998921421058549,-10328726.20634014,-0.9997764388485614,2.214499999999987
3293,max,2.0,51.450184615384785,9.043125235842393,63.56619592227965,1.9995668667334066,8391730.763914106,1.9978340352861566,26.131500000000017
