stock,minmax,BOP,TSF,HT_DCPERIOD,TAN,COS,AD,SIN,TRANGE
3324,min,-1.0,146.57213846153851,19.25681580661913,-33.032855397721754,-0.9994320721856131,-18650352.824153464,-0.9995420907769699,2.3354000000000212
3324,max,0.9599989723563854,239.54245714285688,40.250353352114985,18.916653036308805,0.9991846422427375,22586094.414201472,0.9993139325349534,19.150499999999994
