stock,minmax,BOP,TSF,HT_DCPERIOD,TAN,COS,AD,SIN,TRANGE
3376,min,-1.0,68.98269560439566,15.04591059565768,-527.793016107801,-0.9970007799626561,-2857745.9353820095,-0.99996615546989,0.4368000000000052
3376,max,2.0,16.45344835164832,11.859986654608967,649.3359550968038,1.996979500797599,3670635.142594015,1.9999643605645212,4.105899999999991
