stock,minmax,BOP,TSF,HT_DCPERIOD,TAN,COS,AD,SIN,TRANGE
3406,min,-1.0,317.8818318681316,14.474567003279823,-102.2212186104399,-0.9997536702149254,-13230147.57396851,-0.9994272903024728,5.703299999999956
3406,max,2.0,217.92910000000063,21.28908304567996,120.66179545501612,1.999701659725147,25773130.245522182,1.9993794430806955,44.675200000000075
