stock,minmax,BOP,TSF,HT_DCPERIOD,TAN,COS,AD,SIN,TRANGE
3413,min,-1.0,181.32180659340656,14.333216172562851,-16.184102497640982,-0.9997844603163693,-5709083.331717399,-0.9988444956830327,2.2241000000000213
3413,max,2.0,45.53207472527501,12.427677162627026,36.96778934842466,1.9997590431879328,14698842.713833425,1.99482385817439,17.792399999999958
