stock,minmax,BOP,TSF,HT_DCPERIOD,TAN,COS,AD,SIN,TRANGE
3413,min,-1.0,175.00766153846172,14.333221184537901,-36.22809076747659,-0.9999956865012125,-5709311.279644339,-0.9999148735013248,2.1466000000000065
3413,max,2.0,43.94656373626384,12.42774041884655,112.86268952746353,1.9998445735751738,14698784.768492885,1.9993581388758281,17.1729
