stock,minmax,BOP,TSF,HT_DCPERIOD,TAN,COS,AD,SIN,TRANGE
3416,min,-1.0,68.32952307692307,13.574348637635872,-70.59035256924146,-0.9997660583371,-1171442.309419133,-0.6908314371785078,0.09029999999999916
3416,max,2.0,3.6216384615385095,10.590390359843074,83.69957888545036,1.9985182361458236,688880.7304798213,1.690731111075801,2.3477000000000032
