stock,minmax,BOP,TSF,HT_DCPERIOD,TAN,COS,AD,SIN,TRANGE
3443,min,-0.9736848474092248,375.7166406593409,17.02899511137617,-22.792030945165287,-0.9999950494155186,-38128998.86745536,-0.9974236099550448,6.36099999999999
3443,max,1.9736848474092248,199.22007252747198,8.723146358844389,67.65045403758478,1.9988993500045402,39129900.804476395,1.997175227926913,42.08100000000002
