stock,minmax,BOP,TSF,HT_DCPERIOD,TAN,COS,AD,SIN,TRANGE
3455,min,-1.0,66.95663296703299,16.34057652882721,-161.426777416004,-0.999975716844726,-4653276.219102959,-0.9985476374771226,1.0910000000000082
3455,max,1.9511798209926754,25.699123076923,14.73565944300434,220.47146452060824,1.994817962927363,96926224.93714188,1.9985284505091307,8.141299999999987
