stock,minmax,BOP,TSF,HT_DCPERIOD,TAN,COS,AD,SIN,TRANGE
3455,min,-1.0,63.827859340659366,16.340636551269522,-4.111636315368841,-0.9959947736029399,-4653496.546702965,-0.9981928948621192,1.0401000000000096
3455,max,0.9512239734170665,88.32610109890103,31.076399389345184,22.709854724658992,0.9973140989541144,92271297.84044005,0.9990319221362762,8.80080000000001
