stock,minmax,BOP,TSF,HT_DCPERIOD,TAN,COS,AD,SIN,TRANGE
3483,min,-1.0,62.95386263736261,18.683595211265043,-9.5469156038236,-0.9999878424835545,-29788508.044644278,-0.9934831457449421,1.0960999999999927
3483,max,2.0,21.20945384615387,10.225422526196027,167.04003048416325,1.9995085697839343,12944791.799265318,1.99346298838143,4.658500000000018
