stock,minmax,BOP,TSF,HT_DCPERIOD,TAN,COS,AD,SIN,TRANGE
3515,min,-1.0,125.67192527472531,16.550240668655707,-25.60068386696378,-0.9998830764431416,12720208.769825546,-0.9999882613338938,2.5413000000000068
3515,max,2.0,111.46691318681326,12.203186769344398,231.9826776661509,1.9985284960029714,17393745.64956139,1.9995086336899095,16.941799999999972
