stock,minmax,BOP,TSF,HT_DCPERIOD,TAN,COS,AD,SIN,TRANGE
3526,min,-1.0,132.94382307692322,18.7540358995378,-11.776421071586721,-0.9998293481949815,-18206639.845910165,-0.9936809777453292,1.6648000000000138
3526,max,0.9285726544131522,173.43027032967026,31.85828891431672,8.610875576045142,0.9987812155402173,-3889489.4166501528,0.9964140648920209,15.399599999999992
