stock,minmax,BOP,TSF,HT_DCPERIOD,TAN,COS,AD,SIN,TRANGE
3529,min,-1.0,1087.4319010989009,18.57481391660104,-79.88294421647345,-0.9988632949834984,-22469010.10634403,-0.999897555671568,39.13059999999996
3529,max,2.0,1076.0903131868156,20.467282464564338,116.79446558893423,1.987359875912797,11199599.717532648,1.9998192107520771,141.8483000000001
