stock,minmax,BOP,TSF,HT_DCPERIOD,TAN,COS,AD,SIN,TRANGE
3529,min,-1.0,1079.9983659340646,18.574812209656105,-72.63221113112508,-0.9971034858482113,-22469003.529499047,-0.9999052346140369,38.86310000000003
3529,max,2.0,1068.734928571428,20.467293109196607,97.83598261156682,1.992480586877892,11199592.200812686,1.9991190463673016,140.87869999999998
