stock,minmax,BOP,TSF,HT_DCPERIOD,TAN,COS,AD,SIN,TRANGE
3532,min,-1.0,174.01308021978025,14.488630504035182,-37.52871187238676,-0.9998442254834591,-24933494.26360169,-0.9996451772201448,6.114299999999986
3532,max,2.0,185.78684505494505,29.292643572640205,56.87049724234849,1.9998440866295,90502169.19604668,1.9983113263329442,31.51230000000001
