stock,minmax,BOP,TSF,HT_DCPERIOD,TAN,COS,AD,SIN,TRANGE
3533,min,-0.9615386195056647,565.9069978021978,13.923727033838839,-68.45058213412219,-0.9999076006801836,620135.622420954,-0.9971973535336152,9.364499999999907
3533,max,0.9189178268800078,779.2952263736261,26.416632262986035,60.6196339118942,0.9990855336656095,4838126.945068256,0.9998933044756062,69.29769999999996
