stock,minmax,BOP,TSF,HT_DCPERIOD,TAN,COS,AD,SIN,TRANGE
3533,min,-0.9615386195056647,565.9069978021978,13.923727033838839,-68.45058213412219,-0.9999076006801836,620135.622420954,-0.9971973535336152,9.364499999999907
3533,max,1.8804564463856726,213.38822857142827,12.492905229147196,129.07021604601638,1.9989931343457932,4217991.3226473015,1.9970906580092214,59.933200000000056
