stock,minmax,BOP,TSF,HT_DCPERIOD,TAN,COS,AD,SIN,TRANGE
3551,min,-1.0,55.548918681318725,15.233054959699963,-33.39471924309573,-0.996393555439945,-3659725.1529238536,-0.9923412202623236,0.35950000000000415
3551,max,2.0,11.93860329670325,28.723821950040126,52.66405980370256,1.996353476960371,5727853.843335087,1.9918931744123163,3.235500000000002
