stock,minmax,BOP,TSF,HT_DCPERIOD,TAN,COS,AD,SIN,TRANGE
3552,min,-1.0,116.48632197802206,17.507546880577216,-15.78393476815878,-0.9976186973975938,-39419235.21259218,-0.9999969237322174,2.8770000000000095
3552,max,2.0,65.64902527472512,17.411440352878756,418.9388244869294,1.9975153190060815,32102350.645059213,1.9979959820602313,14.384899999999988
