stock,minmax,BOP,TSF,HT_DCPERIOD,TAN,COS,AD,SIN,TRANGE
3558,min,-1.0,93.45769780219783,16.551291347855592,-21.554492344400483,-0.9999964686670102,-3144993.2127022617,-0.9991975898121243,0.5578000000000003
3558,max,1.0,194.8133395604395,39.07969288378723,24.94740060369383,0.99972562165984,62947255.619777426,0.9978064997594849,21.849700000000013
