stock,minmax,BOP,TSF,HT_DCPERIOD,TAN,COS,AD,SIN,TRANGE
3567,min,-1.0,27.26409670329671,16.339766817428377,-16.408215574482682,-0.999606172371602,-7748584.168903786,-0.9981480062073992,0.08009999999999806
3567,max,1.0,30.523158241758225,27.891533758880637,7.115169980187054,0.8536585494545648,-6461030.667829361,0.8272155401943937,1.6435999999999993
