stock,minmax,BOP,TSF,HT_DCPERIOD,TAN,COS,AD,SIN,TRANGE
3592,min,-1.0,326.7415527472527,15.646696015449795,-15.457273423578185,-0.9974833028321934,738477.5562316686,-0.9979138594224917,4.439600000000041
3592,max,1.0,509.7243989010985,29.05967786289203,57.29047372103742,0.9999707555945738,16331102.705892611,0.9998476978785075,45.87580000000003
