stock,minmax,BOP,TSF,HT_DCPERIOD,TAN,COS,AD,SIN,TRANGE
3596,min,-1.0,93.89177032967035,15.485875360299435,-58.36659431470682,-0.9859951171314499,-2510049.639284879,-0.9998532609516528,0.8915999999999968
3596,max,2.0,24.11956043956043,19.37124260059588,339.1663449814927,1.975229901363547,31798478.528724305,1.9998469197372448,9.808700000000002
