stock,minmax,BOP,TSF,HT_DCPERIOD,TAN,COS,AD,SIN,TRANGE
3617,min,-1.0,54.18679780219777,12.95389544669186,-180.15880740243628,-0.9999994532292588,-1091847.058713374,-0.984489201283104,0.09199999999999875
3617,max,2.0,15.542857142857201,20.35250469721536,191.69743702881337,1.999925680203955,1297345.4417133825,1.984473796734652,5.8888000000000105
