stock,minmax,BOP,TSF,HT_DCPERIOD,TAN,COS,AD,SIN,TRANGE
3624,min,-1.0,59.48724175824172,18.229713350303776,-17.25783131257537,-0.9999985521992216,-18165164.803832754,-0.9999497264533752,1.7423000000000002
3624,max,2.0,29.999586813186895,13.759829325652603,116.9816417279344,1.9997582378176932,126003343.76654398,1.999247035196618,7.0608
