stock,minmax,BOP,TSF,HT_DCPERIOD,TAN,COS,AD,SIN,TRANGE
3661,min,-0.9489796448094525,813.1760219780224,16.236106414604674,-327.99419655576526,-0.9999342524856274,-31302005.793814477,-0.9985607001218276,17.690399999999954
3661,max,1.0,1189.6428461538458,22.033175440080335,7.1201592404482374,0.9999855840491466,190196.05573014173,0.9999953523367041,127.76409999999998
