stock,minmax,BOP,TSF,HT_DCPERIOD,TAN,COS,AD,SIN,TRANGE
3661,min,-0.9489796448094525,813.1760219780224,16.236106414604674,-327.99419655576526,-0.9999342524856274,-31302005.793814477,-0.9985607001218276,17.690399999999954
3661,max,1.9489796448094525,376.4668241758234,5.797069025475661,335.1143557962135,1.9999198365347741,31492201.84954462,1.9985560524585317,110.07370000000003
