stock,minmax,BOP,TSF,HT_DCPERIOD,TAN,COS,AD,SIN,TRANGE
3665,min,-0.9583284560458842,232.14543406593384,13.293491357232131,-18.70407704344288,-0.995819670397074,-15710518.082535267,-0.999822208478047,2.7763999999999953
3665,max,1.9583284560458842,71.8881142857145,17.565588643292575,71.72796413113245,1.9957017336085099,48898131.05057405,1.9988458160761273,25.91380000000001
