stock,minmax,BOP,TSF,HT_DCPERIOD,TAN,COS,AD,SIN,TRANGE
3669,min,-1.0,42.70523186813188,16.080313289181912,-146.91562265699284,-0.9994920316596568,-23030258.067974754,-0.9996492629464775,0.5328000000000017
3669,max,1.964290022921945,23.89982197802197,26.380621413171905,184.66240281948996,1.9992181974700527,37644065.1262241,1.999626098658588,7.548899999999996
