stock,minmax,BOP,TSF,HT_DCPERIOD,TAN,COS,AD,SIN,TRANGE
3680,min,-1.0,199.5094615384616,12.830823397540055,-132.62416472305716,-0.9998512055214268,-22051778.045109477,-0.9999715746275947,3.3055000000000234
3680,max,2.0,108.77405384615406,25.66065199533968,158.2949181887726,1.9998486266692592,17976363.763138257,1.999605421042212,21.24989999999994
