stock,minmax,BOP,TSF,HT_DCPERIOD,TAN,COS,AD,SIN,TRANGE
3701,min,-1.0,42.93011978021967,18.620122412835734,-36.27798582475626,-0.9996394456361272,-167153418.3341012,-0.9996203037866261,1.4240999999999957
3701,max,1.9888680227164741,33.609430769230855,12.80516073454357,50.15265123896776,1.999310581199857,78863539.9334502,1.9970330622146846,7.022400000000005
