stock,minmax,BOP,TSF,HT_DCPERIOD,TAN,COS,AD,SIN,TRANGE
3702,min,-1.0,43.86508681318682,19.76594164495115,-82.5960639443738,-0.9994650692324383,-9880401.88527912,-0.9985791522626206,0.2513000000000005
3702,max,1.0,48.70933846153847,36.360422094237435,13.924364327862682,0.9845349234786757,113547664.1983999,0.99992671694614,1.9264999999999972
