stock,minmax,BOP,TSF,HT_DCPERIOD,TAN,COS,AD,SIN,TRANGE
3702,min,-1.0,45.584343956043966,19.765905205670844,-20.386047833795487,-0.9994224022289881,-9878752.360546222,-0.9992786136891558,0.261099999999999
3702,max,2.0,5.0341087912088085,16.594566334571365,53.71663203800803,1.924224038146892,123433330.69402269,1.9988288430759664,1.7408999999999963
