stock,minmax,BOP,TSF,HT_DCPERIOD,TAN,COS,AD,SIN,TRANGE
3707,min,-0.9230721071825451,98.99452197802214,16.896257278026987,-27.718923862292982,-0.9991390484841999,-235220697.255903,-0.9993498798944906,2.4573000000000036
3707,max,1.923072107182545,43.881381318681235,16.44178902201962,42.01122559755196,1.9988937521816839,87069652.34921879,1.9978433889202036,9.337800000000001
