stock,minmax,BOP,TSF,HT_DCPERIOD,TAN,COS,AD,SIN,TRANGE
3707,min,-0.9230721071825451,98.99452197802214,16.896257278026987,-27.718923862292982,-0.9991390484841999,-235220697.255903,-0.9993498798944906,2.4573000000000036
3707,max,1.0,142.87590329670337,33.33804630004661,14.292301735258981,0.9997547036974841,-148151044.90668422,0.998493509025713,11.795100000000005
