stock,minmax,BOP,TSF,HT_DCPERIOD,TAN,COS,AD,SIN,TRANGE
3708,min,-1.0,79.43559120879124,15.461766320162551,-39.36986142772039,-0.9996686704749799,-54099168.0513904,-0.9932925746715442,0.8973000000000013
3708,max,1.0,129.0660978021978,31.370479693273857,6.437618686809029,0.9998174287425166,5822022.559863176,0.9996775724452157,13.909500000000008
