stock,minmax,BOP,TSF,HT_DCPERIOD,TAN,COS,AD,SIN,TRANGE
3708,min,-1.0,82.77036593406599,15.461759868550036,-172.3516458608318,-0.9995762322831824,-54099605.51351231,-0.999983168292737,0.9350999999999914
3708,max,2.0,51.7140076923077,15.90872614475916,203.78232413700823,1.9992735273325373,59921885.75688414,1.9994774217341469,13.558300000000003
