stock,minmax,BOP,TSF,HT_DCPERIOD,TAN,COS,AD,SIN,TRANGE
3711,min,-0.9642752928425516,80.15752307692308,14.101949056281242,-8.964269061887785,-0.9965989404879338,-182099419.41012898,-0.9902714522867816,0.6854000000000013
3711,max,1.9642752928425518,13.73839010989009,14.305709381384546,303.8938135718854,1.995136378640535,102551827.44973977,1.9902657041155138,4.369500000000002
