stock,minmax,BOP,TSF,HT_DCPERIOD,TAN,COS,AD,SIN,TRANGE
3714,min,-1.0,55.280189010989055,19.657008346012994,-9.874332353919971,-0.9999856659059215,-376434879.1606293,-0.999960779290374,0.7716000000000065
3714,max,1.9629665181999703,40.95741868131862,21.02707581874712,122.77967765216508,1.998758891321566,466426322.9214359,1.9931485025771722,8.295699999999997
