stock,minmax,BOP,TSF,HT_DCPERIOD,TAN,COS,AD,SIN,TRANGE
4162,min,-1.0,56.35562747252757,15.128989099451102,-245.53957975202036,-0.9999995129608378,-60798409.57880025,-0.9999917068105721,0.4643999999999977
4162,max,0.9302348875644822,95.7946373626373,33.728860433334674,83.78526791724963,0.9999270822081435,22883395.58199604,0.9999287822444318,10.587099999999992
