stock,minmax,BOP,TSF,HT_DCPERIOD,TAN,COS,AD,SIN,TRANGE
4162,min,-1.0,57.36322307692314,15.129055150038067,-43.9189246170487,-0.9991323302816114,-60796952.183518015,-0.9987004274923444,0.4725999999999999
4162,max,1.9302548710883676,40.144176923076905,18.59983169695145,59.13971616543525,1.9978067917345177,83680456.88064516,1.998441309372803,10.303799999999995
