stock,minmax,BOP,TSF,HT_DCPERIOD,TAN,COS,AD,SIN,TRANGE
4438,min,-1.0,93.77679230769229,16.751313748547222,-11.162631845062567,-0.9967247255212962,-2632794.058974192,-0.9960112912406954,0.4352000000000089
4438,max,1.0,112.43551538461541,28.362605443860303,183.6006872632243,0.9999042967363277,-1695327.0968811878,0.9999851675894907,5.223100000000002
