stock,minmax,BOP,TSF,HT_DCPERIOD,TAN,COS,AD,SIN,TRANGE
4438,min,-1.0,98.30032857142861,16.75145301006664,-21.20155948908076,-0.9947250850507169,-2632802.367690765,-0.9988895205934452,0.4562999999999988
4438,max,2.0,19.558779120879052,11.611039027435904,31.583539507851718,1.9934476946229744,937487.972656318,1.993959482353561,5.018799999999999
