stock,minmax,BOP,TSF,HT_DCPERIOD,TAN,COS,AD,SIN,TRANGE
4438,min,-1.0,98.30032857142861,16.75145301006664,-21.20155948908076,-0.9947250850507169,-2632802.367690765,-0.9988895205934452,0.4562999999999988
4438,max,1.0,117.85910769230766,28.362492037502545,10.381980018770955,0.9987226095722576,-1695314.3950344468,0.9950699617601159,5.475099999999998
