stock,minmax,BOP,TSF,HT_DCPERIOD,TAN,COS,AD,SIN,TRANGE
4536,min,-1.0,106.6933285714286,14.208743905089253,-3.0069118719719548,-0.9961430447536983,-127716.98207945103,-0.9992933865593758,0.4509999999999934
4536,max,2.0,28.482270329670314,14.926803398500194,29.59357308667429,1.9908160055800546,787973.1498622391,1.9957827841153566,8.11800000000001
