stock,minmax,BOP,TSF,HT_DCPERIOD,TAN,COS,AD,SIN,TRANGE
4549,min,-1.0,62.21427032967029,15.42766880024799,-38.51519356790609,-0.9999944030660428,-29480.50224416866,-0.999663111389857,0.0
4549,max,1.0,71.67609999999998,39.96122584740831,21.37842850575521,0.9965286550133483,1154015.314212007,0.9991980818650871,3.6367000000000047
