stock,minmax,BOP,TSF,HT_DCPERIOD,TAN,COS,AD,SIN,TRANGE
4551,min,-1.0,112.5516681318682,16.808923385431545,-42.343076777821956,-0.9973155367920274,-7348509.307124859,-0.995780613641362,1.3958999999999975
4551,max,2.0,55.65713846153845,18.46553678953637,53.194398003952685,1.9967872586259483,7308582.514656511,1.9955018580689714,12.563100000000006
