stock,minmax,BOP,TSF,HT_DCPERIOD,TAN,COS,AD,SIN,TRANGE
4551,min,-1.0,109.47644945054951,16.808910257677788,-44.99796696580949,-0.9999863479781674,-7348565.416237764,-0.9997531555362269,1.3577999999999975
4551,max,1.0,163.61291098901086,35.27441896110753,32.357268122734446,0.9987719330591884,-39953.47090611023,0.9988130787362633,13.57759999999999
