stock,minmax,BOP,TSF,HT_DCPERIOD,TAN,COS,AD,SIN,TRANGE
4722,min,-0.9091001421897279,35.735185714285755,17.278828085100404,-37.45574954367047,-0.9977426276138087,-1994111.0493586357,-0.9993775671855534,0.2237999999999971
4722,max,1.909100142189728,6.068713186813163,14.471321464608632,92.67340559157107,1.9972625330991254,7926667.137354637,1.999213618757533,3.2672000000000025
