stock,minmax,BOP,TSF,HT_DCPERIOD,TAN,COS,AD,SIN,TRANGE
4722,min,-0.9090719933416537,34.8823241758242,17.27904309354566,-437.7349038516162,-0.9744144285342942,-1993056.0389915323,-0.9999973905682074,0.2184000000000026
4722,max,1.0,40.80622307692307,31.750523302427695,24.131733127755076,0.9992234538374244,5932628.08342199,0.9987556607922699,3.4076999999999984
