stock,minmax,BOP,TSF,HT_DCPERIOD,TAN,COS,AD,SIN,TRANGE
4736,min,-0.9873440865213282,144.9412857142856,16.533372051468657,-32.63777090789097,-0.9956102367165839,-14009444.684546959,-0.9954359389727669,1.2254000000000076
4736,max,1.0,262.13773956043957,35.80812498032925,165.4595649399822,0.9994727689781222,30216612.929673396,0.9999817369061547,32.269499999999994
