stock,minmax,BOP,TSF,HT_DCPERIOD,TAN,COS,AD,SIN,TRANGE
4736,min,-0.9873440865213282,144.9412857142856,16.533372051468657,-32.63777090789097,-0.9956102367165839,-14009444.684546959,-0.9954359389727669,1.2254000000000076
4736,max,1.987344086521328,117.19645384615396,19.27475292886059,198.09733584787315,1.9950830056947062,44226057.61422035,1.9954176758789215,31.044099999999986
