stock,minmax,BOP,TSF,HT_DCPERIOD,TAN,COS,AD,SIN,TRANGE
4739,min,-1.0,114.27111648351645,17.882755485395208,-6.743772442899108,-0.9991684436889433,-184693326.30958796,-0.998244300117446,1.8436000000000092
4739,max,0.9166681733533405,152.24835164835181,30.605779969329355,16.85339530989227,0.9999923135307616,-112603390.87739597,0.9891838354542121,12.444700000000012
