stock,minmax,BOP,TSF,HT_DCPERIOD,TAN,COS,AD,SIN,TRANGE
4739,min,-1.0,115.6436714285716,17.88276297861341,-95.05742368788545,-0.9999544942980474,-184694151.37554675,-0.9999446698459133,1.8658000000000072
4739,max,1.91667559938543,38.43345934065914,12.723029898216513,153.15805798999276,1.9962383075504067,72089339.88521117,1.9963123742100577,10.72829999999999
