stock,minmax,BOP,TSF,HT_DCPERIOD,TAN,COS,AD,SIN,TRANGE
4915,min,-1.0,44.84923296703294,18.667816997725023,-26.019458419170935,-0.9999848189075883,-72753534.34442374,-0.9992622780439279,0.26729999999999876
4915,max,2.0,11.355764835164827,13.22825755625885,62.64915109137827,1.999824932026418,62610124.60984045,1.998889834220497,2.4946000000000055
