stock,minmax,BOP,TSF,HT_DCPERIOD,TAN,COS,AD,SIN,TRANGE
4919,min,-0.9583299027545261,113.10993406593407,17.522005237114804,-38.12002654907461,-0.9999650556200427,-280022734.53961843,-0.9935436687469532,3.188199999999995
4919,max,1.9238442723980862,70.9771000000001,6.780134699966759,46.87754742541734,1.9989974819925997,193398996.7211353,1.9931997629187554,12.753000000000014
