stock,minmax,BOP,TSF,HT_DCPERIOD,TAN,COS,AD,SIN,TRANGE
4927,min,-0.945923436152177,78.79409230769235,14.619280167346016,-521.7242186519188,-0.9999149429032961,47140554.045387626,-0.9999981630945061,1.1811999999999898
4927,max,1.945923436152177,48.45723846153838,19.947598502662867,537.9870283977485,1.9995907407869131,48121818.45657231,1.9991771755130925,10.630800000000008
