stock,minmax,BOP,TSF,HT_DCPERIOD,TAN,COS,AD,SIN,TRANGE
4927,min,-0.945923436152177,78.79409230769235,14.619280167346016,-521.7242186519188,-0.9999149429032961,47140554.045387626,-0.9999981630945061,1.1811999999999898
4927,max,1.0,127.25133076923073,34.56687867000888,16.262809745829728,0.999675797883617,95262372.50195993,0.9991790124185863,11.811999999999998
