stock,minmax,BOP,TSF,HT_DCPERIOD,TAN,COS,AD,SIN,TRANGE
4938,min,-1.0,55.15884505494504,18.491971221638217,-13.760689531559526,-0.9881900109984346,-1674813.8497667569,-0.9998866493564474,0.4380999999999986
4938,max,2.0,10.094497802197871,18.987739305987482,80.17108768005481,1.9876063497145855,206813743.96572417,1.9962550170928428,2.8038000000000025
