stock,minmax,BOP,TSF,HT_DCPERIOD,TAN,COS,AD,SIN,TRANGE
4942,min,-1.0,34.98917692307692,17.934804219426432,-34.24642871572319,-0.9996329393073644,-698154.4525002721,-0.999969459008078,0.16510000000000247
4942,max,1.0,42.45097802197802,29.81057257194425,127.9479951152547,0.9807582283263673,4078300.0323245167,0.9999279027945087,1.7749999999999986
