stock,minmax,BOP,TSF,HT_DCPERIOD,TAN,COS,AD,SIN,TRANGE
4945,min,-1.0,61.567462637362695,13.072177314731912,-10.204930869075389,-0.9994681343443588,-16415701.740456132,-0.9999981426435234,0.7202000000000055
4945,max,1.0,85.02008901098904,34.776388806686874,518.8439594841107,0.9997306834036364,-336204.35421861743,0.999934624464312,12.514299999999992
