stock,minmax,BOP,TSF,HT_DCPERIOD,TAN,COS,AD,SIN,TRANGE
4945,min,-1.0,62.82908791208794,13.07219188421243,-189.1294901040903,-0.9999792263840506,-16415692.019141639,-0.9999860220850038,0.7349999999999994
4945,max,2.0,23.933210989010888,21.70439345309527,254.30470444171277,1.9999148506849327,16079431.845892211,1.9994371179450705,12.035700000000006
