stock,minmax,BOP,TSF,HT_DCPERIOD,TAN,COS,AD,SIN,TRANGE
4958,min,-1.0,82.87116923076928,16.675253559981968,-13.026432589716027,-0.999468613377535,-30089615.33405978,-0.997066374659856,0.7239000000000004
4958,max,2.0,25.579203296703227,13.735019836560518,4883.469424511658,1.9958101689303227,45051598.14696118,1.9970663535816784,7.4202999999999975
