stock,minmax,BOP,TSF,HT_DCPERIOD,TAN,COS,AD,SIN,TRANGE
4961,min,-1.0,204.42598241758253,16.05661912720821,-104.17722288059517,-0.9999786199153338,-93708279.50201817,-0.9999539325215574,3.701899999999995
4961,max,2.0,146.77496593406602,15.429007734423923,128.6886225811144,1.9987211959442497,51819391.0543465,1.9998272450774803,25.29650000000001
