stock,minmax,BOP,TSF,HT_DCPERIOD,TAN,COS,AD,SIN,TRANGE
4961,min,-1.0,196.60189230769222,16.056629035904464,-48.987405172398184,-0.9998420189797097,-93708466.20041996,-0.9997917114347776,3.560200000000009
4961,max,2.0,141.15750989010965,15.429022307031033,69.45812273171688,1.9997411943676195,51819639.36567399,1.9986006684451607,24.328299999999956
