stock,minmax,BOP,TSF,HT_DCPERIOD,TAN,COS,AD,SIN,TRANGE
4966,min,-1.0,1210.38676043956,15.167396659966954,-401.1586889863845,-0.9996084632565133,-15834891.090286324,-0.9999968930406323,23.40949999999998
4966,max,1.0,2000.0501923076922,33.99002221280207,160.53049916952386,0.9999594039546735,-7070374.841406822,0.9999805981897539,177.9124999999999
