stock,minmax,BOP,TSF,HT_DCPERIOD,TAN,COS,AD,SIN,TRANGE
4966,min,-1.0,1210.38676043956,15.167396659966954,-401.1586889863845,-0.9996084632565133,-15834891.090286324,-0.9999968930406323,23.40949999999998
4966,max,2.0,789.6634318681322,18.822625552835113,561.6891881559084,1.9995678672111867,8764516.248879502,1.9999774912303863,154.50299999999993
