stock,minmax,BOP,TSF,HT_DCPERIOD,TAN,COS,AD,SIN,TRANGE
4968,min,-1.0,163.12604395604384,17.989826359364884,-46.76295456001174,-0.9995584305875508,-52099345.251815245,-0.999771431067726,3.882899999999978
4968,max,1.0,267.05863956043953,32.99470125148005,31.487269448191807,0.9977763499702983,-17814579.327193506,0.9971859700919102,21.841499999999996
