stock,minmax,BOP,TSF,HT_DCPERIOD,TAN,COS,AD,SIN,TRANGE
4971,min,-1.0,58.949801098901084,16.8481238682797,-20.7921909138347,-0.9999026406898407,-8880966.056123098,-0.9999892937917799,0.7551999999999879
4971,max,1.0,78.89984175824169,30.526446283298576,216.10443120514896,0.9991902017042202,-4774645.625947053,0.99979901754076,10.195399999999992
