stock,minmax,BOP,TSF,HT_DCPERIOD,TAN,COS,AD,SIN,TRANGE
4971,min,-1.0,58.949801098901084,16.8481238682797,-20.792190913834695,-0.9999026406898407,-8880966.056123098,-0.9999892937917799,0.7551999999999879
4971,max,2.0,19.95004065934061,13.678322415018876,236.8966221189837,1.9990928423940608,4106320.4301760457,1.9997883113325399,9.440200000000004
