stock,minmax,BOP,TSF,HT_DCPERIOD,TAN,COS,AD,SIN,TRANGE
5009,min,-0.8750244347429461,18.513041758241748,17.442837029097074,-28.927770594966468,-0.9996714700291393,-106551037.1967437,-0.9999057421597874,0.1814
5009,max,1.8750244347429461,13.00223296703296,14.686995247227063,101.7552965385951,1.9994415545893385,220263491.0600316,1.9991705572313336,3.703400000000002
