stock,minmax,BOP,TSF,HT_DCPERIOD,TAN,COS,AD,SIN,TRANGE
5230,min,-1.0,21.09827692307692,17.45875545186945,-31.672702528799622,-0.9999274167967563,-16332049.38388411,-0.9999175053815405,0.23080000000000211
5230,max,2.0,8.647798901098945,16.79498467207177,109.52031928646822,1.9803024838930599,1774171.8375227991,1.999810378278596,2.031699999999997
