stock,minmax,BOP,TSF,HT_DCPERIOD,TAN,COS,AD,SIN,TRANGE
5230,min,-1.0,21.360539560439584,17.458662037273324,-27.263646188724675,-0.9999633110381935,-16333130.278562112,-0.9989350425368703,0.2336999999999989
5230,max,2.0,8.75535604395603,16.79547690317408,44.83869710510662,1.9937470822604233,1774064.6749338955,1.9982630503947276,2.0569999999999986
