stock,minmax,BOP,TSF,HT_DCPERIOD,TAN,COS,AD,SIN,TRANGE
5234,min,-1.0,85.83171868131873,18.035823057906924,-85.02432669389682,-0.9985159531274214,-2155516.461521254,-0.9999308426174873,0.5463000000000022
5234,max,2.0,58.665353846153806,12.523874893159647,114.91162795750955,1.9952263073203138,22051292.110489123,1.9993715589433858,11.7457
