stock,minmax,BOP,TSF,HT_DCPERIOD,TAN,COS,AD,SIN,TRANGE
5234,min,-1.0,83.43776923076928,18.03582432483173,-23.54105815922384,-0.9996627397810228,-2155651.775127977,-0.9962917184799687,0.5311000000000092
5234,max,2.0,57.029075824175834,12.523867388617031,30.736590423767833,1.9995075046849995,22051141.887356855,1.995390706059021,11.41810000000001
