stock,minmax,BOP,TSF,HT_DCPERIOD,TAN,COS,AD,SIN,TRANGE
5234,min,-1.0,83.43776923076928,18.03582432483173,-23.54105815922384,-0.9996627397810228,-2155651.775127977,-0.9962917184799687,0.5311000000000092
5234,max,1.0,140.4668450549451,30.55969171344876,7.195532264543992,0.9998447649039766,19895490.112228878,0.9990989875790525,11.949200000000019
