stock,minmax,BOP,TSF,HT_DCPERIOD,TAN,COS,AD,SIN,TRANGE
5269,min,-1.0,1238.0375945054955,16.592595212675228,-25.80499931132411,-0.9998966351789139,-5230391.741907881,-0.9977167167862688,28.59310000000005
5269,max,2.0,652.2464659340644,15.946132126906797,40.577717227909595,1.9980019822347472,6028634.010441175,1.9969666956683025,152.49620000000004
