stock,minmax,BOP,TSF,HT_DCPERIOD,TAN,COS,AD,SIN,TRANGE
5274,min,-0.96666628812398,1847.8898351648354,15.151457892752438,-121.62829294531312,-0.9999848233943005,-2024266.451352949,-0.9999071151839047,57.23700000000008
5274,max,1.96666628812398,1322.4041142857154,13.996472787404416,194.99218838443713,1.9995769912786971,3949202.0462276423,1.9998733181362427,228.94830000000002
