stock,minmax,BOP,TSF,HT_DCPERIOD,TAN,COS,AD,SIN,TRANGE
5284,min,-1.0,38.36905494505493,15.254721888619743,-34.12944754608827,-0.9979267471970488,-302344.173537457,-0.9436844601307889,0.04480000000000217
5284,max,1.0,42.23121978021972,35.29844517733859,64.47697176153339,0.7899381779328742,8991.16902199824,0.999879750743662,2.3721999999999994
