stock,minmax,BOP,TSF,HT_DCPERIOD,TAN,COS,AD,SIN,TRANGE
5289,min,-1.0,159.15054725274732,15.087136400283356,-24.19908429736817,-0.9975806590264364,-4865107.199172059,-0.9946509705722233,1.2653999999999996
5289,max,2.0,27.88631868131867,11.558932109881813,379.52459178630465,1.9970974473900804,3142904.508831309,1.9946470103946998,9.280099999999976
