stock,minmax,BOP,TSF,HT_DCPERIOD,TAN,COS,AD,SIN,TRANGE
5309,min,-1.0,33.88654505494505,16.54076867738642,-47.164576984117176,-0.9997097174046569,-216351975.1877911,-0.9998652684381285,0.5390000000000015
5309,max,1.8912995252673124,9.158961538461526,12.862053404994139,108.07707940638227,1.9992660830640234,145026674.76196027,1.9973381476346264,3.380899999999997
