stock,minmax,BOP,TSF,HT_DCPERIOD,TAN,COS,AD,SIN,TRANGE
5309,min,-1.0,34.579120879120865,16.540786611550132,-33.221580014411934,-0.9999567971199811,-216352332.11131468,-0.996086503119594,0.5499999999999972
5309,max,1.891304347826087,9.346153846153861,12.861950917697612,83.44557806015969,1.9986622742571936,145028664.26535618,1.9958883420507403,3.450000000000003
