stock,minmax,BOP,TSF,HT_DCPERIOD,TAN,COS,AD,SIN,TRANGE
5347,min,-0.9841230242876766,89.05289670329667,15.983505365687236,-6.795974089754823,-0.9999749948051136,-61306779.48358924,-0.9993345589224963,1.3361000000000018
5347,max,1.960307772904467,51.62081208791206,14.161688787431402,34.193627464190754,1.9994956338828718,35558481.90058615,1.9975124857839026,9.353099999999998
