stock,minmax,BOP,TSF,HT_DCPERIOD,TAN,COS,AD,SIN,TRANGE
5347,min,-0.9841302061227882,85.9938626373627,15.983512421706637,-5.995582903507925,-0.9997697952107404,-61306416.45969346,-0.9991973615191077,1.290300000000002
5347,max,0.9761950895452158,135.84149230769228,30.145154750256893,24.94384820440007,0.9998773146864844,-25746095.769670613,0.9970222825026461,10.322100000000006
