stock,minmax,BOP,TSF,HT_DCPERIOD,TAN,COS,AD,SIN,TRANGE
5351,min,-1.0,54.204304395604396,18.282777535304177,-20.19970319345049,-0.9997205980981773,-520139757.73933,-0.9999355128646018,1.2646999999999977
5351,max,0.9814894532931556,83.33211098901106,37.551621807430564,88.04961348160641,0.999982956713882,-191269904.13879186,0.998776841767429,6.685099999999991
