stock,minmax,BOP,TSF,HT_DCPERIOD,TAN,COS,AD,SIN,TRANGE
5371,min,-1.0,47.413189010989036,15.25456591259364,-247.32413635317118,-0.9875895023844873,-10050063.606335087,-0.999991826055642,0.6992000000000047
5371,max,2.0,30.487076923076934,21.65327180105775,262.7999236437004,1.9875687210148305,41385921.905058905,1.9969005560788382,3.7580999999999847
