stock,minmax,BOP,TSF,HT_DCPERIOD,TAN,COS,AD,SIN,TRANGE
5388,min,-0.9333478387003189,61.284813186813174,14.307966032850288,-55.37125874665803,-0.9999799590802689,-8101914.207243609,-0.9998369596908249,0.6244000000000085
5388,max,1.8463870782811154,18.813151648351642,12.63741154108471,102.00143821903711,1.9999303425438562,39652924.24916666,1.998682045808969,6.177799999999991
