stock,minmax,BOP,TSF,HT_DCPERIOD,TAN,COS,AD,SIN,TRANGE
5425,min,-0.909087848075694,59.693829670329706,15.72380324697783,-28.276277359860938,-0.999938739605447,-287812333.18127114,-0.9995581745915191,0.990000000000002
5425,max,1.0,81.80542857142845,32.837843516213724,33.62913599449378,0.9999040477354214,-76506882.51357321,0.9993752325565697,7.469799999999992
