stock,minmax,BOP,TSF,HT_DCPERIOD,TAN,COS,AD,SIN,TRANGE
5434,min,-1.0,142.21346813186818,15.986247390882188,-4.015486611140121,-0.9999246672218518,-132482.03082475474,-0.9887035739600689,0.8927000000000191
5434,max,2.0,17.245099999999837,16.25737572952843,10.61194071825399,1.9978739989217944,7538949.973902957,1.9746675580787745,8.480299999999971
