stock,minmax,BOP,TSF,HT_DCPERIOD,TAN,COS,AD,SIN,TRANGE
5478,min,-1.0,70.84944285714295,13.17610511077097,-27.47551261836901,-0.9969373988008357,-14453274.828110328,-0.9991234690639424,0.5275999999999925
5478,max,2.0,10.490099999999956,13.37310704022689,34.89755093326638,1.996469979734633,9549250.242860934,1.998461790317733,4.949000000000012
