stock,minmax,BOP,TSF,HT_DCPERIOD,TAN,COS,AD,SIN,TRANGE
5478,min,-1.0,70.84944285714295,13.17610511077097,-27.47551261836901,-0.9969373988008357,-14453274.828110328,-0.9991234690639424,0.5275999999999925
5478,max,1.0,81.3395428571429,26.54921215099786,7.422038314897371,0.9995325809337974,-4904024.585249394,0.9993383212537906,5.476600000000005
