stock,minmax,BOP,TSF,HT_DCPERIOD,TAN,COS,AD,SIN,TRANGE
5483,min,-0.9230716828175843,130.0259483516483,21.71720748507089,-38.71743156002785,-0.9999998592379468,-106160186.07902104,-0.9996666198745271,1.806699999999978
5483,max,1.8642443229509469,89.88859560439585,23.17195858530844,46.088829119545636,1.9998101931836465,83262653.44848303,1.9881688409610052,13.762200000000007
