stock,minmax,BOP,TSF,HT_DCPERIOD,TAN,COS,AD,SIN,TRANGE
5522,min,-1.0,51.428072527472516,18.162003558881572,-129.2647192432938,-0.9972056437605822,-175829.85719059233,-0.9993219051532254,0.3365000000000009
5522,max,1.8999643366619103,8.132874725274768,16.766686045655554,184.57214685222732,1.9951370390870742,6794320.059044053,1.9992919831616,2.018900000000002
