stock,minmax,BOP,TSF,HT_DCPERIOD,TAN,COS,AD,SIN,TRANGE
5534,min,-1.0,62.07508351648349,17.911982828047122,-17.11832932796036,-0.9997228122144897,399193.23718817346,-0.9991736283830589,0.1752000000000038
5534,max,2.0,5.833371428571468,9.541394049122758,51.2973161149531,1.999112015789348,5363006.46548923,1.9987458952201866,2.1019999999999968
