stock,minmax,BOP,TSF,HT_DCPERIOD,TAN,COS,AD,SIN,TRANGE
5609,min,-1.0,71.69850329670331,13.586637452973138,-8.997531461516449,-0.9859406068077546,-43143194.71551743,-0.9992385292699275,0.7567999999999984
5609,max,1.8888888888888888,12.315113186813122,23.75464116236777,34.607571526540994,1.984510304001844,28855956.38252773,1.9875080222297166,5.52470000000001
