stock,minmax,BOP,TSF,HT_DCPERIOD,TAN,COS,AD,SIN,TRANGE
5871,min,-1.0,164.31063076923053,19.017836084524564,-43.43673547123483,-0.9999558935247396,-22132717.505975,-0.9993529791253374,2.201899999999995
5871,max,2.0,77.01125824175853,11.796267974402962,71.22203149971526,1.9992845906767243,40270974.8982314,1.9990880784568097,16.293599999999998
