stock,minmax,BOP,TSF,HT_DCPERIOD,TAN,COS,AD,SIN,TRANGE
5871,min,-1.0,154.62447582417573,19.01787326022672,-1014.5209859079916,-0.9994591000467965,-22133177.630507972,-0.9998966853237407,2.0720000000000027
5871,max,1.0,227.09589890109885,30.814118397987627,69.56172430584387,0.9999772557938873,18138603.36419137,0.9999995142110658,17.405200000000008
