stock,minmax,BOP,TSF,HT_DCPERIOD,TAN,COS,AD,SIN,TRANGE
5904,min,-1.0,253.97080769230774,16.385961910250607,-32.13009462390953,-0.9997245955801569,-4646354.017172099,-0.9995160164295908,2.2813000000000443
5904,max,2.0,152.7996186813188,15.96657638992896,515.0627549735258,1.9996822414829687,3176398.2949471343,1.9995138725743709,30.113699999999994
