stock,minmax,BOP,TSF,HT_DCPERIOD,TAN,COS,AD,SIN,TRANGE
6104,min,-1.0,175.93938791208802,16.124666729847533,-63.92191529135595,-0.9986543678369967,-186445790.9358674,-0.9999999962524065,4.3399
6104,max,2.0,125.06791098901084,13.535457029644665,11614.634146138542,1.9986165192119318,247023672.50817642,1.999708464187457,29.37039999999996
