stock,minmax,BOP,TSF,HT_DCPERIOD,TAN,COS,AD,SIN,TRANGE
6121,min,-1.0,222.21624945054955,17.019149681485878,-11.574334196783495,-0.9986949314274692,-7429046.645322745,-0.9999719757301675,1.5591000000000008
6121,max,0.9374954901504874,266.6158406593409,27.121303221062927,133.56993694572665,0.9926433328378345,1897960.170882645,0.995708089802131,13.252200000000016
