stock,minmax,BOP,TSF,HT_DCPERIOD,TAN,COS,AD,SIN,TRANGE
6121,min,-1.0,228.67894725274746,17.01918275681349,-2418.816793525249,-0.9993651645712174,-7429015.1091706045,-0.9999999145397817,1.6043999999999983
6121,max,1.9375009738691409,45.69085714285697,10.102164981608421,2911.268493823574,1.9943195301243406,9326789.68714036,1.998032869280047,12.033200000000022
