stock,minmax,BOP,TSF,HT_DCPERIOD,TAN,COS,AD,SIN,TRANGE
6138,min,-1.0,160.99660000000011,13.56283465777446,-78.71590765924273,-0.9999838829455615,6978073.317558095,-0.9988439264457867,3.5209000000000117
6138,max,2.0,86.97651868131865,14.25689910374033,142.40648095256537,1.9999479796002464,37432157.415886685,1.9987632415160466,16.283799999999985
