stock,minmax,BOP,TSF,HT_DCPERIOD,TAN,COS,AD,SIN,TRANGE
6143,min,-1.0,41.1879307692308,13.415228692977752,-37.71772678010733,-0.999931436436536,-54269730.160008624,-0.9980367881440051,0.5949000000000026
6143,max,2.0,12.541505494505437,17.327802273441808,89.81236277309424,1.9990744608822828,13648625.196533985,1.9978525990178824,3.9812999999999974
