stock,minmax,BOP,TSF,HT_DCPERIOD,TAN,COS,AD,SIN,TRANGE
6147,min,-1.0,51.913742857142886,14.221817222411037,-16.722494458290726,-0.9996142964008282,-23177888.53948015,-0.9998143115891305,0.3947999999999965
6147,max,2.0,4.803749450549425,12.198519947835596,68.60633468322939,1.999556324583543,41637246.38850449,1.9056190061938554,1.7373000000000047
