stock,minmax,BOP,TSF,HT_DCPERIOD,TAN,COS,AD,SIN,TRANGE
6176,min,-1.0,84.11623296703289,14.622604597183885,-18.397414825910165,-0.9980970572217277,-885259.206788221,-0.9985260072224239,0.4217000000000013
6176,max,2.0,6.247652747252772,14.143168940244232,20.9956765132741,1.9836300591224592,26135505.78208811,1.9578186974473228,2.951900000000009
