stock,minmax,BOP,TSF,HT_DCPERIOD,TAN,COS,AD,SIN,TRANGE
6180,min,-1.0,51.43365824175821,17.199879546491957,-79.18136879698018,-0.998981382055143,-66593494.274241485,-0.9999202607683971,0.5930999999999997
6180,max,1.8437338644242838,8.10436703296704,20.87920809584154,93.01320017124182,1.9984346933454713,50596918.087167025,1.9945253091331117,3.3893000000000058
