stock,minmax,BOP,TSF,HT_DCPERIOD,TAN,COS,AD,SIN,TRANGE
6182,min,-1.0,47.99464725274727,15.463488558793049,-37.37341982583831,-0.9994530683782654,-375383704.407053,-0.9996293256030245,0.906099999999995
6182,max,1.0,77.49029230769224,35.442884429462524,7.957002550218002,0.99999529441382,-102473292.17528005,0.9996422239981022,5.255799999999994
