stock,minmax,BOP,TSF,HT_DCPERIOD,TAN,COS,AD,SIN,TRANGE
6182,min,-1.0,48.83217912087918,15.463496319427657,-15.332530870266142,-0.999719757649216,-375377486.5965629,-0.9996335910052534,0.9218999999999937
6182,max,2.0,30.010356043956058,19.97927792664725,52.26280797924118,1.9987451691196654,272915572.8927724,1.9985033313307663,4.425700000000006
