stock,minmax,BOP,TSF,HT_DCPERIOD,TAN,COS,AD,SIN,TRANGE
6187,min,-1.0,91.17557802197807,15.468794729033966,-12.866023837672644,-0.9999999948789948,-12653535.526297275,-0.999756822708478,1.3606000000000051
6187,max,1.0,136.09200329670347,40.53141654928998,45.336112205006906,0.9994553466909879,18273231.049434893,0.9969930996380935,12.69919999999999
