stock,minmax,BOP,TSF,HT_DCPERIOD,TAN,COS,AD,SIN,TRANGE
6206,min,-1.0,62.72619670329672,17.036090728080712,-24.342132803974774,-0.9997677156161542,-8358099.669720828,-0.9991572408608655,0.4416999999999973
6206,max,2.0,10.67927912087913,11.210199466744559,45.44921947119837,1.9993802529679665,6603272.475178027,1.9954400666650352,5.212500000000006
