stock,minmax,BOP,TSF,HT_DCPERIOD,TAN,COS,AD,SIN,TRANGE
6217,min,-0.9393845518380839,41.073998901098875,14.930181634804295,-59.7986900250388,-0.9996927485478145,-202921336.8460238,-0.9999396530737291,0.6161999999999992
6217,max,1.9130498833380527,15.436194505494498,14.394572047758952,150.81888636089928,1.999688492523529,166017091.72555125,1.9997998568026298,4.665900000000001
