stock,minmax,BOP,TSF,HT_DCPERIOD,TAN,COS,AD,SIN,TRANGE
6231,min,-1.0,58.60660329670322,17.096827473973597,-47.70760918326647,-0.9929315353244527,-17355938.104058202,-0.9997803902501431,0.728900000000003
6231,max,1.0,82.64856483516473,29.654895120592293,27.046340025737045,0.9987845578845864,-1711613.9807504532,0.999012288121092,9.839600000000004
