stock,minmax,BOP,TSF,HT_DCPERIOD,TAN,COS,AD,SIN,TRANGE
6231,min,-1.0,70.66571098901102,17.096778192793053,-25.835356370108016,-0.999860039539594,-17355576.217228107,-0.9999841664550996,0.8789000000000016
6231,max,2.0,28.988842857142814,12.558370653463772,203.53672218931348,1.9986207234359181,15643942.793897536,1.999644208539014,10.985299999999995
