stock,minmax,BOP,TSF,HT_DCPERIOD,TAN,COS,AD,SIN,TRANGE
6239,min,-0.9032101891851623,80.29736593406592,12.180905934286496,-13.16826356945704,-0.9997490936005758,-132030298.5911437,-0.9950849679826085,0.43309999999999604
6239,max,1.9032101891851623,5.914736263736245,14.842533046957886,104.86299107919776,1.9960783257883168,32310795.77262725,1.9950255055683506,2.7719000000000023
