stock,minmax,BOP,TSF,HT_DCPERIOD,TAN,COS,AD,SIN,TRANGE
6245,min,-1.0,42.87503516483516,19.002803596232337,-17.305407732033895,-0.999823476829347,744089.4618551482,-0.9940233002085338,0.4353000000000051
6245,max,0.8333014354066862,53.72441428571427,34.67592577725938,9.741672762856801,0.998120668430039,5735220.252573833,0.9983345930938738,4.527699999999996
