stock,minmax,BOP,TSF,HT_DCPERIOD,TAN,COS,AD,SIN,TRANGE
6251,min,-1.0,19.926192307692315,18.512816038528037,-96.56733810408616,-0.9962307852117697,-66190190.70547488,-0.9999463864509881,0.24099999999999966
6251,max,2.0,5.26705714285713,9.55189982107536,130.39585970990044,1.9337586116301924,96235652.52199534,1.9997725221682483,1.976499999999998
