stock,minmax,BOP,TSF,HT_DCPERIOD,TAN,COS,AD,SIN,TRANGE
6257,min,-1.0,47.3686219780219,12.606914153911035,-7.306797424485446,-0.9662329286679452,-69450367.11698753,-0.9994191240937843,0.34019999999999584
6257,max,2.0,4.123571428571559,24.661843812647852,36.632880000485834,1.9661677492369247,39765818.424758166,1.9798262027867595,2.041800000000009
