stock,minmax,BOP,TSF,HT_DCPERIOD,TAN,COS,AD,SIN,TRANGE
6271,min,-1.0,175.08138461538462,18.77642502830835,-15.854902979003556,-0.9996628877766787,-11270615.075475518,-0.9947123967585796,1.938600000000008
6271,max,2.0,58.95849230769224,10.881082835348277,189.15614650456288,1.996739278395483,18616558.060764957,1.9946957489987769,17.44720000000001
