stock,minmax,BOP,TSF,HT_DCPERIOD,TAN,COS,AD,SIN,TRANGE
6278,min,-1.0,86.8190582417582,15.748967273550186,-46.37328634570172,-0.9985438510382245,-76953977.44106065,-0.9997675750083587,1.2920000000000016
6278,max,2.0,35.14132747252748,21.861376752457467,81.13271224191593,1.9985375490065311,91465187.60264115,1.9993539990078704,6.460400000000007
