stock,minmax,BOP,TSF,HT_DCPERIOD,TAN,COS,AD,SIN,TRANGE
6279,min,-1.0,94.17186373626363,20.766043788372706,-5.293109564705339,-0.9999002051592597,-27910269.66904516,-0.9899718049951082,0.9320999999999913
6279,max,1.0,132.34152857142848,39.10431818172366,47.76709465659132,0.9959751516230031,-15405020.74036311,0.9997809367002117,7.922799999999995
