stock,minmax,BOP,TSF,HT_DCPERIOD,TAN,COS,AD,SIN,TRANGE
6279,min,-1.0,89.04889230769223,20.766086994994147,-39.43391055480216,-0.9999537907608781,-27910703.497583445,-0.9966279056139892,0.8813999999999993
6279,max,1.0,125.14205164835158,39.10452303620464,11.317242466253708,0.9988919808561515,-15405631.40774074,0.9996786184731611,7.491800000000012
