stock,minmax,BOP,TSF,HT_DCPERIOD,TAN,COS,AD,SIN,TRANGE
6279,min,-1.0,94.17186373626363,20.766043788372706,-5.293109564705339,-0.9999002051592597,-27910269.66904516,-0.9899718049951082,0.9320999999999913
6279,max,2.0,38.16966483516485,18.338274393350957,53.06020422129666,1.9958753567822627,12505248.928682052,1.98975274169532,6.990700000000004
