stock,minmax,BOP,TSF,HT_DCPERIOD,TAN,COS,AD,SIN,TRANGE
6284,min,-1.0,47.099880219780175,14.322471106074818,-202.29420795129457,-0.9999492464982275,-11773231.794650266,-0.9999877821398867,0.5621000000000009
6284,max,2.0,22.46341318681324,17.36139526431669,228.21221054264703,1.999594238114017,22269494.029412083,1.9992442797176153,3.7471999999999923
