stock,minmax,BOP,TSF,HT_DCPERIOD,TAN,COS,AD,SIN,TRANGE
6285,min,-1.0,53.88676923076923,14.783815707010884,-28.20814921615348,-0.9997908186182158,-71063388.10540445,-0.9999997246792933,0.45580000000000354
6285,max,2.0,16.933184615384604,16.04975224290232,1375.8220268521848,1.9978166003576903,53424233.8265189,1.9993719385674347,4.375299999999996
