stock,minmax,BOP,TSF,HT_DCPERIOD,TAN,COS,AD,SIN,TRANGE
6285,min,-1.0,51.82869230769231,14.78379539473384,-48.435091656759,-0.9999110290981164,-71064115.55286062,-0.9999641175852125,0.43829999999999814
6285,max,1.0,68.11518681318681,30.83401422660883,118.04089213861049,0.999612299349353,-17639677.37427654,0.9924633507860199,4.646599999999999
