stock,minmax,BOP,TSF,HT_DCPERIOD,TAN,COS,AD,SIN,TRANGE
6285,min,-1.0,51.82869230769231,14.78379539473384,-48.435091656759006,-0.9999110290981164,-71064115.55286062,-0.9999641175852125,0.43829999999999814
6285,max,2.0,16.286494505494503,16.050218831875004,166.4759837953695,1.9995233284474694,53424438.17858408,1.9924274683712324,4.208300000000001
