stock,minmax,BOP,TSF,HT_DCPERIOD,TAN,COS,AD,SIN,TRANGE
6409,min,-1.0,1204.0057604395602,13.348188927328142,-582.0353449314331,-0.9997267522475057,-9140814.142808875,-0.9990990975287016,14.460199999999986
6409,max,2.0,337.88061868131945,11.906287670578887,605.5778415114881,1.9995126971760535,1561105.0845988467,1.9990976215831866,139.78140000000008
