stock,minmax,BOP,TSF,HT_DCPERIOD,TAN,COS,AD,SIN,TRANGE
6411,min,-1.0,111.8108032967032,16.304027633185825,-79.47954428621738,-0.9996163462154193,-129480800.75322938,-0.9999208578746805,3.026200000000003
6411,max,1.0,208.81323626373646,28.373529264628022,64.47012411599627,0.9982822907487243,-80220947.38319562,0.9991205796829762,18.590000000000003
