stock,minmax,BOP,TSF,HT_DCPERIOD,TAN,COS,AD,SIN,TRANGE
6438,min,-1.0,89.99880109890115,18.066699069344722,-9.110029324228586,-0.9987366159855722,-40864879.31252905,-0.9953298112417323,1.2977999999999952
6438,max,2.0,22.172892307692194,18.319099369404604,261.5548063054334,1.9978357594512808,37359350.17477775,1.9953219655342143,10.8155
