stock,minmax,BOP,TSF,HT_DCPERIOD,TAN,COS,AD,SIN,TRANGE
6457,min,-1.0,84.37042417582413,16.99280633087203,-11.372038608231836,-0.9967049934334407,-12147315.716597423,-0.9977908005870133,1.2802999999999969
6457,max,0.9285833835442174,169.6038054945055,34.25996068774597,18.129635458874727,0.9989639961501022,-2267816.5040948065,0.9984822429651813,11.949699999999993
