stock,minmax,BOP,TSF,HT_DCPERIOD,TAN,COS,AD,SIN,TRANGE
6470,min,-1.0,35.78267362637362,16.385602178680873,-12.731488055496689,-0.99828496863054,-4478673.849036425,-0.9998554894814858,0.12539999999999907
6470,max,1.0,55.09989010989013,34.30468880436675,58.81501314922622,0.9974868086502006,25270074.156101804,0.9871987840148624,6.6895000000000024
