stock,minmax,BOP,TSF,HT_DCPERIOD,TAN,COS,AD,SIN,TRANGE
6470,min,-1.0,37.58466043956047,16.3856528298235,-8.183666152911668,-0.9988773133794654,-4478927.336232196,-0.9964259669358556,0.13170000000000215
6470,max,2.0,20.290052747252737,17.919693718152928,67.07503855487658,1.996600851954545,29748090.0243535,1.9962818308415329,6.894599999999997
