stock,minmax,BOP,TSF,HT_DCPERIOD,TAN,COS,AD,SIN,TRANGE
6472,min,-1.0,98.22991318681315,14.083515123993958,-30.78162672852284,-0.9995422881337698,-8911025.475996265,-0.9994727176065034,0.683099999999996
6472,max,1.9444552877264898,28.027714285714453,14.754932101451,59.32737804387499,1.9989439803547255,3817166.063104041,1.998859679393186,10.588700000000017
