stock,minmax,BOP,TSF,HT_DCPERIOD,TAN,COS,AD,SIN,TRANGE
6477,min,-1.0,43.22714725274727,17.949236034128898,-37.8185237464338,-0.9999611904729044,-281480857.7657023,-0.9999861060038217,0.7000000000000028
6477,max,1.9629754558622197,18.29511978021978,22.016197574553562,227.51833074048687,1.9999046687907351,237449006.8170332,1.9996366977219506,4.526599999999995
