stock,minmax,BOP,TSF,HT_DCPERIOD,TAN,COS,AD,SIN,TRANGE
6477,min,-1.0,44.125348351648405,17.9492028031972,-12.1817254247921,-0.9993695792341123,-281480760.9067956,-0.9839127482464832,0.7145999999999972
6477,max,1.962952164363326,18.675324175824123,22.016226848145816,18.531892073886823,1.998460963117763,237451024.08458513,1.980560283841768,4.620600000000003
