stock,minmax,BOP,TSF,HT_DCPERIOD,TAN,COS,AD,SIN,TRANGE
6477,min,-1.0,43.22714725274727,17.949236034128898,-37.8185237464338,-0.9999611904729044,-281480857.7657023,-0.9999861060038217,0.7000000000000028
6477,max,0.9629754558622198,61.52226703296705,39.96543360868246,189.69980699405306,0.9999434783178307,-44031850.948669106,0.9996505917181291,5.226599999999998
