stock,minmax,BOP,TSF,HT_DCPERIOD,TAN,COS,AD,SIN,TRANGE
6491,min,-1.0,358.560754945055,19.713970138422923,-54.026617337688414,-0.9999976200962826,-9966582.186421776,-0.9998287451510293,5.6299999999999955
6491,max,2.0,131.03820439560405,12.099638879278096,97.74309961500134,1.999977694874286,5374352.427679997,1.9995672225693846,40.348900000000015
