stock,minmax,BOP,TSF,HT_DCPERIOD,TAN,COS,AD,SIN,TRANGE
6505,min,-0.9047569696341637,81.98080000000006,13.702475714177703,-3.690645425611646,-0.9984761469601385,-21205762.38935259,-0.9999384181217277,0.7351999999999919
6505,max,1.0,92.53474065934061,28.193024529445935,90.10283948643111,0.9998080378355725,10123550.189324837,0.9963209815972529,3.8597000000000037
