stock,minmax,BOP,TSF,HT_DCPERIOD,TAN,COS,AD,SIN,TRANGE
6505,min,-0.9047930064308638,84.5546791208791,13.702491804319441,-50.97038498978591,-0.9997818755043059,-21204212.290223867,-0.9998075983359042,0.7582999999999913
6505,max,1.9047930064308638,10.885391208791205,14.490117757814486,67.23904778595039,1.999756711059955,31329383.884916335,1.9992495571534898,3.222500000000011
