stock,minmax,BOP,TSF,HT_DCPERIOD,TAN,COS,AD,SIN,TRANGE
6510,min,-1.0,421.01321868131856,18.308777703795617,-11.665838499378195,-0.9991285992000847,-8634355.778948056,-0.9947173063574973,4.721000000000004
6510,max,1.0,700.5404340659335,35.818754745475594,9.504184851624514,0.9999528594705525,-4474372.432551765,0.9963461331542512,42.48939999999993
