stock,minmax,BOP,TSF,HT_DCPERIOD,TAN,COS,AD,SIN,TRANGE
6510,min,-1.0,421.4434648351646,18.308772784030623,-51.00349484386556,-0.9997223632931115,-8634369.222977495,-0.9998078479849881,4.725800000000049
6510,max,2.0,279.81287582417656,17.509978027488543,62.964784456413014,1.9989927980911824,4160007.5705270385,1.9982303774138965,37.807000000000016
