stock,minmax,BOP,TSF,HT_DCPERIOD,TAN,COS,AD,SIN,TRANGE
6515,min,-1.0,307.22602087912065,18.716940381087404,-592.384151891545,-0.998282606219612,-6133551.036524114,-0.9980739629024303,6.536600000000021
6515,max,0.9264708198290988,448.6564197802196,31.66849494822259,40.47281873144518,0.9996062736271332,-1487074.917802147,0.9999985751727464,50.42530000000005
