stock,minmax,BOP,TSF,HT_DCPERIOD,TAN,COS,AD,SIN,TRANGE
6531,min,-1.0,226.24072307692308,17.268405001277312,-13.282138119718914,-0.9998931350602003,-137092147.4177326,-0.9946223587290836,6.087199999999996
6531,max,0.9827567161541181,467.2698527472533,32.08859685516301,22.452722844930843,0.9993933352427606,-64293324.840901226,0.9990096551478672,38.864599999999996
