stock,minmax,BOP,TSF,HT_DCPERIOD,TAN,COS,AD,SIN,TRANGE
6531,min,-1.0,226.24072307692308,17.268405001277312,-13.282138119718914,-0.9998931350602003,-137092147.4177326,-0.9946223587290836,6.087199999999996
6531,max,1.982756716154118,241.02912967033024,14.8201918538857,35.734860964649755,1.999286470302961,72798822.57683137,1.9936320138769508,32.7774
