stock,minmax,BOP,TSF,HT_DCPERIOD,TAN,COS,AD,SIN,TRANGE
6531,min,-1.0,230.45828241758252,17.2684087378965,-21.55944754440508,-0.9999758420304674,-137091670.30927774,-0.9987271623506061,6.2006999999999834
6531,max,1.9827613628969876,245.52232747252705,14.820201777137548,153.3896109118905,1.9990386476171444,72798745.38573703,1.9986983935548952,33.38839999999999
