stock,minmax,BOP,TSF,HT_DCPERIOD,TAN,COS,AD,SIN,TRANGE
6533,min,-1.0,281.1246901098901,18.083823600163544,-24.486690724157494,-0.9883956439705721,-28169800.93250793,-0.9991671496067255,5.920000000000016
6533,max,0.9250049408867225,536.2598109890116,25.972497894568846,22.5585618169765,0.9998168838124993,-8766395.314964166,0.9990189125956525,41.44009999999997
