stock,minmax,BOP,TSF,HT_DCPERIOD,TAN,COS,AD,SIN,TRANGE
6548,min,-1.0,31.34515824175824,17.989758748542638,-92.72221624528588,-0.9998619044488994,-21954685.568870608,-0.9999418480190924,0.3631999999999991
6548,max,2.0,8.95401758241755,9.071852447914384,225.64782930933512,1.9971197195870851,13774846.286336523,1.9999135514209954,2.3607999999999976
