stock,minmax,BOP,TSF,HT_DCPERIOD,TAN,COS,AD,SIN,TRANGE
6548,min,-1.0,30.691738461538495,17.98982719955645,-6.777763446435252,-0.9996794864447958,-21956993.469441365,-0.9995097092893789,0.3556000000000026
6548,max,1.0,39.45914725274724,27.061607796059164,31.922612497213084,0.9956438644326407,-8187417.316325856,0.9984976032132253,2.6673000000000044
