stock,minmax,BOP,TSF,HT_DCPERIOD,TAN,COS,AD,SIN,TRANGE
6548,min,-1.0,31.02381868131866,17.98952577676234,-11.629511720980458,-0.9996929714275546,-21955581.0241997,-0.9999999767763661,0.35949999999999704
6548,max,1.0,39.8861582417582,27.061713163991392,4640.020569983157,0.9989103059646344,-8181128.622650628,0.9963233964713659,2.6961000000000013
