stock,minmax,BOP,TSF,HT_DCPERIOD,TAN,COS,AD,SIN,TRANGE
6612,min,-0.942022354402249,58.6581373626374,13.363647454046841,-75.86821531091215,-0.9997482431487514,-3901956.996599973,-0.9993171327785835,0.705600000000004
6612,max,1.0,85.89601538461537,30.032603915167186,65.57127339335838,0.9996584120210973,3213403.474434113,0.999913145228001,11.554400000000001
