stock,minmax,BOP,TSF,HT_DCPERIOD,TAN,COS,AD,SIN,TRANGE
6667,min,-0.9736738345819064,65.4992329670329,12.967539931990132,-37.213789602767406,-0.9994639066406809,-19331138.88716862,-0.9991247490418412,0.694199999999995
6667,max,1.9736738345819065,12.944034065934062,13.276591143993034,144.5066711674184,1.9988209476206262,22628212.260056823,1.9990813180355267,10.4983
