stock,minmax,BOP,TSF,HT_DCPERIOD,TAN,COS,AD,SIN,TRANGE
6667,min,-0.9736842105263139,62.5068065934066,12.967556716086982,-63.083805187760305,-0.9998315650302929,-19330342.261308383,-0.9980760091541432,0.6623999999999981
6667,max,1.0,74.85958901098907,26.2441764000804,17.452834094873484,0.9997317816467961,3297016.1764446003,0.9998743818475576,10.681200000000004
