stock,minmax,BOP,TSF,HT_DCPERIOD,TAN,COS,AD,SIN,TRANGE
6669,min,-1.0,771.0582010989019,11.679847134507988,-25.69569200714375,-0.9993666865658609,524845.0120402845,-0.9992435915103896,12.98599999999999
6669,max,2.0,283.36861648351623,11.269523282638794,37.763519974314335,1.9990505638938278,9676509.888934549,1.9970397954911614,68.64050000000009
