stock,minmax,BOP,TSF,HT_DCPERIOD,TAN,COS,AD,SIN,TRANGE
6670,min,-1.0,159.4417714285714,15.038683633679094,-73.44347471662464,-0.9997941780014878,-1222303.9234693674,-0.9965177063053815,0.8453000000000088
6670,max,2.0,28.522038461538216,14.296849310133444,96.73940252609415,1.9941614643749206,1239000.4081408049,1.9964250226419389,9.721000000000004
