stock,minmax,BOP,TSF,HT_DCPERIOD,TAN,COS,AD,SIN,TRANGE
6679,min,-1.0,280.0171538461538,18.103700744514786,-33.794030373800304,-0.9970063940941526,-5399899.327903421,-0.9991291463234565,4.1942000000000235
6679,max,1.9487158325630534,162.06046593406603,11.399135583358035,339.0079709780409,1.9969879279585663,5267568.035334347,1.9991237789999103,43.80680000000001
