stock,minmax,BOP,TSF,HT_DCPERIOD,TAN,COS,AD,SIN,TRANGE
6698,min,-1.0,36.28956043956045,16.9170023296824,-46.108695469676505,-0.9982425366632164,5989683.606553528,-0.9997649007954723,0.25
6698,max,0.9629629629629649,57.92087912087909,25.427763838035478,22.363410755507473,0.9998433086476912,18259382.733401347,0.999547275043892,5.399999999999999
