stock,minmax,BOP,TSF,HT_DCPERIOD,TAN,COS,AD,SIN,TRANGE
6706,min,-1.0,130.85970659340666,17.55477514606729,-50.93650149611335,-0.9998275934317483,-43677278.95579749,-0.9993976484548496,2.1882000000000232
6706,max,1.921051365620754,90.80988681318689,17.789685487917087,134.78183632694362,1.9980506544370642,35898333.82744781,1.9993265326928462,17.9426
