stock,minmax,BOP,TSF,HT_DCPERIOD,TAN,COS,AD,SIN,TRANGE
6712,min,-1.0,128.5349164835165,17.57937707002757,-27.199407754386066,-0.9957234561458729,-31263376.542991236,-0.9998594583011495,1.9857999999999834
6712,max,1.0,170.59329340659338,29.05511026889093,59.639860862026005,0.9999009240788456,-11106290.015305124,0.9990551942651499,16.545600000000007
