stock,minmax,BOP,TSF,HT_DCPERIOD,TAN,COS,AD,SIN,TRANGE
6712,min,-1.0,128.5349164835165,17.57937707002757,-27.199407754386066,-0.9957234561458729,-31263376.542991236,-0.9998594583011495,1.9857999999999834
6712,max,2.0,42.05837692307688,11.475733198863363,86.83926861641207,1.9956243802247184,20157086.52768611,1.9989146525662993,14.559800000000024
