stock,minmax,BOP,TSF,HT_DCPERIOD,TAN,COS,AD,SIN,TRANGE
6716,min,-1.0,105.88527472527474,12.801661646816422,-9.227872198270719,-0.9915712011159366,-1554446.2701456274,-0.9941794744356292,0.0
6716,max,2.0,18.29908901098898,11.269720891980013,24.346686814930276,1.9913517625439392,463431.8750188914,1.991999193859793,11.49969999999999
