stock,minmax,BOP,TSF,HT_DCPERIOD,TAN,COS,AD,SIN,TRANGE
6756,min,-1.0,266.40107802197826,18.245907004988076,-17.854012158803624,-0.9972245837989557,-33615081.75125286,-0.9999620907349674,4.793799999999976
6756,max,2.0,205.07948021978024,12.355406326671883,261.92087284840426,1.9965447459583339,17016472.576193146,1.9999536971613037,41.86810000000003
