stock,minmax,BOP,TSF,HT_DCPERIOD,TAN,COS,AD,SIN,TRANGE
6781,min,-1.0,837.2616175824174,20.699827872279027,-14.281651085492099,-0.9999986007190192,-13514366.673964014,-0.9997889153059907,26.931400000000053
6781,max,2.0,1085.2988153846145,14.047733803788173,62.94341723981602,1.9994922640631971,13076927.576813767,1.9973464983634943,131.77139999999997
