stock,minmax,BOP,TSF,HT_DCPERIOD,TAN,COS,AD,SIN,TRANGE
6781,min,-1.0,821.5969593406592,20.699834989623486,-44.07975036807196,-0.9999974705409809,-13514383.234361859,-0.9997427684971063,26.42750000000001
6781,max,2.0,1064.993528571429,14.047735538867439,99.06752976432054,1.9999328005513228,13076946.652419254,1.999577446770205,129.30600000000004
