stock,minmax,BOP,TSF,HT_DCPERIOD,TAN,COS,AD,SIN,TRANGE
6788,min,-1.0,96.46709890109885,14.786160805361543,-13.31611179496517,-0.9999263907417684,-6919226.425007176,-0.9883954514243342,1.804000000000002
6788,max,1.9333343187831635,88.1803912087915,18.587837004869467,22.293647262300965,1.9999206991188694,6026005.332784298,1.9855875429455614,18.9426
