stock,minmax,BOP,TSF,HT_DCPERIOD,TAN,COS,AD,SIN,TRANGE
6803,min,-1.0,212.89850769230787,16.933316110565457,-14.76643241581768,-0.9980630333267021,-218321.44867308615,-0.9931486735302184,0.0
6803,max,2.0,20.864553846153598,13.000779789962085,46.70817764855276,1.9943526044882756,485035.79707372515,1.992658969569357,8.661399999999986
