stock,minmax,BOP,TSF,HT_DCPERIOD,TAN,COS,AD,SIN,TRANGE
6803,min,-1.0,203.0739747252748,16.933305160538968,-24.675886965665956,-0.9995437793898282,-218311.55713915892,-0.9949120173390303,0.0
6803,max,2.0,19.90177252747253,13.000794126863564,344.5564588613979,1.991362901403326,485052.51697614696,1.9949071309156485,8.261799999999994
