stock,minmax,BOP,TSF,HT_DCPERIOD,TAN,COS,AD,SIN,TRANGE
7556,min,-1.0,90.58783846153838,14.207987263156678,-6.6193349752823885,-0.9984531762844896,142262.93980678532,-0.9992518951848636,0.4368999999999943
7556,max,2.0,18.65538461538482,12.933624588841386,32.45740062707503,1.9980842326732473,281649.23533619737,1.9918827623690842,10.487400000000008
