stock,minmax,BOP,TSF,HT_DCPERIOD,TAN,COS,AD,SIN,TRANGE
7556,min,-1.0,84.77513186813187,14.20808003526978,-47.3652853177166,-0.9980052961956681,142246.82196885854,-0.9940873362603898,0.4088999999999885
7556,max,1.0,102.23341978021975,27.141810011083734,9.155053007117186,0.9814371513893867,423895.1217790778,0.9997772054656908,10.223300000000009
