stock,minmax,BOP,TSF,HT_DCPERIOD,TAN,COS,AD,SIN,TRANGE
8016,min,-1.0,169.47546373626392,19.043553930589216,-80.21083958758186,-0.9999999060656639,-57349206.016073704,-0.9999222942320597,1.7686999999999955
8016,max,0.9411813616257019,230.68239560439548,39.885302507965484,86.20584930400912,0.9991400807407674,-15725582.240284255,0.9999327251547917,12.380500000000012
