stock,minmax,BOP,TSF,HT_DCPERIOD,TAN,COS,AD,SIN,TRANGE
8016,min,-1.0,177.106764835165,19.043544812288147,-7.888396472078294,-0.9888637769237202,-57348361.75002049,-0.992060442580374,1.8482999999999947
8016,max,1.941169918207569,63.963018681318374,20.841782111956284,25.357328449567547,1.988319825648713,41623318.58346034,1.9904259929853154,11.089799999999997
