stock,minmax,BOP,TSF,HT_DCPERIOD,TAN,COS,AD,SIN,TRANGE
8027,min,-1.0,62.45736153846154,16.72646452624002,-38.043008732156544,-0.9998460777091862,-9362873.710615057,-0.9958220879501676,0.6548000000000087
8027,max,1.8837376951377132,18.112600000000114,18.18088429752824,48.948398593435414,1.997266810895075,13810040.62000243,1.9954767889642202,6.268199999999993
