stock,minmax,BOP,TSF,HT_DCPERIOD,TAN,COS,AD,SIN,TRANGE
8028,min,-0.9230669406293935,43.44401208791207,15.536598953694668,-34.1037731000798,-0.9999999580068655,-67801991.99593987,-0.9995703792974746,0.5334000000000003
8028,max,1.9230669406293934,16.56999780219784,10.79638240082399,67.54592194045733,1.9982305246246148,77016787.70688835,1.999123602584548,4.801400000000001
