stock,minmax,BOP,TSF,HT_DCPERIOD,TAN,COS,AD,SIN,TRANGE
8044,min,-1.0,65.0870725274725,17.64695635512902,-6.811202925718879,-0.9999279811000211,-101884340.5875555,-0.9893935558568497,1.0724000000000018
8044,max,2.0,58.25141868131867,19.983055975719168,16.074653707141913,1.999236915607399,64155761.286727816,1.9836172688811504,9.650800000000004
