stock,minmax,BOP,TSF,HT_DCPERIOD,TAN,COS,AD,SIN,TRANGE
8046,min,-0.9764692136931887,344.94667142857156,18.36612761292198,-14.501083619711798,-0.9939212231985382,-116368735.5774897,-0.9997803371195662,5.890599999999949
8046,max,1.86535197231388,183.66442747252734,15.01983060614642,62.20292095527254,1.9938731843582371,76914165.11193454,1.991541222306957,41.68730000000005
