stock,minmax,BOP,TSF,HT_DCPERIOD,TAN,COS,AD,SIN,TRANGE
8069,min,-0.9444444444444443,120.80301538461538,14.251059720430455,-27.589536664982734,-0.999965466828001,19472712.197003588,-0.9996808382119985,3.8496000000000095
8069,max,1.9444444444444442,84.5277274725276,14.785276612929458,67.16040500138295,1.9883656218733323,341960509.75540763,1.9990246120608153,13.473700000000008
