stock,minmax,BOP,TSF,HT_DCPERIOD,TAN,COS,AD,SIN,TRANGE
8081,min,-1.0,166.80885714285705,18.093300025842556,-11.392610306431598,-0.9998440163822622,-12850780.440052181,-0.9999727857696831,1.2660999999999945
8081,max,2.0,57.374591208791315,10.013967238446543,219.22796794298088,1.9997300632782389,7951940.898976814,1.9999612107004432,15.6156
