stock,minmax,BOP,TSF,HT_DCPERIOD,TAN,COS,AD,SIN,TRANGE
8086,min,-1.0,76.07391868131873,18.65061678189634,-10.05080565123433,-0.9999543310346235,-54250548.02285575,-0.999907349085573,1.4405999999999892
8086,max,2.0,62.37082197802192,22.0839978021478,83.50726093779727,1.9979629003894108,23033636.493110824,1.994994217119714,7.683200000000014
