stock,minmax,BOP,TSF,HT_DCPERIOD,TAN,COS,AD,SIN,TRANGE
8086,min,-1.0,76.07391868131873,18.65061678189634,-10.05080565123433,-0.9999543310346235,-54250548.02285575,-0.999907349085573,1.4405999999999892
8086,max,1.0,138.44474065934065,40.73461458404414,73.45645528656294,0.9980085693547873,-31216911.529744927,0.9950868680341408,9.123800000000003
