stock,minmax,BOP,TSF,HT_DCPERIOD,TAN,COS,AD,SIN,TRANGE
8091,min,-1.0,62.18371098901102,19.31838532318225,-168.04825730713387,-0.9997258500437597,-7848950.407485077,-0.9995927032801009,0.839800000000011
8091,max,2.0,18.875889010989,23.09521556296094,203.0747658898303,1.9997184834762245,12240153.445575343,1.9995749985037783,6.130099999999985
