stock,minmax,BOP,TSF,HT_DCPERIOD,TAN,COS,AD,SIN,TRANGE
8091,min,-1.0,60.54086263736258,19.318271591382096,-17.82467545685812,-0.9963424648187189,-7849234.991659271,-0.9984299877797046,0.8175999999999988
8091,max,1.0,78.91804065934066,42.41363701211088,20.587632188449156,0.9992533004154118,4390975.829376209,0.9988224223553466,6.785799999999995
