stock,minmax,BOP,TSF,HT_DCPERIOD,TAN,COS,AD,SIN,TRANGE
8104,min,-1.0,42.085043956043926,16.004582429115473,-22.797734121192157,-0.9999185869683074,-63022205.22904886,-0.999904770147375,0.534399999999998
8104,max,2.0,39.17504285714292,21.81019382228628,95.25257816408293,1.9998543778760576,98350291.15147758,1.9989441305506226,8.996099999999991
