stock,minmax,BOP,TSF,HT_DCPERIOD,TAN,COS,AD,SIN,TRANGE
8109,min,-1.0,61.2701989010988,19.324529469731704,-57.96324312961661,-0.4426489038797726,303262.42831936997,-0.997994486729046,0.0
8109,max,1.0,64.60831538461542,31.400817255063885,14.07089443194404,0.9999999376701542,768608.4182905846,0.9998512120652978,1.6766999999999967
