stock,minmax,BOP,TSF,HT_DCPERIOD,TAN,COS,AD,SIN,TRANGE
8109,min,-1.0,61.2701989010988,19.324529469731704,-57.96324312961661,-0.4426489038797726,303262.42831936997,-0.997994486729046,0.0
8109,max,2.0,3.3381164835166217,12.07628778533218,72.03413756156064,1.4426488415499268,465345.9899712146,1.9978456987943438,1.6766999999999967
