stock,minmax,BOP,TSF,HT_DCPERIOD,TAN,COS,AD,SIN,TRANGE
8112,min,-1.0,35.76482967032967,16.621323131716032,-17.04769080694876,-0.9996569174219777,-5427372.643228061,-0.9989604626060606,0.19729999999999848
8112,max,1.9443740318264982,7.337991208791188,11.729292156858005,66.28218749377245,1.9995850603293688,56632068.72702841,1.9987542588113345,4.220700000000001
