stock,minmax,BOP,TSF,HT_DCPERIOD,TAN,COS,AD,SIN,TRANGE
8150,min,-1.0,36.925608791208774,14.317352061664344,-109.98582595842606,-0.9974452850047086,-131344181.6629079,-0.9995678269223882,0.24499999999999744
8150,max,1.0,42.79933626373626,26.223083822287826,34.00285194525634,0.993957397999918,-24568092.26801219,0.9999586695971691,3.7972000000000037
