stock,minmax,BOP,TSF,HT_DCPERIOD,TAN,COS,AD,SIN,TRANGE
8150,min,-1.0,38.4641549450549,14.317346374866116,-8.69605032917743,-0.9999479345756911,-131354560.22078109,-0.9987601952619403,0.255199999999995
8150,max,2.0,6.11849450549456,11.905953989608651,28.759436564100454,1.999938267126076,106782490.76939301,1.992213162118195,3.7003000000000057
