stock,minmax,BOP,TSF,HT_DCPERIOD,TAN,COS,AD,SIN,TRANGE
8155,min,-1.0,120.08911648351645,15.353692402296748,-22.39681607159687,-0.9998926215313589,-13465707.166464157,-0.9990047121815612,3.645399999999995
8155,max,2.0,67.98634175824188,14.9541993129621,41.72376548429307,1.9993331345604086,48789602.58236133,1.9962732076225538,15.948800000000006
