stock,minmax,BOP,TSF,HT_DCPERIOD,TAN,COS,AD,SIN,TRANGE
8155,min,-1.0,117.0868175824177,15.353719722369227,-6.535635963503188,-0.9991919259328953,-13467042.647702765,-0.9805224420487328,3.5542999999999836
8155,max,2.0,66.28672747252725,14.954112034103765,16.208662411757054,1.9991548480659018,48790284.72628863,1.975221158227384,15.550100000000015
