stock,minmax,BOP,TSF,HT_DCPERIOD,TAN,COS,AD,SIN,TRANGE
8210,min,-1.0,59.297875824175776,20.327385574178308,-85.66652684622308,-0.9999936312424851,-4576385.0843038615,-0.9999318755037515,0.5572999999999908
8210,max,2.0,28.532376923077052,21.807084094699924,133.41035812195497,1.9999112203870761,10236951.694252947,1.9992381968692445,5.758500000000005
