stock,minmax,BOP,TSF,HT_DCPERIOD,TAN,COS,AD,SIN,TRANGE
8215,min,-0.9286052382455042,28.982674725274745,16.190193269234726,-15.807446145653907,-0.9092714389772559,-116715362.612683,-0.9999526618888931,0.3622000000000014
8215,max,1.8108970402462812,5.289078021977996,19.12928723657464,118.57691699896604,1.9092631424338327,41552204.96841642,1.9979576502480978,1.856300000000001
