stock,minmax,BOP,TSF,HT_DCPERIOD,TAN,COS,AD,SIN,TRANGE
8215,min,-0.9285247508577013,27.98902197802199,16.19013493653361,-16.544448020677116,-0.9995429909940702,-116713433.44626914,-0.9996347061400238,0.34979999999999833
8215,max,0.8822817166689111,33.096756043956056,35.320010396704006,36.986633742176295,0.999716161521949,-75158646.48411968,0.988497030132476,2.142400000000002
