stock,minmax,BOP,TSF,HT_DCPERIOD,TAN,COS,AD,SIN,TRANGE
8255,min,-1.0,138.3168252747253,18.609219015550078,-17.077866885536373,-0.9999556171009641,-55638556.36628071,-0.9961988501469493,2.8175999999999988
8255,max,2.0,98.7616131868129,12.605980726198197,28.5141958684155,1.999069561677687,33340086.331548832,1.9944888832623993,16.436300000000017
