stock,minmax,BOP,TSF,HT_DCPERIOD,TAN,COS,AD,SIN,TRANGE
8255,min,-1.0,135.12239340659352,18.609208363288197,-92.90172305391155,-0.9984645672569847,-55638409.74523856,-0.9999420725076187,2.7524999999999977
8255,max,1.0,231.60313406593426,31.215157043055555,2933.847243157244,0.9998979730784463,-22298293.632620547,0.9999999419108567,18.809200000000004
