stock,minmax,BOP,TSF,HT_DCPERIOD,TAN,COS,AD,SIN,TRANGE
8279,min,-1.0,106.24338131868143,17.275495700944703,-8.083053154194436,-0.9823587716628116,995954.5350449644,-0.9924339635141113,0.0
8279,max,2.0,19.49279890109881,17.04067873724226,42.65495231294034,1.9823332089340178,1826814.4936034041,1.9920158914840917,11.2924
