stock,minmax,BOP,TSF,HT_DCPERIOD,TAN,COS,AD,SIN,TRANGE
8299,min,-1.0,341.1524659340657,17.752591986625912,-17.44911947756077,-0.9999789285651403,-32480736.654994663,-0.9918204719345104,5.90319999999997
8299,max,2.0,153.87714395604377,12.054843015627057,153.39036839777123,1.998025015061895,34969807.97554501,1.9917934167893703,25.883200000000045
