stock,minmax,BOP,TSF,HT_DCPERIOD,TAN,COS,AD,SIN,TRANGE
8358,min,-1.0,47.53492197802191,14.647719676686808,-181.35900594729304,-0.995714739862238,-111982069.79023436,-0.9999847986608639,0.5236999999999981
8358,max,1.9743521946060287,21.017248351648448,18.110220028747538,193.8886280829066,1.9956892006795695,50804097.08320724,1.9999585131656215,3.316499999999998
