stock,minmax,BOP,TSF,HT_DCPERIOD,TAN,COS,AD,SIN,TRANGE
8422,min,-1.0,162.55346483516487,17.677423912788548,-10.480227940652213,-0.9946363794101453,-11932437.33092097,-0.98306888052188,0.8551999999999964
8422,max,2.0,36.441993406593355,17.11724662576278,38.180599867099986,1.9945810658982963,6302925.17897135,1.9824178901575458,8.124899999999997
