stock,minmax,BOP,TSF,HT_DCPERIOD,TAN,COS,AD,SIN,TRANGE
8422,min,-1.0,171.53420879120887,17.677438658608196,-3.5427710892843023,-0.9991635458772957,-11932365.145933958,-0.9992421869067427,0.9025000000000034
8422,max,2.0,38.4553846153845,17.11749134844348,29.214611550635787,1.998882792074188,6302982.474096897,1.9951538731102954,8.573700000000002
