stock,minmax,BOP,TSF,HT_DCPERIOD,TAN,COS,AD,SIN,TRANGE
8431,min,-0.954541158680656,51.66020109890113,14.671065655437236,-4.176169132618835,-0.9999199357353964,-15642452.658937188,-0.9964356485603676,0.48089999999999833
8431,max,1.9110570019207247,23.321250549450518,26.762854687948124,52.09845209464497,1.9986279436501195,6945944.2336481605,1.9962180013006738,4.713299999999997
