stock,minmax,BOP,TSF,HT_DCPERIOD,TAN,COS,AD,SIN,TRANGE
8433,min,-1.0,35.94637362637361,16.301857859147585,-37.596670692247336,-0.9983528142833856,-917822.4532662843,-0.9951231677202307,0.08489999999999753
8433,max,2.0,8.778947252747265,14.633393472247405,100.4521499820153,1.9982081163706542,1146546.0,1.9949966354543782,4.078400000000002
