stock,minmax,BOP,TSF,HT_DCPERIOD,TAN,COS,AD,SIN,TRANGE
8436,min,-1.0,119.29831978021971,13.233922488267172,-8.227595067487613,-0.9970445594224461,-23988332.769846376,-0.9999819582276576,1.3062999999999931
8436,max,0.9090947051945881,183.17469670329663,30.133544164633737,166.4713595241442,0.9897004450735203,-11346777.609583382,0.9992407564864848,13.9332
