stock,minmax,BOP,TSF,HT_DCPERIOD,TAN,COS,AD,SIN,TRANGE
8436,min,-1.0,125.07738681318693,13.233884054543783,-7.394373746961591,-0.9999271020950801,-23988735.00847024,-0.9909789027797665,1.369499999999988
8436,max,1.9090927194519667,66.97098241758252,16.899551408453032,13.588761696035345,1.9997844449324735,12641658.498263817,1.9781973357517246,13.23860000000002
