stock,minmax,BOP,TSF,HT_DCPERIOD,TAN,COS,AD,SIN,TRANGE
8454,min,-1.0,446.0023439560441,16.76776697056719,-40.76557499768047,-0.9970439367101659,-16898999.011991147,-0.9956585494432126,12.062400000000025
8454,max,1.0,1125.131581318682,31.911289276659765,157.0044108711491,0.9998273229089596,-3791933.8330821125,0.9999797169582909,93.8193
