stock,minmax,BOP,TSF,HT_DCPERIOD,TAN,COS,AD,SIN,TRANGE
8454,min,-1.0,485.1272736263735,16.76778272417256,-255.29391887758766,-0.9988268088255841,-16898957.4204666,-0.9999848969630303,13.120699999999943
8454,max,2.0,738.7048999999989,15.143495815379655,437.24219282698647,1.9988255622393218,13107017.368232593,1.9999772253963055,88.92870000000016
