stock,minmax,BOP,TSF,HT_DCPERIOD,TAN,COS,AD,SIN,TRANGE
8464,min,-0.9473666342258326,277.1867351648352,16.58314870566931,-27.068533931664543,-0.9956304913830344,-6476553.730524205,-0.9991596825831869,4.185799999999972
8464,max,1.9473666342258324,107.36864395604346,19.09199418264634,51.4460514099585,1.9741745275082556,7302751.679793095,1.9984779779150814,19.533700000000067
