stock,minmax,BOP,TSF,HT_DCPERIOD,TAN,COS,AD,SIN,TRANGE
8478,min,-1.0,115.94806923076915,14.34870944289598,-7.30145191218701,-0.9999835260965662,-12178621.867187552,-0.9996919584167765,2.765199999999993
8478,max,0.9629608794882503,193.67391318681314,40.98245944594256,40.27912013239522,0.9999044937607133,28046821.98203082,0.9994587625512724,20.278500000000008
