stock,minmax,BOP,TSF,HT_DCPERIOD,TAN,COS,AD,SIN,TRANGE
8924,min,-1.0,103.23697142857131,15.300530057922339,-43.168685508323925,-0.9941118676978984,-19052538.05630383,-0.9997318007174715,0.7995999999999981
8924,max,2.0,19.639460439560594,8.449158808639107,49.838995621612,1.9927775557650746,11663890.633376166,1.9965280590010086,7.996400000000008
