stock,minmax,BOP,TSF,HT_DCPERIOD,TAN,COS,AD,SIN,TRANGE
8926,min,-1.0,30.727571428571437,20.332885581604682,-0.9387695445991772,0.15766226761859356,1284735.278875998,-0.6844335965137455,0.08329999999999771
8926,max,2.0,2.5064901098901373,13.92151137009471,7.202114022913437,0.8423300235492319,6610452.064575244,1.6719266898411687,0.7499000000000002
