stock,minmax,BOP,TSF,HT_DCPERIOD,TAN,COS,AD,SIN,TRANGE
8928,min,-1.0,29.707868131868143,15.650946469788295,-934.7617570441631,-0.9140225492842653,-7706182.730006548,-0.9999994277737729,0.12840000000000273
8928,max,1.0,46.23016923076922,39.00835081627905,68.38118800338175,0.9998923466572185,10500580.210610911,0.9998930878484223,4.2393
