stock,minmax,BOP,TSF,HT_DCPERIOD,TAN,COS,AD,SIN,TRANGE
8942,min,-1.0,47.19786483516483,14.30829269057244,-67.95818344117797,-0.9895909559493431,-518916.72108807985,-0.9998917529772142,0.2160999999999973
8942,max,2.0,3.550528571428586,13.114659125717445,90.9925599654863,1.9891641539160756,1383934.9511207165,1.7793606394974115,1.5132000000000048
