stock,minmax,BOP,TSF,HT_DCPERIOD,TAN,COS,AD,SIN,TRANGE
8942,min,-1.0,47.19786483516483,14.30829269057244,-67.95818344117797,-0.9895909559493431,-518916.72108807985,-0.9998917529772142,0.2160999999999973
8942,max,1.0,50.748393406593415,27.422951816289885,23.034376524308332,0.9995731979667325,865018.2300326368,0.7794688865201972,1.729300000000002
