stock,minmax,BOP,TSF,HT_DCPERIOD,TAN,COS,AD,SIN,TRANGE
8942,min,-1.0,52.94019780219774,14.308361919917242,-6.9586652031275795,-0.9998683793763313,-519056.3247484208,-0.9998219397017728,0.2423999999999964
8942,max,2.0,3.9824725274725665,13.114971919908854,59.942507571528175,1.9995110944494732,1384306.2148760373,1.7410729676291588,1.6974000000000018
