stock,minmax,BOP,TSF,HT_DCPERIOD,TAN,COS,AD,SIN,TRANGE
8996,min,-1.0,47.49879780219782,20.639113713007994,-121.41676647449472,-0.9999811150891823,-9341179.848824605,-0.9918973527134176,0.573599999999999
8996,max,2.0,20.933262637362652,14.864066068452026,175.52672106107775,1.9989155731280825,24156786.625520274,1.991863437809981,6.0230999999999995
