stock,minmax,BOP,TSF,HT_DCPERIOD,TAN,COS,AD,SIN,TRANGE
9802,min,-0.8333149961491925,86.98306483516483,19.47581513399,-33.194108542757,-0.9990489776026488,-7010300.770579808,-0.9995465258925657,1.3632999999999953
9802,max,1.0,145.65314395604398,35.896048441853566,106.48602827948504,0.9998147201971725,28357012.382009167,0.9999559083833863,7.8138000000000005
