stock,minmax,BOP,TSF,HT_DCPERIOD,TAN,COS,AD,SIN,TRANGE
9802,min,-0.8333333333333316,84.75272527472528,19.47578054184641,-48.01442100936,-0.9982742706596542,-7010033.476356019,-0.9996665658828806,1.328400000000002
9802,max,1.0,141.91846483516483,35.89594159853718,38.71429518578432,0.9998594721061157,28358172.79266091,0.9997831869828908,7.613399999999999
