stock,minmax,BOP,TSF,HT_DCPERIOD,TAN,COS,AD,SIN,TRANGE
9907,min,-1.0,12.187871428571427,15.1745811529761,-33.50991653561232,-0.999824472571244,-22609202.64595295,-0.5358976632021333,0.129999999999999
9907,max,2.0,3.861109890109905,26.400816695082437,107.76133970546745,1.9998216626663399,39395525.042577565,1.5358069853205558,0.8232000000000017
