stock,minmax,BOP,TSF,HT_DCPERIOD,TAN,COS,AD,SIN,TRANGE
9910,min,-1.0,144.2870175824176,15.165179343001252,-16.60861646264614,-0.9890325536798134,-5177265.328321391,-0.9998266219019879,2.100900000000024
9910,max,2.0,55.93616153846139,15.103646834299258,70.30331475141759,1.9885097282280957,11566350.552105065,1.9925823862320817,11.345199999999977
