stock,minmax,BOP,TSF,HT_DCPERIOD,TAN,COS,AD,SIN,TRANGE
9911,min,-1.0,51.91408241758238,18.17449972454976,-38.70821812124385,-0.9940789574671636,-2945932.325703493,-0.9996664612308936,0.170499999999997
9911,max,1.0,58.620984615384636,31.90768381769316,21.83593630592197,0.9999503222455959,-1219918.3746525876,0.9992185577625702,2.1319000000000017
