stock,minmax,BOP,TSF,HT_DCPERIOD,TAN,COS,AD,SIN,TRANGE
9911,min,-1.0,51.91408241758238,18.17449972454976,-38.70821812124385,-0.9940789574671636,-2945932.325703493,-0.9996664612308936,0.170499999999997
9911,max,2.0,6.706902197802258,13.7331840931434,60.54415442716582,1.9940292797127595,1726013.9510509053,1.9988850189934637,1.9614000000000047
