stock,minmax,BOP,TSF,HT_DCPERIOD,TAN,COS,AD,SIN,TRANGE
9914,min,-1.0,213.8458021978022,18.84169666539271,-248.4293013869348,-0.9992642030492519,-1587615.333782262,-0.9999918986183753,2.8019999999999925
9914,max,1.9090914989844994,95.08359560439538,21.784016250344692,274.7162846543256,1.9985542865277335,8663855.01823091,1.9992690997782327,20.08110000000002
