stock,minmax,BOP,TSF,HT_DCPERIOD,TAN,COS,AD,SIN,TRANGE
9917,min,-1.0,88.8678857142857,17.305036078236583,-5.322065553487461,-0.9999985074598352,59859.06666666412,-0.9937921725474093,0.4386999999999972
9917,max,1.0,100.14861758241767,33.97139465055804,24.501837292248496,0.9337020512237306,2215572.597460957,0.9991681777088397,4.8256000000000085
