stock,minmax,BOP,TSF,HT_DCPERIOD,TAN,COS,AD,SIN,TRANGE
9917,min,-1.0,92.4143857142857,17.305053373680266,-27.286763484406396,-0.9935365824620063,59842.500273263926,-0.9993291448515116,0.4561999999999955
9917,max,2.0,11.730957142857136,16.66594732846471,92.74411503331915,1.9798619918312679,2155628.9448783537,1.9992124700331662,4.562000000000012
