stock,minmax,BOP,TSF,HT_DCPERIOD,TAN,COS,AD,SIN,TRANGE
9921,min,-1.0,205.4686769230769,17.407520616132352,-10.536625621906607,-0.9963366340695741,-17205418.57738859,-0.9940607211976733,2.242999999999995
9921,max,1.0,315.7086659340662,37.08172583226596,3.060697494982773,0.995254885838165,-314518.2040939457,0.995526524451185,20.1875
