stock,minmax,BOP,TSF,HT_DCPERIOD,TAN,COS,AD,SIN,TRANGE
9921,min,-1.0,209.8590076923077,17.407521424534437,-38.17176096811063,-0.9996858724512396,-17205785.112147637,-0.9995926816275412,2.290999999999997
9921,max,2.0,112.59544285714279,19.67402771701009,68.68429946405425,1.9994256387667484,16890989.515716527,1.9992497068837465,18.327799999999968
