stock,minmax,BOP,TSF,HT_DCPERIOD,TAN,COS,AD,SIN,TRANGE
9921,min,-1.0,209.8590076923077,17.407521424534437,-38.17176096811063,-0.9996858724512396,-17205785.112147637,-0.9995926816275412,2.290999999999997
9921,max,1.0,322.4544505494505,37.08154914154453,30.512538495943616,0.9997397663155086,-314795.5964311096,0.9996570252562053,20.618799999999965
