stock,minmax,BOP,TSF,HT_DCPERIOD,TAN,COS,AD,SIN,TRANGE
9933,min,-1.0,33.87312307692305,13.05676617050691,-51.27771706432731,-0.9991304935150095,-11708751.201493919,-0.9998098970806661,0.18140000000000356
9933,max,2.0,9.538236263736302,18.903510551397787,65.29875681695279,1.998738187492063,65366389.914187446,1.953599226820423,2.447899999999997
