stock,minmax,BOP,TSF,HT_DCPERIOD,TAN,COS,AD,SIN,TRANGE
9938,min,-1.0,56.86649890109888,18.70968191337986,-19.1265038064835,-0.9997928589040961,-11198455.925445475,-0.9999347084395375,0.44950000000000045
9938,max,2.0,19.291093406593475,12.197030459502063,106.63197553676763,1.9991421792700204,7553448.2917460315,1.9995634665501227,3.3268000000000058
