stock,minmax,BOP,TSF,HT_DCPERIOD,TAN,COS,AD,SIN,TRANGE
9939,min,-1.0,61.91892637362636,16.086782533890556,-18.586522678481415,-0.9993431956068979,1806031.6183663218,-0.9996230872565588,0.34839999999999804
9939,max,1.0,69.70464505494496,35.35123701859172,36.41177045515878,0.9983903250973757,17963181.894086156,0.9985557841845676,3.135699999999993
