stock,minmax,BOP,TSF,HT_DCPERIOD,TAN,COS,AD,SIN,TRANGE
9939,min,-1.0,61.91892637362636,16.086782533890556,-18.586522678481415,-0.9993431956068979,1806031.6183663218,-0.9996230872565588,0.34839999999999804
9939,max,2.0,7.785718681318599,19.26445448470116,54.99829313364019,1.9977335207042737,16157150.275719834,1.9981788714411264,2.787299999999995
