stock,minmax,BOP,TSF,HT_DCPERIOD,TAN,COS,AD,SIN,TRANGE
9939,min,-1.0,63.91878021978027,16.086824822972012,-14.803174339311829,-0.9996811277548776,1805611.4907908451,-0.9998564868667569,0.3596999999999895
9939,max,2.0,8.037125274725248,19.26564222335984,73.82225359854503,1.9992080263997045,16157495.004641673,1.9996045097010064,2.8773000000000053
