stock,minmax,BOP,TSF,HT_DCPERIOD,TAN,COS,AD,SIN,TRANGE
9941,min,-0.9545539741843554,126.8203857142856,17.857374473569823,-48.50132597240621,-0.9995470653998688,-1252231.3171148286,-0.9999192675804557,0.727499999999992
9941,max,1.0,183.57674725274737,34.85150173887349,78.69274964189611,0.9975672475155775,7338113.886283365,0.9997875169248444,12.004500000000007
