stock,minmax,BOP,TSF,HT_DCPERIOD,TAN,COS,AD,SIN,TRANGE
9958,min,-1.0,100.72491868131861,16.44007572265924,-22.473183839166193,-0.9999997243977192,-56522604.42314188,-0.9915419318930818,0.9598999999999904
9958,max,1.0,130.99987472527474,28.41954543966452,23.403613031923896,0.9961134420139122,-19694396.114810515,0.9990883880511774,11.519199999999998
