stock,minmax,BOP,HT_DCPHASE,MIN,VAR,COS,TAN,PLUS_DM,SIN
1102,min,-1.0,-39.43456119522921,37.1466,0.00666217039838557,-0.9982949421419999,-213.13488234654184,0.7418699002659015,-0.9993735145751516
1102,max,2.0,353.8301753830391,3.6357,0.6869083872027204,1.998152340609209,261.4180990338251,1.4405510150187621,1.9993625079603694
