stock,minmax,BOP,HT_DCPHASE,MIN,VAR,COS,TAN,PLUS_DM,SIN
1319,min,-1.0,-26.619746976640045,27.6554,0.006085426399977223,-0.9994090381494187,-31.46585197020622,1.1145602607048686,-0.9999084681171958
1319,max,2.0,340.42989466054627,16.2532,6.426111483202021,1.999031015332564,105.37002961110383,10.31231901742938,1.997757132007878
