stock,minmax,BOP,HT_DCPHASE,MIN,VAR,COS,TAN,PLUS_DM,SIN
2059,min,-1.0,-40.67654726277988,360.3637,0.9659368292777799,-0.9990742235884905,-30.06694219157165,22.402077764406847,-0.99984374777617
2059,max,2.0,353.4822605934326,43.43459999999999,386.9988798808481,1.9990439251521586,86.62845274550065,55.941999006924824,1.9992911217181528
