stock,minmax,BOP,HT_DCPHASE,MIN,VAR,COS,TAN,PLUS_DM,SIN
2303,min,-1.0,-41.42732085261639,34.2609,0.0723786376067892,-0.9999948943835699,-39.5300284837389,2.209433340522837,-0.9990416126163334
2303,max,2.0,346.9741244707953,9.2534,2.739358747998722,1.9995389950866516,79.53213641838765,4.40668122643517,1.998729291927482
