stock,minmax,BOP,HT_DCPHASE,MIN,VAR,COS,TAN,PLUS_DM,SIN
2337,min,-1.0,-42.646397146578124,26.0722,0.025811069600422343,-0.9994906259207569,-12.849118219854248,1.0251413145651513,-0.9969852178286087
2337,max,2.0,349.91348934516395,9.610200000000003,3.254206428798625,1.9992232195079858,23.92829267772249,3.992159205663933,1.9762336499376865
