stock,minmax,BOP,HT_DCPHASE,MIN,VAR,COS,TAN,PLUS_DM,SIN
2344,min,-1.0,-37.858293024153625,17.8314,0.008427240000287384,-0.9999298064549158,-88.00544334863511,0.4978592008493568,-0.9992606938295273
2344,max,2.0,352.00306254755657,9.755600000000001,1.7688137159998973,1.9997860582613574,100.41062310968124,3.075575143960484,1.9991961419516726
