stock,minmax,BOP,HT_DCPHASE,MIN,VAR,COS,TAN,PLUS_DM,SIN
2377,min,-1.0,-42.25975337436785,88.2332,0.3580991015824111,-0.9999989596958112,-106.82538373392703,3.8059994181088923,-0.9999561880544167
2377,max,1.8749893746635322,345.4926431182968,26.47,49.26410286479586,1.9986498503686456,137.98357068177566,13.998446076032302,1.999729151963595
