stock,minmax,BOP,HT_DCPHASE,MIN,VAR,COS,TAN,PLUS_DM,SIN
2421,min,-1.0,-40.05441252328683,29.8145,0.015812761603910985,-0.9999983880843242,-24.19978988603505,1.0841419060448971,-0.999530931820566
2421,max,1.947456492637215,354.0517967091956,9.064499999999999,2.56486008880006,1.9997905568123482,56.83708728432168,6.091990688136052,1.9804577211295928
