stock,minmax,BOP,HT_DCPHASE,MIN,VAR,COS,TAN,PLUS_DM,SIN
2542,min,-1.0,-43.531335936917,32.3186,0.0035808256006930606,-0.9999855234740439,-23.19584870485873,0.9502661256675713,-0.9990720071953733
2542,max,2.0,356.05219328473675,1.570999999999998,1.6024320559990883,1.6194990764168888,37.62039704489383,3.065326003746689,1.995875540302578
