stock,minmax,BOP,HT_DCPHASE,MIN,VAR,COS,TAN,PLUS_DM,SIN
2603,min,-1.0,-42.657924198578996,101.2792,0.4482535840397759,-0.9998659847946035,-241.45072743207203,5.9660743395927405,-0.999548059734938
2603,max,2.0,354.88130502788687,41.63319999999999,70.02499333357446,1.9988077781797635,274.7011553601686,18.574741880897946,1.9995394832884754
