stock,minmax,BOP,HT_DCPHASE,MIN,VAR,COS,TAN,PLUS_DM,SIN
2707,min,-1.0,-40.7379445902601,136.4471,0.050938677584781544,-0.9969251582370728,-18.691620156848405,7.20143941046034,-0.9985719446520805
2707,max,1.87500730609621,348.5382119952032,13.727199999999982,29.09748055439195,1.9969147280468822,31.265049177479025,15.210990707216316,1.996252203782551
