stock,minmax,BOP,HT_DCPHASE,MIN,VAR,COS,TAN,PLUS_DM,SIN
3209,min,-1.0,-38.405712011280514,25.064,0.0038019840030756313,-0.9996550653625069,-19.833479198279424,1.302129117428963,-0.9972802427170494
3209,max,2.0,342.85876671462694,5.7987,1.9280022823998024,1.998949265801326,31.691759348387627,4.06949390500671,1.9960115830757523
