stock,minmax,BOP,HT_DCPHASE,MIN,VAR,COS,TAN,PLUS_DM,SIN
3374,min,-1.0,-41.45623677630476,104.5116,0.3659951616064063,-0.9974060342539862,-29.70341581658161,9.001714907777647,-0.9989232577369268
3374,max,2.0,353.32377717723193,22.229299999999995,47.945907852774326,1.9958934454845445,95.04724059244379,18.799257008069546,1.9988061772216725
