stock,minmax,BOP,HT_DCPHASE,MIN,VAR,COS,TAN,PLUS_DM,SIN
3413,min,-1.0,-41.56271216654693,157.4629,0.3956940798962023,-0.9997844603163693,-27.999005693865335,5.962112369251406,-0.9946007246012827
3413,max,2.0,349.8174021028865,32.91640000000001,42.78493939440159,1.9997590431879328,37.58314340012552,20.37896491161547,1.9939635337383916
