stock,minmax,BOP,HT_DCPHASE,MIN,VAR,COS,TAN,PLUS_DM,SIN
3416,min,-1.0,-29.332181120845235,68.3524,0.003674889589092345,-0.9998724987490542,-70.59035256924146,0.8138762635816192,-0.9997747080672152
3416,max,2.0,342.68243482712205,3.824299999999994,1.2473830848020953,1.9986246765577778,117.69229201742368,2.345155398188983,1.9996743819645082
