stock,minmax,BOP,HT_DCPHASE,MIN,VAR,COS,TAN,PLUS_DM,SIN
3491,min,-0.9545454545454547,-43.53804429360184,123.2366,0.48325464004665264,-0.9993884486795683,-384.55840821632927,12.086388031837112,-0.9996772603741988
3491,max,1.9545454545454546,357.34769370164304,19.483999999999995,114.60044486641709,1.9992758225187655,800.7958285035462,29.509038873816934,1.9996743744436076
