stock,minmax,BOP,HT_DCPHASE,MIN,VAR,COS,TAN,PLUS_DM,SIN
3567,min,-1.0,-44.753537037648925,24.3719,0.001395769599639607,-0.9985297034415528,-209.97461334749443,0.5551893080743889,-0.9990743433942276
3567,max,2.0,357.0003644480782,5.815000000000001,1.243261972000255,1.9913931553375046,233.8056084106253,1.601077651874498,1.9990630029769172
