stock,minmax,BOP,HT_DCPHASE,MIN,VAR,COS,TAN,PLUS_DM,SIN
4572,min,-1.0,-41.046810821837425,83.1683,0.12078993439627084,-0.9982725445931845,-60.35126800264058,3.8133158965562246,-0.9981446760524524
4572,max,2.0,351.4922419757329,24.075099999999992,36.130994884005304,1.9982359916672952,76.74471022664275,27.373314858069524,1.9980074274947475
