stock,minmax,BOP,HT_DCPHASE,MIN,VAR,COS,TAN,PLUS_DM,SIN
4971,min,-1.0,-41.607927213686935,59.9456,0.06560195999463758,-0.9992539144538743,-160.17077748340853,3.3489340399284093,-0.9999892937917799
4971,max,2.0,355.1011183360846,11.517200000000003,5.458187609611741,1.9974327048768679,376.27520868855754,9.561778146318149,1.9995113082745815
