stock,minmax,BOP,HT_DCPHASE,MIN,VAR,COS,TAN,PLUS_DM,SIN
5222,min,-1.0,-36.62946381023187,103.1916,0.27528910237015225,-0.9975319517343362,-18.6202421292644,7.42172588868252,-0.999631754448541
5222,max,2.0,342.164627370892,24.2945,46.09963479117505,1.9974755511814677,55.458261895586006,23.85570825271876,1.9981927532914916
