stock,minmax,BOP,HT_DCPHASE,MIN,VAR,COS,TAN,PLUS_DM,SIN
5274,min,-1.0,-41.88250695459021,1558.3371,257.12587420316413,-0.9974797853855845,-19.977757475316654,272.17707801782,-0.9999058950470963
5274,max,2.0,352.31754293188465,779.5752,44658.85961184418,1.9974132322654188,92.86442727144691,329.0780553503299,1.999007498325319
