stock,minmax,BOP,HT_DCPHASE,MIN,VAR,COS,TAN,PLUS_DM,SIN
5425,min,-0.982447512767164,-42.88534050641658,56.487,0.15005995439241815,-0.9997472531583105,-223.5800754719727,6.6085477962296535,-0.9999899977595275
5425,max,1.982447512767164,351.1085063522859,15.860800000000005,61.73320128799787,1.999692377084326,229.89656461219263,14.003386530188063,1.9998542058462943
