stock,minmax,BOP,HT_DCPHASE,MIN,VAR,COS,TAN,PLUS_DM,SIN
8938,min,-1.0,-43.147638011497065,62.6459,0.16142904640673805,-0.9979665118951664,-20.966970625608845,4.7655628213363945,-0.9988645749349134
8938,max,1.9666333666333662,357.0753263528331,9.509500000000003,9.022518615997797,1.997965745104021,124.15623434971823,13.752322100824017,1.9988176211735387
