stock,minmax,BOP,LINEARREG,SIN,HT_DCPERIOD,VAR,TRIX,COS,TAN
1102,min,-1.0,33.15139142857143,-0.9998831945527362,16.35724933986369,0.006042337599637904,-0.19031431557120504,-0.982847693589638,-65.42073291204343
1102,max,0.9655014501602852,40.41495428571426,0.9999594267121431,38.31958631233418,1.5761196255994037,0.10479502617730674,0.978756960633693,111.00733722553457
