stock,minmax,BOP,LINEARREG,SIN,HT_DCPERIOD,VAR,TRIX,COS,TAN
1210,min,-1.0,37.06604571428572,-0.9999966221425644,14.995012733561069,0.0029611560005378124,-0.2113516695735118,-0.9999395500622728,-384.73637075203186
1210,max,1.0,45.82734571428573,0.999984830070683,34.38903998578141,1.2133258624003247,0.07822321702599666,0.9996977264990169,181.54666791886677
