stock,minmax,BOP,LINEARREG,SIN,HT_DCPERIOD,VAR,TRIX,COS,TAN
1215,min,-1.0,62.47554285714288,-0.9995889680003397,17.220134149044913,0.024975485608592862,-0.03772544937787892,-0.9999953617820231,-34.86689480153631
1215,max,1.0,74.80309142857142,0.9988973332742206,29.40707424054291,3.952401430408827,0.226070130710343,0.9993996423887178,15.794856664911533
