stock,minmax,BOP,LINEARREG,SIN,HT_DCPERIOD,VAR,TRIX,COS,TAN
1301,min,-1.0,75.28714857142852,-0.9767201086064362,17.136661995150078,0.012387501593366324,-0.19754806709936235,-0.999995548889043,-12.809445849701422
1301,max,1.9411365877712023,21.192345714285764,1.9765653975112905,13.419632696649018,35.13468964800086,0.23341317057413713,1.9964183427832176,69.65203803880972
