stock,minmax,BOP,LINEARREG,SIN,HT_DCPERIOD,VAR,TRIX,COS,TAN
1303,min,-1.0,56.79859428571423,-0.9997157630616524,13.24175912004889,0.01255296801264194,-0.2983368557567645,-0.9998333953555423,-41.93263430636767
1303,max,2.0,17.473274285714382,1.998750143686899,14.812072335678,16.187218970398135,0.42113132380204865,1.9833085666063113,64.67142253195746
