stock,minmax,BOP,LINEARREG,SIN,HT_DCPERIOD,VAR,TRIX,COS,TAN
1304,min,-1.0,19.243222857142847,-0.9887494136828866,14.060290141933955,0.001314933599815049,-0.23688547203851718,-0.9994372993333487,-28.85035144653566
1304,max,2.0,4.377711428571427,1.9886534728250853,7.57445686505535,0.8301698047997093,0.23809485368476713,1.9687826490572926,101.03618103188404
