stock,minmax,BOP,LINEARREG,SIN,HT_DCPERIOD,VAR,TRIX,COS,TAN
1304,min,-1.0,18.833788571428567,-0.7971447333846935,14.060181265247468,0.0012604623992729103,-0.23688677088412602,-0.9997763169524688,-13.952822190446213
1304,max,1.0,23.11829428571428,0.9998882172175115,21.633787639594715,0.796491275999017,0.0012084022574132547,0.996869741872819,66.87458991669516
