stock,minmax,BOP,LINEARREG,SIN,HT_DCPERIOD,VAR,TRIX,COS,TAN
1319,min,-1.0,40.57154571428572,-0.9997833992409363,15.618350987119598,0.029560981602116954,-0.19206508456401927,-0.9995851791684314,-48.037948778415206
1319,max,1.0,51.41996285714288,0.9973371587810511,36.423526078108175,4.544725856002515,0.6860003667219727,0.9998232316288613,35.576778336298126
