stock,minmax,BOP,LINEARREG,SIN,HT_DCPERIOD,VAR,TRIX,COS,TAN
1326,min,-1.0,63.38702857142857,-0.9958220879501676,14.18921235373276,0.006229156005247205,-0.17263677582263215,-0.9996004593483769,-10.880435820690293
1326,max,1.9444538335868455,10.842059999999947,1.9916251106407215,16.22334320120478,5.49966281439265,0.24974427471345928,1.9994987641549518,21.785825681969158
