stock,minmax,BOP,LINEARREG,SIN,HT_DCPERIOD,VAR,TRIX,COS,TAN
1326,min,-1.0,61.75333428571429,-0.9999896848987282,14.189158869816552,0.005905154408537783,-0.17263527825822633,-0.999575044237167,-8.267882096244401
1326,max,0.9444283814260068,72.31594571428572,0.9994439603444756,30.412268892752525,5.225789221604828,0.07710836346996874,0.9999999695132311,220.16328379600736
