stock,minmax,BOP,LINEARREG,SIN,HT_DCPERIOD,VAR,TRIX,COS,TAN
1476,min,-0.8837172617684634,367.1201828571426,-0.9996584533706201,15.822223329499234,3.4223845586529933,-0.19914925564159525,-0.9965993369484849,-13.16685016124374
1476,max,1.8837172617684634,77.8845971428571,1.9990524809086176,16.076064149412385,738.9424092198606,0.2383310706882691,1.9958348832055819,51.41837296781253
