stock,minmax,BOP,LINEARREG,SIN,HT_DCPERIOD,VAR,TRIX,COS,TAN
1477,min,-0.8999844385656802,122.32839999999997,-0.9981710266640129,14.011576208724525,0.5665500896648155,-0.3864974640539032,-0.9999856200946781,-16.51143974209532
1477,max,1.0,205.5214800000001,0.997709397253495,36.557827944645744,77.58836292407432,0.435373872260314,0.9989791688985318,4.723518143171274
