stock,minmax,BOP,LINEARREG,SIN,HT_DCPERIOD,VAR,TRIX,COS,TAN
1477,min,-0.8999844385656802,122.32839999999997,-0.9981710266640129,14.011576208724525,0.5665500896648155,-0.3864974640539032,-0.9999856200946781,-16.51143974209532
1477,max,1.8999844385656801,83.19308000000014,1.9958804239175079,22.546251735921217,77.0218128344095,0.8218713363142172,1.9989647889932098,21.234957885266596
