stock,minmax,BOP,LINEARREG,SIN,HT_DCPERIOD,VAR,TRIX,COS,TAN
1504,min,-1.0,25.237977142857133,0.013058400129494812,16.54188102665158,0.004717076001838905,-0.07732073523859517,-0.9479269299240913,-31.77343759285476
1504,max,0.9375501470981574,27.951542857142876,0.999882382001177,34.34904470850006,0.4028344864017299,0.04099294204684689,0.9999147354580079,65.19432541713822
