stock,minmax,BOP,LINEARREG,SIN,HT_DCPERIOD,VAR,TRIX,COS,TAN
1513,min,-0.9411390795830172,47.98658857142852,-0.999694264686573,18.456499446098782,0.055550045602558384,-0.23859392675628088,-0.9872471727638432,-40.430824507263814
1513,max,1.8611177514996753,16.5202885714286,1.9989780617071813,18.171099275678053,8.861585920796188,0.7349012733558369,1.9868703608552427,66.8387058989055
