stock,minmax,BOP,LINEARREG,SIN,HT_DCPERIOD,VAR,TRIX,COS,TAN
1513,min,-0.9411574104076245,47.0676714285714,-0.999718490877357,18.456357065798716,0.05344195199313617,-0.23859353287299934,-0.9994983856125059,-114.66000535063121
1513,max,0.9200016727303119,63.27161428571439,0.9999619704388041,36.627631746776515,8.57899008959339,0.49630754653295917,0.9998610960271862,23.82008284048864
