stock,minmax,BOP,LINEARREG,SIN,HT_DCPERIOD,VAR,TRIX,COS,TAN
1514,min,-1.0,23.471785714285726,-0.9999132795572999,14.332032903714573,0.016347762401551336,-0.3038529568858861,-0.9945517365757568,-75.92695986524015
1514,max,0.9344008264462819,33.147217142857144,0.9997276916108738,32.42776273910644,5.226677362401006,0.37431295738388215,0.9973772814354883,48.94031480234733
