stock,minmax,BOP,LINEARREG,SIN,HT_DCPERIOD,VAR,TRIX,COS,TAN
1514,min,-1.0,23.471785714285726,-0.9999132795572999,14.332032903714573,0.016347762401551336,-0.3038529568858861,-0.9945517365757568,-75.92695986524015
1514,max,1.9344008264462818,9.675431428571418,1.9996409711681737,18.095729835391868,5.210329599999454,0.6781659142697682,1.9919290180112452,124.86727466758748
