stock,minmax,BOP,LINEARREG,SIN,HT_DCPERIOD,VAR,TRIX,COS,TAN
1519,min,-1.0,30.255725714285735,-0.9997749593754847,13.075383092337148,0.03140056240295053,-0.2309963427167383,-0.9999216359707934,-164.1522512765663
1519,max,1.0,38.765879999999996,0.9999926928693149,23.62820436551621,3.91731056560252,0.2778216697439717,0.9989683923360286,261.5828003566217
