stock,minmax,BOP,LINEARREG,SIN,HT_DCPERIOD,VAR,TRIX,COS,TAN
1519,min,-1.0,33.49517428571431,-0.9998486094914204,13.075484129558134,0.03847904559665949,-0.23099623267176517,-0.9997646617988282,-87.77841053590292
1519,max,2.0,9.421277142857136,1.9997837232963076,10.5529053355224,4.762684648001141,0.5088170094924016,1.9985930373792171,145.24115478946572
