stock,minmax,BOP,LINEARREG,SIN,HT_DCPERIOD,VAR,TRIX,COS,TAN
1532,min,-1.0,25.631065714285743,-0.9936188839272077,14.894289422033975,0.0033678679970989833,-0.1343069794139673,-0.9999728702777461,-4.3617730427793315
1532,max,2.0,3.961505714285682,1.9804872129167141,16.428707358072728,0.7161385463995202,0.14299358016296448,1.743973249549727,13.171256515755912
