stock,minmax,BOP,LINEARREG,SIN,HT_DCPERIOD,VAR,TRIX,COS,TAN
1532,min,-1.0,25.631065714285743,-0.9936188839272077,14.894289422033975,0.0033678679970989833,-0.1343069794139673,-0.9999728702777461,-4.3617730427793315
1532,max,1.0,29.592571428571425,0.9868683289895064,31.322996780106703,0.7195064143966192,0.008686600748997186,0.7440003792719809,8.80948347297658
