stock,minmax,BOP,LINEARREG,SIN,HT_DCPERIOD,VAR,TRIX,COS,TAN
1532,min,-1.0,24.71519142857141,-0.6606363530094895,14.894550063176222,0.003132267999717442,-0.1343076294066825,-0.9933181291296745,-43.73223362232887
1532,max,1.0,28.535157142857102,0.999738665699441,31.323362807371154,0.6689870824004629,0.008686554488868126,0.9999823509525732,26.003408808081822
