stock,minmax,BOP,LINEARREG,SIN,HT_DCPERIOD,VAR,TRIX,COS,TAN
1533,min,-1.0,44.80142857142858,-0.9991660302039314,17.237233057828707,0.04516026559167585,-0.3865405818231027,-0.9999525706481683,-24.470230911180558
1533,max,2.0,18.760928571428536,1.9991612454076115,13.848262695313785,8.388579348801159,0.4725773089871321,1.9993568994226272,347.73004287039214
