stock,minmax,BOP,LINEARREG,SIN,HT_DCPERIOD,VAR,TRIX,COS,TAN
1536,min,-1.0,55.88682285714289,-0.999998601136971,17.34324722900157,0.06785049841710133,-0.2690402477671605,-0.999338721998152,-597.8564932575746
1536,max,1.0,91.64518571428576,0.9996001478160274,37.887654864583794,20.86412937361729,0.4346660578906869,0.9994547676299614,10.569916961561779
