stock,minmax,BOP,LINEARREG,SIN,HT_DCPERIOD,VAR,TRIX,COS,TAN
1536,min,-1.0,56.916000000000025,-0.9999716695643016,17.343197456658636,0.07035654398805491,-0.2690406394224909,-0.9999993603827364,-15.437408535608045
1536,max,2.0,36.416940000000025,1.9974173028739923,20.544514478353996,21.569291521598643,0.7037063738503657,1.996483804159815,148.28361197023972
