stock,minmax,BOP,LINEARREG,SIN,HT_DCPERIOD,VAR,TRIX,COS,TAN
1537,min,-1.0,113.4331085714284,-0.9950960369947195,16.52277307169315,0.042558050405204995,-0.02939103455138481,-0.9998235387110551,-10.060266860196052
1537,max,1.0,125.73874285714267,0.9918023385599832,29.584537517036196,2.5520604944558727,0.13997293222931528,0.9996592539864504,7.761702989089062
