stock,minmax,BOP,LINEARREG,SIN,HT_DCPERIOD,VAR,TRIX,COS,TAN
1537,min,-1.0,119.14558285714281,-0.9996216288530976,16.522720373522944,0.04695102959522046,-0.02939109334609835,-0.9999970875344191,-11.93419713369598
1537,max,1.0,132.07093428571426,0.996507761038466,29.58465010791293,2.8155429623802775,0.13997343398997053,0.9998414319779984,36.34148970583617
