stock,minmax,BOP,LINEARREG,SIN,HT_DCPERIOD,VAR,TRIX,COS,TAN
1537,min,-1.0,119.14558285714281,-0.9996216288530976,16.522720373522944,0.04695102959522046,-0.02939109334609835,-0.9999970875344191,-11.93419713369598
1537,max,2.0,12.925351428571446,1.9961293898915635,13.061929734389985,2.768591932785057,0.16936452733606888,1.9998385195124175,48.27568683953215
