stock,minmax,BOP,LINEARREG,SIN,HT_DCPERIOD,VAR,TRIX,COS,TAN
1560,min,-1.0,94.01231714285727,-0.9805707617694592,17.889091829677096,0.13099757039162796,-0.6059987036461711,-0.9915826191321279,-25.895526758332455
1560,max,2.0,66.27746857142832,1.9805203242476,15.45138732778793,91.6003974080013,1.1036052940361252,1.9889094406241625,125.45708908970447
