stock,minmax,BOP,LINEARREG,SIN,HT_DCPERIOD,VAR,TRIX,COS,TAN
1565,min,-1.0,188.4171828571427,-0.9919125440930483,18.30363140871704,0.11579047842678847,-0.2850153417552015,-0.9998955863945415,-52.89471344962626
1565,max,1.0,238.3605228571425,0.9998213392850078,33.34956264437032,95.24463082246803,0.06392037802813721,0.9996040492575832,3.740228673072861
