stock,minmax,BOP,LINEARREG,SIN,HT_DCPERIOD,VAR,TRIX,COS,TAN
1565,min,-1.0,195.97536857142845,-0.9997414582248535,18.30321521457228,0.12525936651218217,-0.285016640489566,-0.9984874529449024,-43.96786867148248
1565,max,2.0,51.94669142857151,1.9994983074572907,15.046279952589185,102.91386118725495,0.34893495908299155,1.9984536115357856,89.30645444287731
