stock,minmax,BOP,LINEARREG,SIN,HT_DCPERIOD,VAR,TRIX,COS,TAN
1565,min,-1.0,195.97536857142845,-0.9997414582248535,18.30321521457228,0.12525936651218217,-0.285016640489566,-0.9984874529449024,-43.96786867148248
1565,max,1.0,247.92205999999996,0.9997568492324372,33.349495167161464,103.03912055376713,0.06391831859342556,0.9999661585908831,45.338585771394825
