stock,minmax,BOP,LINEARREG,SIN,HT_DCPERIOD,VAR,TRIX,COS,TAN
1580,min,-1.0,78.15896285714288,-0.9991719517701234,16.175827917663238,0.00872566960970289,-0.1762281711048197,-0.9999973172862927,-18.296134350859386
1580,max,2.0,15.832777142857225,1.9984878765231509,24.132030418170228,5.220267244803836,0.2486809118204092,1.9999963498366773,45.31767815617824
