stock,minmax,BOP,LINEARREG,SIN,HT_DCPERIOD,VAR,TRIX,COS,TAN
1580,min,-1.0,73.76252857142853,-0.9991719517701234,16.17556480482267,0.007767362430058711,-0.1762280196309418,-0.9958715884658064,-34.260335972422254
1580,max,1.0,88.70470857142864,0.99957429438552,40.30713863421189,4.657404118433078,0.07245202897951941,0.9999837037418142,24.557680378970268
