stock,minmax,BOP,LINEARREG,SIN,HT_DCPERIOD,VAR,TRIX,COS,TAN
1589,min,-1.0,48.20142857142852,-0.9997551733586199,14.757387707973102,0.05440000000180589,-0.22882028829945833,-0.9956855884367365,-45.18308791052113
1589,max,1.0,63.56857142857144,0.9907284090790482,32.314666402212055,5.010400000002846,0.10413159604318878,0.9996264977074408,12.815711254666219
