stock,minmax,BOP,LINEARREG,SIN,HT_DCPERIOD,VAR,TRIX,COS,TAN
1590,min,-1.0,664.5630885714284,-0.9995497847707571,15.416311659707688,0.5599136053351685,-0.30228986281440884,-0.9997657788804929,-13.638345309166024
1590,max,2.0,307.9266542857141,1.9954679842089678,19.513580043454027,2366.677883583936,0.5329140015810307,1.9997291924042662,46.95245630174847
