stock,minmax,BOP,LINEARREG,SIN,HT_DCPERIOD,VAR,TRIX,COS,TAN
1590,min,-1.0,664.5630885714284,-0.9995497847707571,15.416311659707688,0.5599136053351685,-0.30228986281440884,-0.9997657788804929,-13.638345309166024
1590,max,1.0,972.4897428571425,0.9959181994382106,34.929891703161715,2367.237797189271,0.2306241387666219,0.9999634135237732,33.31411099258244
