stock,minmax,BOP,LINEARREG,SIN,HT_DCPERIOD,VAR,TRIX,COS,TAN
1605,min,-1.0,29.482717142857172,-0.9999621480743368,19.025660833469026,0.08929500560168435,-0.21897445602192533,-0.999964038142072,-18.469046039849545
1605,max,1.0,43.81284857142853,0.9999767243626305,42.46656795924262,7.6573915160035995,0.4018368031174502,0.999695625526492,146.56377063709243
