stock,minmax,BOP,LINEARREG,SIN,HT_DCPERIOD,VAR,TRIX,COS,TAN
1605,min,-1.0,29.482717142857172,-0.9999621480743368,19.025660833469026,0.08929500560168435,-0.21897445602192533,-0.999964038142072,-18.46904603984954
1605,max,2.0,14.33013142857136,1.9999388724369673,23.44090712577359,7.568096510401915,0.6208112591393755,1.999659663668564,165.03281667694196
