stock,minmax,BOP,LINEARREG,SIN,HT_DCPERIOD,VAR,TRIX,COS,TAN
1720,min,-1.0,39.85827142857145,-0.9999019900722229,15.11769417048897,0.005487846397954854,-0.04638479261437345,-0.9991308684283859,-12.712809986850356
1720,max,1.0,45.87550571428573,0.9968975293018494,36.51873011915096,0.709221241597561,0.25067353386565294,0.9999384272599631,71.41970333573526
