stock,minmax,BOP,LINEARREG,SIN,HT_DCPERIOD,VAR,TRIX,COS,TAN
1722,min,-1.0,48.52759142857141,-0.9949182683353732,16.934139908144505,0.008788582395027333,-0.29723807667008106,-0.9995578112296892,-94.14763979122114
1722,max,0.8571641124832614,61.629474285714316,0.9999435954180546,35.69745723321785,3.637971521594409,-0.04088053311313011,0.9987108480890468,56.92848790420187
