stock,minmax,BOP,LINEARREG,SIN,HT_DCPERIOD,VAR,TRIX,COS,TAN
1722,min,-1.0,48.52759142857141,-0.9949182683353732,16.934139908144505,0.008788582395027333,-0.29723807667008106,-0.9995578112296892,-94.14763979122114
1722,max,1.8571641124832614,13.101882857142904,1.9948618637534277,18.76331732507334,3.6291829391993815,0.25635754355695095,1.998268659318736,151.076127695423
