stock,minmax,BOP,LINEARREG,SIN,HT_DCPERIOD,VAR,TRIX,COS,TAN
1736,min,-1.0,50.83548571428578,-0.9999307032665367,14.674882918260433,0.010246173607811215,-0.039832232744407836,-0.9999852519788884,-84.93878576665664
1736,max,2.0,27.892239999999916,1.9972689334678684,13.107868656340255,39.887249466402864,0.6996791599700347,1.9995683601979324,100.19079165436416
