stock,minmax,BOP,LINEARREG,SIN,HT_DCPERIOD,VAR,TRIX,COS,TAN
1736,min,-1.0,50.400994285714276,-0.9998917706739663,14.67497439799915,0.010069862408272456,-0.03983206695481467,-0.999470912622279,-19.734817538978326
1736,max,1.0,78.0548542857143,0.9921878417470075,27.782915659271048,39.218358330404044,0.6598460674683837,0.9985448860516596,67.96374009246728
