stock,minmax,BOP,LINEARREG,SIN,HT_DCPERIOD,VAR,TRIX,COS,TAN
1762,min,-1.0,49.84456285714283,-0.9999971881426474,17.96906366466015,0.051846580009168974,-0.16523753567073696,-0.9999866091428177,-117.04855712800756
1762,max,1.9444695514631145,11.250848571428584,1.9954629952197647,11.937768868557885,4.786414407998109,0.2941525923611299,1.9999306154626746,538.7328688182167
