stock,minmax,BOP,LINEARREG,SIN,HT_DCPERIOD,VAR,TRIX,COS,TAN
1795,min,-0.9285817530064753,126.13132857142865,-0.9998837369464793,13.721527980222259,2.0123270535659685,0.016442658520499087,-0.999294352663557,-65.5731833673414
1795,max,1.9285817530064753,121.95863714285723,1.9993168521961486,13.65538243125263,441.9987305047871,0.42567615261328573,1.99697866688857,95.25926707763614
