stock,minmax,BOP,LINEARREG,SIN,HT_DCPERIOD,VAR,TRIX,COS,TAN
2002,min,-1.0,24.036625714285655,-0.48849674136232635,14.14929308005958,0.00559893600018313,-0.36022916942946015,-0.9997808942874409,-18.97130667630699
2002,max,2.0,4.514854285714353,1.4880456479100181,20.02793608360075,0.42602918639943255,0.3794447037745119,1.9996232114528776,52.25295071312043
