stock,minmax,BOP,LINEARREG,SIN,HT_DCPERIOD,VAR,TRIX,COS,TAN
2006,min,-1.0,42.976517142857155,-0.9995770283230144,17.346306554882254,0.02542914640480376,-0.4392486158986131,-0.9996486253292503,-16.615053419029152
2006,max,1.0,49.299731428571405,0.9966311526678616,37.47445857221538,2.765838593605622,-0.06042219399837734,0.9988239673645193,34.37095141347599
