stock,minmax,BOP,LINEARREG,SIN,HT_DCPERIOD,VAR,TRIX,COS,TAN
2027,min,-0.9443239334779476,23.93774000000001,-0.9999978579835861,14.501310488882616,0.007903641601160416,-0.5255009802792365,-0.9740149401397968,-483.1399024193375
2027,max,0.9535024520191325,31.912768571428543,0.997504448124071,35.993514135044784,2.5241170656012173,0.1220666166062534,0.9997971723097405,13.356549965959921
