stock,minmax,BOP,LINEARREG,SIN,HT_DCPERIOD,VAR,TRIX,COS,TAN
2027,min,-0.9445300462249613,24.71407142857141,-0.9997725197148802,14.501112626566005,0.008429749596643887,-0.5255009356147533,-0.9991026902621069,-17.231036509838546
2027,max,1.897972053965081,8.233762857142885,1.9811361771976905,21.491854182084204,2.6821634120007047,0.6475706696798533,1.9990862937002198,64.105791993781
