stock,minmax,BOP,LINEARREG,SIN,HT_DCPERIOD,VAR,TRIX,COS,TAN
2059,min,-1.0,375.9510685714283,-0.9964714643907111,16.04171200868074,1.280640358076198,-0.12148835311546202,-0.9990742235884905,-30.06694219157165
2059,max,1.0,464.3216057142856,0.9996627808678072,36.03914351984333,557.473142938019,0.1764148582445113,0.9962067130676608,38.496304247879365
