stock,minmax,BOP,LINEARREG,SIN,HT_DCPERIOD,VAR,TRIX,COS,TAN
2059,min,-1.0,375.9510685714283,-0.9964714643907111,16.04171200868074,1.280640358076198,-0.12148835311546202,-0.9990742235884905,-30.06694219157165
2059,max,2.0,88.3705371428573,1.9961342452585185,19.99743151116259,556.1925025799428,0.29790321135997333,1.9952809366561515,68.563246439451
