stock,minmax,BOP,LINEARREG,SIN,HT_DCPERIOD,VAR,TRIX,COS,TAN
2103,min,-1.0,22.72153142857143,-0.99886995404868,11.764895387433027,0.0008760959991604977,-0.23047351598329824,-0.6651874993954262,-5.295111524193998
2103,max,0.9544827586206901,27.08643714285714,0.9952469826075536,35.72689373074835,0.5436153735992093,0.05391130564151858,0.9997761615500325,21.01689855477056
