stock,minmax,BOP,LINEARREG,SIN,HT_DCPERIOD,VAR,TRIX,COS,TAN
2103,min,-1.0,23.27261428571429,-0.9991035885981369,11.76510371219848,0.0009215999972411737,-0.2304729135634842,-0.9785626266286389,-50.087411091906176
2103,max,1.954526621089703,4.4707400000000135,1.998904345619839,23.961344071613595,0.5694076024004744,0.28438457393507033,1.9785348101230835,85.74451218813385
