stock,minmax,BOP,LINEARREG,SIN,HT_DCPERIOD,VAR,TRIX,COS,TAN
2105,min,-1.0,29.601488571428597,-0.99999588215293,13.364859884270576,0.009916858399265038,-0.11854898588888885,-0.9999996120864458,-849.5181760200412
2105,max,1.0,37.36064857142854,0.99999930717396,36.33285658560924,2.1628397135982596,0.13702002706961203,0.9992091400418964,71.30744086652007
