stock,minmax,BOP,LINEARREG,SIN,HT_DCPERIOD,VAR,TRIX,COS,TAN
2106,min,-1.0,27.143162857142865,-0.9987387282703398,16.56862847180063,0.004135042400776001,-0.18262352771564183,-0.9999764283065254,-32.909368016157195
2106,max,2.0,6.846305714285695,1.9986445712677239,13.437405262140324,1.5262650751999445,0.5139186404139351,1.9927579195735206,105.77588641498969
