stock,minmax,BOP,LINEARREG,SIN,HT_DCPERIOD,VAR,TRIX,COS,TAN
2206,min,-1.0,32.16084571428571,-0.9999689176192755,18.70132082287529,0.007058826403408602,-0.016332371604976803,-0.9999802757744957,-126.82875811073482
2206,max,1.9500307188203974,8.413551428571395,1.9996803825297802,10.895247231509774,2.261281411997061,0.482817133533453,1.9999802271514435,168.4477624486196
