stock,minmax,BOP,LINEARREG,SIN,HT_DCPERIOD,VAR,TRIX,COS,TAN
2206,min,-1.0,30.927085714285706,-0.9995384270872443,18.70133437152556,0.0065277416003937105,-0.016330921029483747,-0.9999899611853729,-32.90140623767018
2206,max,0.9500638841567283,39.017817142857155,0.9997726763764851,29.596280617716705,2.09761716960179,0.4664847800311511,0.9999441014492235,46.89091023964274
