stock,minmax,BOP,LINEARREG,SIN,HT_DCPERIOD,VAR,TRIX,COS,TAN
2207,min,-1.0,528.1150028571428,-0.998027734341338,11.351224691941589,1.9378196501056664,-0.08299840406333914,-0.9997827635045538,-22.581352358267917
2207,max,1.0,605.1064057142855,0.9990208890422311,21.321473494439914,230.8863350842148,0.09296255343853588,0.9996599974540066,20.14936621754808
