stock,minmax,BOP,LINEARREG,SIN,HT_DCPERIOD,VAR,TRIX,COS,TAN
2233,min,-1.0,82.58648285714295,-0.9996693434032422,20.27285704554092,0.03937630396649183,-0.3352177357756392,-0.9998567292521897,-38.87663649741561
2233,max,2.0,28.296948571428587,1.9984744347275498,16.15861577904605,49.14122168240101,0.5657304476619163,1.9993581348793772,59.3141551696051
