stock,minmax,BOP,LINEARREG,SIN,HT_DCPERIOD,VAR,TRIX,COS,TAN
2233,min,-1.0,79.25792857142856,-0.9999698246713931,20.272925358234797,0.03626552160585561,-0.3352173355142263,-0.9924079778957268,-35.65557066092123
2233,max,1.0,106.4143057142856,0.999606939767698,36.43047302092147,45.29630796161109,0.23051292232938447,0.999747087971057,128.7209300877939
