stock,minmax,BOP,LINEARREG,SIN,HT_DCPERIOD,VAR,TRIX,COS,TAN
2301,min,-1.0,50.709782857142805,-0.9999543346600513,14.86973141976483,0.03912980239329045,-0.22485956958504527,-0.9979115895475509,-6.998057828993449
2301,max,2.0,13.349097142857211,1.9999217014602102,22.23171094468796,6.1840030552020835,0.4335833593039906,1.9977184741479572,130.77636600694882
