stock,minmax,BOP,LINEARREG,SIN,HT_DCPERIOD,VAR,TRIX,COS,TAN
2301,min,-1.0,49.77070571428576,-0.9997061466862821,14.869737216632107,0.037694414396810316,-0.2248584979813617,-0.9991323302816114,-41.24050506249747
2301,max,1.0,62.87261714285715,0.9988642822359113,37.100911684775326,5.994790865595405,0.2087239303719013,0.9975985009621242,20.964264022603416
