stock,minmax,BOP,LINEARREG,SIN,HT_DCPERIOD,VAR,TRIX,COS,TAN
2303,min,-0.9375167605256083,33.06762857142861,-0.9999960364366495,16.757744078026153,0.019641716005708076,-0.30894395873404257,-0.9970920294498556,-63.781930007642046
2303,max,1.9375167605256083,11.200517142857159,1.999873152636396,20.95149661052321,3.3183680223994543,0.47123517240046375,1.997029442675056,418.95563786160176
