stock,minmax,BOP,LINEARREG,SIN,HT_DCPERIOD,VAR,TRIX,COS,TAN
2303,min,-0.937495575847665,31.318328571428566,-0.9998796367918696,16.757908688093472,0.01761673359760607,-0.3089438568294245,-0.9994214031776233,-8.51645848094082
2303,max,1.0,41.926377142857135,0.998615736643121,37.70909812902909,2.994141927998953,0.16229125934210664,0.9958361290525802,64.44643779489236
