stock,minmax,BOP,LINEARREG,SIN,HT_DCPERIOD,VAR,TRIX,COS,TAN
2308,min,-0.937492630392921,209.3683114285716,-0.9986267308531734,13.955948553625332,0.32768755371216685,-0.16594069211162132,-0.9986092432889615,-186.39670877077296
2308,max,1.937492630392921,79.73529999999994,1.9986123400792644,25.17659565728097,94.57901516486163,0.44506866752549445,1.9985930120421076,202.07193135447406
