stock,minmax,BOP,LINEARREG,SIN,HT_DCPERIOD,VAR,TRIX,COS,TAN
2308,min,-0.937492630392921,209.3683114285716,-0.9986267308531734,13.955948553625332,0.32768755371216685,-0.16594069211162132,-0.9986092432889615,-186.39670877077296
2308,max,1.0,289.1036114285715,0.9999856092260909,39.1325442109063,94.9067027185738,0.27912797541387313,0.9999837687531461,15.675222583701107
