stock,minmax,BOP,LINEARREG,SIN,HT_DCPERIOD,VAR,TRIX,COS,TAN
2313,min,-0.9846230820547022,38.497782857142866,-0.9997753058721393,14.306962317127766,0.0251853575991845,-0.18211722843258782,-0.9999114206469308,-47.16457698411718
2313,max,1.9846230820547022,9.716014285714294,1.9995811061781916,14.244737734959255,5.11683381280136,0.36891514262439307,1.999530643463439,97.89838598144829
