stock,minmax,BOP,LINEARREG,SIN,HT_DCPERIOD,VAR,TRIX,COS,TAN
2313,min,-0.9846230820547022,38.497782857142866,-0.9997753058721393,14.306962317127768,0.0251853575991845,-0.18211722843258782,-0.9999114206469308,-47.164576984117176
2313,max,1.0,48.21379714285716,0.9998058003060524,28.55170005208703,5.142019170400545,0.18679791419180525,0.9996192228165081,50.7338089973311
