stock,minmax,BOP,LINEARREG,SIN,HT_DCPERIOD,VAR,TRIX,COS,TAN
2317,min,-1.0,92.8470885714285,-0.9957956234713499,15.136794841107562,0.03461088159747305,-0.10041794272213078,-0.9644538101501414,-10.87079682299681
2317,max,1.0,104.83161714285716,0.9997607312873182,27.2498820403881,6.695226270410785,0.12987263818049488,0.9964770170488434,45.70504069623825
