stock,minmax,BOP,LINEARREG,SIN,HT_DCPERIOD,VAR,TRIX,COS,TAN
2327,min,-1.0,322.1447085714285,-0.999945414812029,16.406369058507753,-1.4551915228366852e-11,-0.43630145275384,-0.999925860368097,-95.70393989376481
2327,max,2.0,142.5093514285715,1.9970935278776423,15.537303146973915,608.5459702662047,0.5884352092288658,1.9998594408260781,126.17392102007895
