stock,minmax,BOP,LINEARREG,SIN,HT_DCPERIOD,VAR,TRIX,COS,TAN
2327,min,-1.0,262.55132571428567,-0.999124849666369,16.406345211987492,-1.4551915228366852e-11,-0.43630158350381754,-0.9993785476266731,-6.740853723566939
2327,max,1.0,378.6979685714284,0.9970629318224912,31.94364209805132,404.22220158952405,0.15213403038545348,0.9999999055435931,23.886827346260137
