stock,minmax,BOP,LINEARREG,SIN,HT_DCPERIOD,VAR,TRIX,COS,TAN
2330,min,-1.0,359.10966571428537,-0.9995245836564284,19.885923642338728,7.1607733906421345,-0.39587238662168733,-0.9999006725566651,-1313.100344244101
2330,max,1.0,502.9204285714284,0.9999997100160342,34.748109110849306,766.551482901501,-0.01734523924041831,0.9999915427325915,32.41851016558816
