stock,minmax,BOP,LINEARREG,SIN,HT_DCPERIOD,VAR,TRIX,COS,TAN
2330,min,-1.0,360.7147599999999,-0.998189513989856,19.88590874612421,7.225036803924013,-0.39587356743653324,-0.9936467618582481,-42.38128709922259
2330,max,1.0,505.1686657142861,0.9998040979485029,34.748439126928645,773.4182260518719,-0.017345244776068025,0.9997015694823281,50.51282916255329
