stock,minmax,BOP,LINEARREG,SIN,HT_DCPERIOD,VAR,TRIX,COS,TAN
2337,min,-0.9811239255323739,25.309840000000012,-0.9999983251677871,14.389369802042097,0.022023178401468613,-0.33154956967408333,-0.9994697708530245,-48.8631955095164
2337,max,1.0,32.60752285714288,0.9997906514876876,25.922334585528972,3.1615623864009876,0.06882929738818433,0.999946196103745,546.3850451762786
