stock,minmax,BOP,LINEARREG,SIN,HT_DCPERIOD,VAR,TRIX,COS,TAN
2338,min,-1.0,49.68045714285715,-0.9920544838312065,16.474147432990847,0.033648841611466196,-0.46867942126004314,-0.9956637057767045,-268.7281379026514
2338,max,1.0,81.14938285714284,0.9999930762845921,37.929601142697024,28.706726458411595,-0.017246453909325332,0.9999951212963694,27.79352362242835
