stock,minmax,BOP,LINEARREG,SIN,HT_DCPERIOD,VAR,TRIX,COS,TAN
2338,min,-1.0,50.8614771428571,-0.9995061633908119,16.474176374252963,0.035269283985144284,-0.468678866662009,-0.9996549905153721,-31.807714305485412
2338,max,1.0,83.07845428571437,0.9964711615184824,37.92945165289895,30.087565138386253,-0.017246640611012776,0.9998927356647526,28.867355231404424
