stock,minmax,BOP,LINEARREG,SIN,HT_DCPERIOD,VAR,TRIX,COS,TAN
2345,min,-1.0,197.84935428571433,-0.9993596269052719,14.87603230081907,1.3504210664250422,-0.128031588601063,-0.999947459156769,-13.330322410256347
2345,max,1.0,280.22762857142845,0.9997903079322199,30.775134489395548,285.3804865520142,0.3907751180903585,0.9990257022213618,48.82313825568421
