stock,minmax,BOP,LINEARREG,SIN,HT_DCPERIOD,VAR,TRIX,COS,TAN
2345,min,-1.0,201.8063,-0.9999985528446798,14.876056723354179,1.4049607336201007,-0.1280315453513592,-0.9998030712420845,-95.58052751401223
2345,max,2.0,84.02585999999982,1.999943826617863,15.899247616138691,295.5048614640109,0.5188066294349425,1.9997727846167548,683.3769764342004
