stock,minmax,BOP,LINEARREG,SIN,HT_DCPERIOD,VAR,TRIX,COS,TAN
2347,min,-1.0,46.855082857142875,-0.9985950939113197,13.602245785506833,0.011293486402792041,-0.43673410101010557,-0.9972030220966962,-18.84531374661118
2347,max,0.8666861783858919,53.28276285714283,0.9851108411069067,36.52976369618607,1.5396039056045083,0.01195663897837207,0.9995127720884683,7.697659005549117
