stock,minmax,BOP,LINEARREG,SIN,HT_DCPERIOD,VAR,TRIX,COS,TAN
2347,min,-1.0,48.584054285714245,-0.999957417122278,13.602268663878752,0.012136070403812482,-0.4367353538417662,-0.9996574513397596,-108.35616553239775
2347,max,1.8666384419983066,6.664851428571502,1.9994155628398587,22.928782859298437,1.6431585191999147,0.4486919802757505,1.995417629922058,114.71521639224886
