stock,minmax,BOP,LINEARREG,SIN,HT_DCPERIOD,VAR,TRIX,COS,TAN
2351,min,-1.0,76.6497857142856,-0.9998451596565741,13.831084370435008,0.5973845079788589,-0.4397810706644023,-0.9999986269697465,-35.05764158923354
2351,max,1.0,118.82828285714282,0.999586225484228,24.466050353924672,165.00120394957412,-0.013455090930036828,0.9986135238752054,56.81885791268297
