stock,minmax,BOP,LINEARREG,SIN,HT_DCPERIOD,VAR,TRIX,COS,TAN
2351,min,-1.0,78.36187428571421,-0.9978079584724444,13.831083673339512,0.6243806176407816,-0.43978131272085497,-0.9999944630826272,-12.187461711963392
2351,max,2.0,43.1206057142858,1.9951244782221402,10.635009335032953,171.82955343279355,0.42632594244585986,1.9996023291116387,27.26552998216011
