stock,minmax,BOP,LINEARREG,SIN,HT_DCPERIOD,VAR,TRIX,COS,TAN
2352,min,-1.0,23.30371428571427,-0.9997866910456071,16.221690233684257,0.010833885599367932,-0.16719925738059027,-0.9999910371336893,-48.4073123847653
2352,max,2.0,5.4178599999999975,1.9993908561474447,13.932793105890013,0.677963312800216,0.28212197174303233,1.9998718237302378,83.93762269390331
