stock,minmax,BOP,LINEARREG,SIN,HT_DCPERIOD,VAR,TRIX,COS,TAN
2352,min,-1.0,22.563894285714255,-0.9997866910456071,16.22189234855286,0.010162713599925155,-0.16720048006297894,-0.7926509383812805,-48.4073123847653
2352,max,1.0,27.80980285714283,0.9994641740879152,30.153360746020127,0.6457771263998211,0.11492188185533436,0.9992262336677828,30.53504483214409
