stock,minmax,BOP,LINEARREG,SIN,HT_DCPERIOD,VAR,TRIX,COS,TAN
2357,min,-1.0,211.49466571428562,-0.9999439895756208,15.589692033522937,0.7262452663853765,-0.26241923540805123,-0.9991051589194361,-94.47835569405777
2357,max,1.0,260.5618771428571,0.9999481630908326,32.406523501257396,119.36269767995691,-0.047578610839948965,0.9997614373050395,98.20838473502562
