stock,minmax,BOP,LINEARREG,SIN,HT_DCPERIOD,VAR,TRIX,COS,TAN
2357,min,-1.0,219.09599999999992,-0.9988422027588396,15.589663789781397,0.7794214399182238,-0.2624195272880381,-0.9996980362432092,-20.76306068795525
2357,max,2.0,50.8307514285714,1.9976826377863075,16.81674879253714,127.31758591992548,0.21484073348816413,1.999697904017342,27.74934570621402
