stock,minmax,BOP,LINEARREG,SIN,HT_DCPERIOD,VAR,TRIX,COS,TAN
2360,min,-1.0,125.65824571428563,-0.9985704148919434,16.054485442710195,0.08987039995554369,-0.2159732981214968,-0.9998959566869917,-77.00353672147725
2360,max,1.9444424909455305,65.22205999999998,1.9984861020493425,11.593924742328468,92.16501513996263,0.5850277501848633,1.999076077140691,95.68513203481453
