stock,minmax,BOP,LINEARREG,SIN,HT_DCPERIOD,VAR,TRIX,COS,TAN
2368,min,-1.0,70.90864857142856,-0.9992068341863537,13.938617357922112,-1.8189894035458565e-12,-0.10309991446013633,-0.9997794735190293,-89.32441459700875
2368,max,2.0,26.998565714285647,1.999144174412038,18.037849778349475,60.060900248002326,0.22269163536967618,1.9994743032482338,124.4832266035424
