stock,minmax,BOP,LINEARREG,SIN,HT_DCPERIOD,VAR,TRIX,COS,TAN
2376,min,-1.0,69.66793142857144,-0.9988679365062005,17.20955687120788,0.07667887600291579,-0.4986716585220319,-0.9999343627805092,-27.47551261836901
2376,max,0.9642643540669891,104.87582285714291,0.9998978907233209,34.239923849112984,23.479112297602114,0.33706328658376083,0.9999565347531162,69.97117085452074
