stock,minmax,BOP,LINEARREG,SIN,HT_DCPERIOD,VAR,TRIX,COS,TAN
2377,min,-1.0,86.7458685714285,-0.9999561880544167,17.076385572770562,0.1848964503624302,-0.2854903141620735,-0.9999989596958112,-106.82538373392703
2377,max,0.8749902498634977,124.83222857142853,0.9997729639091781,28.0515475907407,49.62220196637827,0.1510706839160436,0.9984914476520848,41.616150180439746
