stock,minmax,BOP,LINEARREG,SIN,HT_DCPERIOD,VAR,TRIX,COS,TAN
2377,min,-1.0,84.06910857142863,-0.9984687952692387,17.07636312495967,0.17365024797072692,-0.2854901196938098,-0.9999976734081559,-18.04966640946229
2377,max,0.8750067070880494,120.98032000000005,0.9986981573989906,28.051432126085544,46.607391394372826,0.1510709544464417,0.9984287742909774,19.578589602306703
