stock,minmax,BOP,LINEARREG,SIN,HT_DCPERIOD,VAR,TRIX,COS,TAN
2379,min,-1.0,227.6285857142854,-0.9999993640297384,16.91008903974606,0.4412361800496001,-0.42641708934270106,-0.999609531218998,-179.69750401662355
2379,max,0.9374990946096663,321.90348285714276,0.9999845162615081,32.267179792060304,232.85623144565034,-0.04000380657190883,0.9998784044344426,886.6789348669691
