stock,minmax,BOP,LINEARREG,SIN,HT_DCPERIOD,VAR,TRIX,COS,TAN
2379,min,-1.0,227.6285857142854,-0.9999993640297384,16.91008903974606,0.4412361800496001,-0.42641708934270106,-0.999609531218998,-179.69750401662355
2379,max,1.9374990946096662,94.27489714285736,1.9999838802912464,15.357090752314242,232.41499526560074,0.38641328277079223,1.9994879356534407,1066.3764388835928
