stock,minmax,BOP,LINEARREG,SIN,HT_DCPERIOD,VAR,TRIX,COS,TAN
2382,min,-1.0,60.05414857142853,-0.9999988110377718,17.974478364779575,0.02806379760568234,-0.20892427397724012,-0.9999135961963407,-350.80221602135356
2382,max,0.9411956238603809,73.52709428571427,0.999995937038554,45.05204205244364,2.857166733604572,0.10972484792814985,0.9999503834635872,648.4859721129762
