stock,minmax,BOP,LINEARREG,SIN,HT_DCPERIOD,VAR,TRIX,COS,TAN
2383,min,-1.0,130.67961428571436,-0.999696540412145,16.630063436155933,0.5196200056270754,-0.6221734109519428,-0.9990678344829009,-22.73901829810344
2383,max,2.0,51.80939714285691,1.9990121325315309,14.20432641202098,87.87803107679792,0.695721742916211,1.9985929979147812,63.321229779445574
