stock,minmax,BOP,LINEARREG,SIN,HT_DCPERIOD,VAR,TRIX,COS,TAN
2383,min,-1.0,130.67961428571436,-0.999696540412145,16.630063436155933,0.5196200056270754,-0.6221734109519428,-0.9990678344829009,-22.73901829810344
2383,max,1.0,182.48901142857127,0.9993155921193859,30.83438984817691,88.397651082425,0.07354833196426824,0.9995251634318802,40.582211481342135
