stock,minmax,BOP,LINEARREG,SIN,HT_DCPERIOD,VAR,TRIX,COS,TAN
2385,min,-1.0,66.70273428571436,-0.9999332076646507,15.901847106141341,0.02414325038989773,-0.09123017664525168,-0.9997592022331966,-86.5166971251929
2385,max,1.0,75.73219714285715,0.9999423835992954,29.487749731912366,7.353310889594468,0.10719121793860698,0.9990260598850065,93.1522120675593
