stock,minmax,BOP,LINEARREG,SIN,HT_DCPERIOD,VAR,TRIX,COS,TAN
2385,min,-1.0,66.70273428571436,-0.9999332076646507,15.901847106141341,0.02414325038989773,-0.09123017664525168,-0.9997592022331966,-86.5166971251929
2385,max,2.0,9.02946285714279,1.999875591263946,13.585902625771025,7.32916763920457,0.19842139458385866,1.998785262118203,179.6689091927522
