stock,minmax,BOP,LINEARREG,SIN,HT_DCPERIOD,VAR,TRIX,COS,TAN
2387,min,-1.0,29.15811999999999,-0.9973501214313383,15.772191350007915,0.003400335997412185,-0.20523710415336627,-0.9997450643310734,-13.888662464232738
2387,max,2.0,8.883948571428547,1.9947680719265988,18.64514201036816,2.175362733599968,0.44285257216347684,1.9993007242474854,27.59771871293898
