stock,minmax,BOP,LINEARREG,SIN,HT_DCPERIOD,VAR,TRIX,COS,TAN
2388,min,-1.0,50.56792285714283,-0.9997529824182217,13.47931149877903,0.16869959837913484,-0.36814828759847984,-0.998894935486427,-37.2749768166005
2388,max,1.0,91.02825142857147,0.999640332754508,24.228963663244752,60.87573153359244,0.8049380937706907,0.9952552063314034,44.982190336130024
