stock,minmax,BOP,LINEARREG,SIN,HT_DCPERIOD,VAR,TRIX,COS,TAN
2388,min,-1.0,50.56792285714283,-0.9997529824182217,13.47931149877903,0.16869959837913484,-0.36814828759847984,-0.998894935486427,-37.27497681660051
2388,max,2.0,40.46032857142863,1.9993933151727297,10.749652164465722,60.70703193521331,1.1730863813691705,1.9941501418178305,82.25716715273053
