stock,minmax,BOP,LINEARREG,SIN,HT_DCPERIOD,VAR,TRIX,COS,TAN
2392,min,-1.0,28.22449714285714,-0.999975711105752,15.356869511774644,0.015850957600036963,-0.15562235257469137,-0.9999760625039177,-143.4740040366757
2392,max,2.0,8.596017142857143,1.9989553977918835,10.957213999331309,1.951258518399186,0.40652813773529584,1.9956892911684025,163.56889980485877
