stock,minmax,BOP,LINEARREG,SIN,HT_DCPERIOD,VAR,TRIX,COS,TAN
2393,min,-1.0,30.880171428571465,-0.9992634061510582,14.951978459395143,0.004657766401578556,-0.23268816257655534,-0.9994647750707362,-26.039397488027344
2393,max,1.0,36.36867428571424,0.9999215899796983,24.865587425539122,1.5019526760020199,-0.022974406603137876,0.9951159998104704,79.84977156990901
