stock,minmax,BOP,LINEARREG,SIN,HT_DCPERIOD,VAR,TRIX,COS,TAN
2395,min,-1.0,254.10221142857154,-0.9999836802277646,15.074450688477334,0.5836326776625356,-0.21276162931360698,-0.9982123878011256,-28.536816473599576
2395,max,2.0,57.331262857142804,1.998947659114233,15.08831470283586,103.04754862000118,0.20700624834193437,1.9938822007634291,203.57090597766643
