stock,minmax,BOP,LINEARREG,SIN,HT_DCPERIOD,VAR,TRIX,COS,TAN
2395,min,-1.0,247.6903371428571,-0.9991199262597251,15.074441025817427,0.5545414506777888,-0.21276134049634798,-0.9999771929734259,-24.261508010232653
2395,max,1.0,303.5749371428572,0.9991516374502021,30.162595449601643,98.46736722982314,-0.00575332655320393,0.997075485605133,23.81983041496272
