stock,minmax,BOP,LINEARREG,SIN,HT_DCPERIOD,VAR,TRIX,COS,TAN
2408,min,-1.0,43.68413142857142,-0.9999281671961273,18.74280823075719,0.016551305594930454,-0.3769360680746847,-0.9999747226618235,-21.433919427838443
2408,max,0.9230586182279675,59.15900000000004,0.9995511102006475,30.476949971378055,8.706092859994442,0.2295100159499075,0.9962929116980906,83.42576435342843
