stock,minmax,BOP,LINEARREG,SIN,HT_DCPERIOD,VAR,TRIX,COS,TAN
2409,min,-1.0,13.961445714285698,-0.9998823382907408,15.799957546389987,8.526512829121202e-14,-0.3092464525011218,-0.9999996499397578,-65.18221255539923
2409,max,1.933388842631143,4.643937142857165,1.9972019960657517,16.298730818376416,0.5837847863999457,0.5000440202032941,1.997169259270334,95.79019874887459
