stock,minmax,BOP,LINEARREG,SIN,HT_DCPERIOD,VAR,TRIX,COS,TAN
2409,min,-1.0,13.25357428571429,-0.9988881923922597,15.799914070211122,1.7053025658242404e-13,-0.30924473820793663,-0.9997926758235011,-10.930511170968733
2409,max,0.9333784698713575,17.66203714285713,0.9999735958993285,32.09801614690514,0.5261230240001282,0.19079575003424498,0.8867965596696417,137.6070585856713
