stock,minmax,BOP,LINEARREG,SIN,HT_DCPERIOD,VAR,TRIX,COS,TAN
2412,min,-1.0,102.85215428571418,-0.9999298357217413,17.071151554455334,0.036956217656552326,-0.1965891577762502,-0.9993739627864174,-84.41198559477412
2412,max,2.0,19.7722857142859,1.980101938422934,17.509870735278604,4.398078259975591,0.23504170796375679,1.9925314032521115,127.43497556284399
