stock,minmax,BOP,LINEARREG,SIN,HT_DCPERIOD,VAR,TRIX,COS,TAN
2412,min,-1.0,98.95116285714282,-0.9999597824835169,17.07104086148537,0.03421020163659705,-0.19658922419155678,-0.9957011415069289,-234.29245453635693
2412,max,1.0,117.97354000000004,0.9999908914873423,34.58019788133284,4.105039234411379,0.03845311975210208,0.9824053092947777,111.49728131649782
