stock,minmax,BOP,LINEARREG,SIN,HT_DCPERIOD,VAR,TRIX,COS,TAN
2420,min,-1.0,34.30885999999998,-0.9999266080303505,17.330212204992236,0.002080226402313201,-0.09352993036735313,-0.9988729980690837,-29.071423016748543
2420,max,1.0,38.38885142857144,0.7731469715478424,35.599956843946146,0.38558355760096674,0.09482064918209243,0.9999998690083348,82.53474698202746
