stock,minmax,BOP,LINEARREG,SIN,HT_DCPERIOD,VAR,TRIX,COS,TAN
2420,min,-1.0,34.30885999999998,-0.9999266080303505,17.330212204992236,0.002080226402313201,-0.09352993036735313,-0.9988729980690837,-29.071423016748543
2420,max,2.0,4.079991428571461,1.773073579578193,18.26974463895391,0.38350333119865354,0.18835057954944556,1.9988728670774185,111.606169998776
