stock,minmax,BOP,LINEARREG,SIN,HT_DCPERIOD,VAR,TRIX,COS,TAN
2421,min,-1.0,29.828659999999996,-0.9995770762175635,17.35143713205199,0.014836313601790607,-0.24171674402722054,-0.999192859835872,-34.372898785053025
2421,max,1.0,43.799419999999984,0.9948541236154742,38.86798227637204,3.2609736016017905,0.32145458461141363,0.9980616343684727,14.590611774392617
