stock,minmax,BOP,LINEARREG,SIN,HT_DCPERIOD,VAR,TRIX,COS,TAN
2421,min,-1.0,30.795308571428567,-0.9995564750544524,17.35126493137016,0.015812761603910985,-0.24171798933709798,-0.9999983880843242,-33.56459983794353
2421,max,2.0,14.423514285714294,1.9988456062552666,21.516605846779548,3.4600176184005704,0.5631718408897424,1.999857319272804,66.20189723623017
