stock,minmax,BOP,LINEARREG,SIN,HT_DCPERIOD,VAR,TRIX,COS,TAN
2439,min,-1.0,61.63851999999999,-0.9999975520543908,19.901583148287084,0.09246920801069791,-0.19907969484627142,-0.9993266910118379,-295.857995040399
2439,max,2.0,27.016885714285714,1.9999918399035996,12.791742117583109,14.939226122404762,0.5215483932720311,1.996679663700688,747.8006398456158
