stock,minmax,BOP,LINEARREG,SIN,HT_DCPERIOD,VAR,TRIX,COS,TAN
2439,min,-1.0,59.43039714285712,-0.999941066122868,19.90164784129789,0.08597063838988106,-0.19908034393211205,-0.9998285774790643,-11.547947951810048
2439,max,1.0,85.47948571428569,0.9999858487644826,32.693850727568524,13.974216521593007,0.32246975422876023,0.9999112410066786,187.96769391620015
