stock,minmax,BOP,LINEARREG,SIN,HT_DCPERIOD,VAR,TRIX,COS,TAN
2454,min,-1.0,465.8725485714283,-0.9999982249539061,16.6100764238723,7.291444277972914,-0.3725683936447899,-0.999866286356582,-176.59047374902767
2454,max,1.0,644.7251028571434,0.9991081137722487,38.72091349918362,670.3391304989927,0.12348496599676739,0.9976805696350318,530.7372947055364
