stock,minmax,BOP,LINEARREG,SIN,HT_DCPERIOD,VAR,TRIX,COS,TAN
2454,min,-1.0,476.17915428571405,-0.9986963831611785,16.610082836837492,7.617618119344115,-0.3725683030082694,-0.9998194453059467,-17.474344190359236
2454,max,2.0,182.8093857142859,1.9971053069978941,22.11081537261515,692.7085621962324,0.49605329206756643,1.9997262617577904,37.03957983651771
