stock,minmax,BOP,LINEARREG,SIN,HT_DCPERIOD,VAR,TRIX,COS,TAN
2455,min,-1.0,51.4713771428572,-0.9999421338374477,15.607681324833624,0.09921320638113684,-0.47775163942695986,-0.9995271245697019,-92.95094554004858
2455,max,1.0,77.47705714285718,0.9999216256616443,33.19032790112966,26.480980658373483,0.01947650102784859,0.9999563976559198,79.86794847670122
