stock,minmax,BOP,LINEARREG,SIN,HT_DCPERIOD,VAR,TRIX,COS,TAN
2458,min,-1.0,71.09749428571428,-0.9999886109722798,14.018305254646704,0.16330864246447163,-0.5060456265053026,-0.9999756143438309,-209.52602191277046
2458,max,0.8888750104088629,107.88874857142847,0.9997257640318569,27.19929055142915,29.402484141668538,-0.2008992531978504,0.9997750977315434,52.6308597016201
