stock,minmax,BOP,LINEARREG,SIN,HT_DCPERIOD,VAR,TRIX,COS,TAN
2458,min,-1.0,73.10796571428571,-0.9998557187206029,14.018392046413233,0.17266857841786987,-0.5060451784740905,-0.999661297530276,-58.86172839634473
2458,max,0.8888528971130085,110.93953714285713,0.9997926345626037,27.199340545389703,31.08889869362065,-0.20089953204170952,0.9994295233008902,23.339290951242976
