stock,minmax,BOP,LINEARREG,SIN,HT_DCPERIOD,VAR,TRIX,COS,TAN
2458,min,-1.0,73.10796571428571,-0.9998557187206029,14.018392046413233,0.17266857841786987,-0.5060451784740905,-0.999661297530276,-58.86172839634473
2458,max,1.8888528971130085,37.83157142857142,1.9996483532832066,13.18094849897647,30.91623011520278,0.30514564643238096,1.9990908208311662,82.2010193475877
