stock,minmax,BOP,LINEARREG,SIN,HT_DCPERIOD,VAR,TRIX,COS,TAN
2474,min,-1.0,138.17358571428565,-0.9997206744204095,14.246182603183469,0.08515598405938363,0.06346579549765252,-0.998542928497825,-15.489355062862026
2474,max,2.0,35.22638285714274,1.9997185860681204,15.924069425076238,12.567982341610332,0.15158582036429724,1.998412714852929,504.79749505528474
