stock,minmax,BOP,LINEARREG,SIN,HT_DCPERIOD,VAR,TRIX,COS,TAN
2474,min,-1.0,135.21477428571424,-0.9960314788658936,14.246383731407986,0.08154090002426528,0.063466050778338,-0.9997177450943517,-11.191157874517057
2474,max,1.0,169.68702571428574,0.9777289422192074,30.17202587918721,12.11697774001368,0.215051644003994,0.999988226025356,8.52216205157029
