stock,minmax,BOP,LINEARREG,SIN,HT_DCPERIOD,VAR,TRIX,COS,TAN
2476,min,-1.0,37.47084000000005,-0.9999931580542731,16.044257273275942,0.02265777600223373,-0.31054826086091003,-0.9999820611785717,-270.3292012364795
2476,max,1.952374684077506,17.922925714285633,1.999992340409829,14.542338089289533,6.372613871998965,0.7001027193209608,1.9989875189720796,1052.3215266048437
