stock,minmax,BOP,LINEARREG,SIN,HT_DCPERIOD,VAR,TRIX,COS,TAN
2476,min,-1.0,36.57729714285714,-0.9999726262181695,16.04434520997927,0.021586955994735035,-0.3105477857591743,-0.9999416319936959,-135.14770806653212
2476,max,0.9523976482010884,54.07284857142851,0.9901851028467452,30.58670358591072,6.0941390295961355,0.38955520350900663,0.9999970915078946,31.835830962357136
