stock,minmax,BOP,LINEARREG,SIN,HT_DCPERIOD,VAR,TRIX,COS,TAN
2481,min,-1.0,48.19830285714285,-0.9999626473040505,17.12730655562539,0.1084137416073645,-0.5691392454778565,-0.9999978899786465,-115.69427235869234
2481,max,1.0,66.46762000000007,0.9997619267182752,30.124546554002002,17.306724844006112,-0.011536047000548777,0.9992838904978837,13.811217167814464
