stock,minmax,BOP,LINEARREG,SIN,HT_DCPERIOD,VAR,TRIX,COS,TAN
2497,min,-1.0,60.43329714285718,-0.9995787357848682,15.759359667776932,0.10361832238504576,-0.35063278531438646,-0.9999535395911852,-858.1519773453686
2497,max,1.0,88.59419714285715,0.999999321044756,30.565931471396347,40.25995270158819,0.20476786411447456,0.9999732894271272,34.440581014899394
