stock,minmax,BOP,LINEARREG,SIN,HT_DCPERIOD,VAR,TRIX,COS,TAN
2504,min,-0.9444791796923853,19.231314285714287,-0.8040948889372127,16.349547849347395,0.005211141599772873,-0.23233353173697235,-0.9990605976334854,-59.34948487092321
2504,max,0.9231168831168778,22.77294571428572,0.9998580799889032,42.617764260347485,0.35640853999967703,0.07001777043893487,0.8195081688237346,36.28549412580651
