stock,minmax,BOP,LINEARREG,SIN,HT_DCPERIOD,VAR,TRIX,COS,TAN
2542,min,-0.9284578696343373,32.32496571428574,-0.9999838433659397,15.141999843622242,0.003580825601147808,-0.10666053094223749,-0.9999855234740439,-175.91557625564843
2542,max,1.0,40.67723428571427,0.9968035331072047,33.81746240548942,0.5408889136008384,0.18448258947942886,0.9992974013348433,110.91687656346662
