stock,minmax,BOP,LINEARREG,SIN,HT_DCPERIOD,VAR,TRIX,COS,TAN
2542,min,-0.9284578696343373,32.32496571428574,-0.9999838433659397,15.141999843622242,0.003580825601147808,-0.10666053094223749,-0.9999855234740439,-175.91557625564843
2542,max,1.9284578696343373,8.352268571428532,1.9967873764731445,18.675462561867178,0.5373080879996905,0.29114312042166635,1.9992829248088873,286.832452819115
