stock,minmax,BOP,LINEARREG,SIN,HT_DCPERIOD,VAR,TRIX,COS,TAN
2542,min,-0.928634516869814,29.092491428571453,-0.9987716694636015,15.141931158166898,0.0029025160047240206,-0.10666178583299546,-0.9911445366794843,-20.157051159488823
2542,max,1.0,36.60947714285712,0.9933461734061358,33.815871097468936,0.4381108024045943,0.18448338519148066,0.9991931549142028,11.71832097049841
