stock,minmax,BOP,LINEARREG,SIN,HT_DCPERIOD,VAR,TRIX,COS,TAN
2548,min,-1.0,68.2596828571428,-0.9963788539068377,15.603680188146715,0.006236505594642949,-0.08798162008779586,-0.9993886479603168,-4.16445868382875
2548,max,2.0,7.352334285714349,1.9963606451252307,13.09994400675345,1.5640810527984286,0.21240202622055948,1.9988288601543838,169.87060887585977
