stock,minmax,BOP,LINEARREG,SIN,HT_DCPERIOD,VAR,TRIX,COS,TAN
2548,min,-1.0,68.2596828571428,-0.9963788539068377,15.603680188146715,0.006236505594642949,-0.08798162008779586,-0.9993886479603168,-4.16445868382875
2548,max,1.0,75.61201714285716,0.9999817912183929,28.703624194900165,1.5703175583930715,0.12442040613276362,0.9994402121940671,165.70615019203103
