stock,minmax,BOP,LINEARREG,SIN,HT_DCPERIOD,VAR,TRIX,COS,TAN
2603,min,-1.0,70.08119428571428,-0.9934759831782326,18.719976611010253,1.6370904631912708e-11,-0.7167545923669305,-0.9988990957271743,-80.20024339309433
2603,max,1.0,125.62671142857147,0.9999222736998571,33.66804080287692,28.30673050241603,-0.179537947852082,0.9956966411012836,11.943214407960966
