stock,minmax,BOP,LINEARREG,SIN,HT_DCPERIOD,VAR,TRIX,COS,TAN
2603,min,-1.0,73.75803714285715,-0.9999999131725966,18.7199864280963,0.0,-0.7167548740301122,-0.9998659847946035,-2399.6978767299584
2603,max,2.0,58.459739999999925,1.9890249918749239,14.947975305086196,31.354732717603838,0.5372166666601674,1.9998536029704135,2443.553824504277
