stock,minmax,BOP,LINEARREG,SIN,HT_DCPERIOD,VAR,TRIX,COS,TAN
2609,min,-0.9393793073175009,41.30291999999995,-0.9996671772178087,15.031554871381283,0.06976011759593348,-0.5627186353888258,-0.9997459943801483,-229.85182890464975
2609,max,1.0,63.36954285714282,0.9999905361486164,35.51990950015443,12.624736843996743,-0.09902887515031988,0.9999613053232259,38.749852207337476
