stock,minmax,BOP,LINEARREG,SIN,HT_DCPERIOD,VAR,TRIX,COS,TAN
2610,min,-1.0,15.189625714285722,-0.9998823382907408,12.52581172899266,0.00599227439971628,-0.44305978897764,-0.9998108269999401,-65.18221255539923
2610,max,1.0,22.43446,0.9995633640880665,29.642127060312767,1.5592325063996668,-0.12363644229472781,0.999520903721272,33.82852160581429
