stock,minmax,BOP,LINEARREG,SIN,HT_DCPERIOD,VAR,TRIX,COS,TAN
2618,min,-1.0,21.48164,-0.9999057421597874,15.229088060564251,0.011080330400773164,-0.4839664404168609,-0.9985459206973941,-18.83064170936115
2618,max,2.0,12.545168571428562,1.9998088206726754,15.784820343269303,3.954893107998714,0.561328233144498,1.997821213913269,91.65816765298979
