stock,minmax,BOP,LINEARREG,SIN,HT_DCPERIOD,VAR,TRIX,COS,TAN
2634,min,-1.0,29.04996,-0.9991608555037795,16.45072662701861,0.007839595999939775,-0.20289624614852064,-0.9961112103675339,-24.39456993987734
2634,max,0.7930531231757152,35.64233142857145,0.9893933166236978,24.924277880680684,1.6188231575997634,0.20894163732820825,0.9999977389233895,18.320278587850833
