stock,minmax,BOP,LINEARREG,SIN,HT_DCPERIOD,VAR,TRIX,COS,TAN
2640,min,-1.0,71.0648485714285,-0.994084145036616,14.779458031419018,0.006727112003318325,-0.06988281788216089,-0.9999488302714797,-8.130436562390233
2640,max,2.0,11.157751428571558,1.986605055855683,9.87171448033843,3.1155314615989482,0.27317731167202375,1.9964723164145726,17.282997896837674
