stock,minmax,BOP,LINEARREG,SIN,HT_DCPERIOD,VAR,TRIX,COS,TAN
2707,min,-1.0,149.41094285714283,-0.9979016656862068,15.60382318231796,0.050938677584781544,0.07346101706213748,-0.9969251582370728,-52.26818074029368
2707,max,0.9473693230505569,200.0701085714286,0.999834123978527,24.733726865337236,170.78302096241532,0.23032207902478063,0.9999895698098094,54.895805568019135
