stock,minmax,BOP,LINEARREG,SIN,HT_DCPERIOD,VAR,TRIX,COS,TAN
2707,min,-1.0,149.41094285714283,-0.9979016656862068,15.60382318231796,0.050938677584781544,0.07346101706213748,-0.9969251582370728,-52.26818074029368
2707,max,1.9473693230505569,50.65916571428576,1.9977357896647336,9.129903683019275,170.73208228483054,0.15686106196264316,1.9969147280468822,107.16398630831281
