stock,minmax,BOP,LINEARREG,SIN,HT_DCPERIOD,VAR,TRIX,COS,TAN
2723,min,-1.0,90.98015714285717,-0.9986317925637311,16.710608248964668,0.12534122157558159,-0.03232710684938356,-0.9980936073990033,-19.096906386369334
2723,max,2.0,20.03819999999996,1.997705432938909,11.631113622074196,13.752271400004247,0.36853885618065574,1.9940355125073848,42.31322179320094
