stock,minmax,BOP,LINEARREG,SIN,HT_DCPERIOD,VAR,TRIX,COS,TAN
2727,min,-1.0,101.54687142857145,-0.9888471355054558,15.196258196461796,0.03219871359397075,-0.00849682530457141,-0.9978067429119681,-6.90550826569947
2727,max,2.0,44.32739142857142,1.9785239681989188,18.479872766581302,58.921052667974436,0.31360424157174105,1.9957369817523807,10.285490495750764
