stock,minmax,BOP,LINEARREG,SIN,HT_DCPERIOD,VAR,TRIX,COS,TAN
2727,min,-1.0,95.20810571428568,-0.9999327773031477,15.196231747182253,0.028304697625571862,-0.008496773365140875,-0.9851538936729218,-11.446888646577607
2727,max,1.0,136.7685457142857,0.9962058201288834,33.676189706003775,51.82282731044688,0.30510771809606485,0.9997080426522027,86.23928351243946
