stock,minmax,BOP,LINEARREG,SIN,HT_DCPERIOD,VAR,TRIX,COS,TAN
2731,min,-0.9428606499524352,68.49932000000003,-0.9999638579922708,15.183451598264199,0.03952430161007214,-0.18100901413866666,-0.9999938692406728,-117.61618607777694
2731,max,0.9500026851404367,99.04870857142858,0.9998797949321274,32.47299560399592,17.02322707041094,0.08244826373378089,0.9997254109599978,64.48882396786345
