stock,minmax,BOP,LINEARREG,SIN,HT_DCPERIOD,VAR,TRIX,COS,TAN
2731,min,-0.9428529754959175,72.05775999999992,-0.9999796010549868,15.183516151173276,0.04373545999806083,-0.18100910870214593,-0.9998081817471512,-156.55772582393985
2731,max,1.8928733961616333,32.13638571428582,1.9977209143531636,17.28952578403324,18.794164973598527,0.2634570859547547,1.9996537223194124,275.6312695927154
