stock,minmax,BOP,LINEARREG,SIN,HT_DCPERIOD,VAR,TRIX,COS,TAN
2732,min,-1.0,85.85662571428573,-0.9998626297045005,15.24175651063057,0.03377694960909139,-0.07997317236027035,-0.9998807611656663,-60.324514867376934
2732,max,1.0,126.44126285714287,0.9988739266733275,34.44143158167354,85.95441303441476,0.4686466539979506,0.9968352137418994,21.054001025000463
