stock,minmax,BOP,LINEARREG,SIN,HT_DCPERIOD,VAR,TRIX,COS,TAN
2732,min,-1.0,83.84128571428576,-0.9995094276640705,15.241691688852338,0.03220737841002119,-0.07997406148121389,-0.9999906353534174,-6.300305190872675
2732,max,1.0,123.47321428571435,0.9934645233670082,34.44138871490081,81.96614618001331,0.46864775561861194,0.9997603293767766,31.913441450479038
