stock,minmax,BOP,LINEARREG,SIN,HT_DCPERIOD,VAR,TRIX,COS,TAN
2732,min,-1.0,85.85662571428573,-0.9998626297045005,15.24175651063057,0.03377694960909139,-0.07997317236027035,-0.9998807611656663,-60.324514867376934
2732,max,2.0,40.58463714285715,1.9987365563778279,19.19967507104297,85.92063608480566,0.5486198263582209,1.9967159749075658,81.3785158923774
