stock,minmax,BOP,LINEARREG,SIN,HT_DCPERIOD,VAR,TRIX,COS,TAN
2753,min,-1.0,127.02432571428582,-0.9965722463689354,18.08979750116277,0.9338757560035447,0.12550818108389983,-0.9981437311950875,-1707.3977707038007
2753,max,1.0,194.73551142857147,0.9999998284856457,30.522499502134096,83.37346874158538,0.37920300628937476,0.9998541957122292,12.046516327425234
