stock,minmax,BOP,LINEARREG,SIN,HT_DCPERIOD,VAR,TRIX,COS,TAN
2812,min,-1.0,11.432279999999993,-0.9015638438710744,15.858625857932157,-5.684341886080802e-14,-0.10370903568968082,0.4326460856455459,-2.083836821326748
2812,max,2.0,1.4565800000000095,1.2700958517348084,13.586912296012603,0.044872044000015876,0.18897291321782195,0.5673514292753157,2.4802718876771475
