stock,minmax,BOP,LINEARREG,SIN,HT_DCPERIOD,VAR,TRIX,COS,TAN
2834,min,-0.8748544819557648,9.30584285714286,-0.9999991880957116,14.496915800372225,0.0002958399998931327,-0.08933495710622408,-0.9998321561346865,-23.952127579420527
2834,max,0.8748544819557597,11.110914285714284,0.14536112127687384,38.46254934928893,0.0693539423999141,0.2031861944943758,0.25362476139723483,784.7517991740798
