stock,minmax,BOP,LINEARREG,SIN,HT_DCPERIOD,VAR,TRIX,COS,TAN
2834,min,-0.8748710010319903,10.49902571428571,-0.9979671092705856,14.497285652820457,0.00037635999987628566,-0.08933549584749789,-0.5029204250444178,-8.188162763616965
2834,max,1.74974200206398,2.036517142857141,1.1260437312896663,23.96400437506538,0.08789372639995463,0.29252090305283973,1.5027764276245628,23.84719950844383
