stock,minmax,BOP,LINEARREG,SIN,HT_DCPERIOD,VAR,TRIX,COS,TAN
2881,min,-1.0,45.2789057142857,-0.9997670285284708,17.688195061110438,0.014434005600378441,-0.3248255228714303,-0.999167379513446,-6.842700737836827
2881,max,1.9655274668248242,9.697451428571412,1.9996361548536172,14.463288923624159,1.9773263167999175,0.3697512206463749,1.9991288139820185,68.64664923881072
