stock,minmax,BOP,LINEARREG,SIN,HT_DCPERIOD,VAR,TRIX,COS,TAN
2881,min,-1.0,41.921140000000015,-0.9930123487253372,17.68819631986039,0.01237740960505107,-0.32482514904661475,-0.998810013606482,-113.54925822092157
2881,max,0.9655669442664964,50.899391428571384,0.9999612228273973,32.152093366524994,1.7073604344045634,0.044926065661887726,0.9995707022180871,12.911927594126338
