stock,minmax,BOP,LINEARREG,SIN,HT_DCPERIOD,VAR,TRIX,COS,TAN
2881,min,-1.0,44.01975714285716,-0.9999526779122031,17.688278556473566,0.01364030639297198,-0.32482567329567,-0.9994318651420142,-102.78686954288999
2881,max,0.9655303896896199,53.447511428571474,0.9995879960644338,32.15177127396849,1.8825680735926653,0.044924003323210115,0.998284538532838,26.3822534609158
