stock,minmax,BOP,LINEARREG,SIN,HT_DCPERIOD,VAR,TRIX,COS,TAN
2883,min,-1.0,11.04,-0.9881000264143981,17.053706324548653,0.001599999999712054,-0.3853025570166535,0.1367372182078336,-6.42404828653625
2883,max,2.0,3.114285714285728,1.9787073821092684,22.707898827381268,0.17313747360000775,0.3347410183998645,0.8631287862774913,13.668654902631054
