stock,minmax,BOP,LINEARREG,SIN,HT_DCPERIOD,VAR,TRIX,COS,TAN
2883,min,-1.0,10.667120000000002,-0.9995831667203775,17.05401354424911,0.001496142400185363,-0.38530086893040494,-0.22035098725413213,-14.742858691666143
2883,max,1.0,13.676205714285711,0.819666955734687,39.7624436751044,0.16314433760007319,-0.050562251985353246,0.9999850362265859,34.62326383520033
