stock,minmax,BOP,LINEARREG,SIN,HT_DCPERIOD,VAR,TRIX,COS,TAN
2884,min,-1.0,20.973940000000017,-0.9997679175781519,17.25430365805083,0.003217158400957487,-0.2787774922020647,-0.9999922043873557,-82.89791507614954
2884,max,1.9090559507786966,6.007822857142845,1.9996951671767744,19.469965720344952,0.5633022751995895,0.33396430089658313,1.999953846595396,129.3054258257757
