stock,minmax,BOP,LINEARREG,SIN,HT_DCPERIOD,VAR,TRIX,COS,TAN
2884,min,-1.0,19.728191428571442,-0.9999882140344851,17.254522240101295,0.002851560000749487,-0.27877624958309033,-0.9995809367712261,-205.9674443018018
2884,max,0.9090537502554611,25.37915142857141,0.9999822854221886,36.72467019829418,0.5012550160009823,0.05518647360571727,0.9999922333681482,168.00175902683924
