stock,minmax,BOP,LINEARREG,SIN,HT_DCPERIOD,VAR,TRIX,COS,TAN
2885,min,-1.0,17.53987714285712,-0.9949400274026411,17.720509147060675,0.003987737601050867,-0.3020160343811029,-0.8917726414776832,-162.65904284310565
2885,max,2.0,3.8647457142857355,1.9949211300368843,17.363701496187062,0.5685911703993156,0.39299301535175024,1.8908926209045998,168.0218505896358
