stock,minmax,BOP,LINEARREG,SIN,HT_DCPERIOD,VAR,TRIX,COS,TAN
2886,min,-1.0,26.015968571428573,-0.9997945748221326,18.527428197211606,0.004490037600021424,-0.2574884378359177,-0.9978468698520978,-49.327743266979425
2886,max,0.8000893455438955,32.630062857142846,0.9998514370186029,28.96732208192399,0.5287717063985156,0.052538840675353526,0.9998610010176574,58.00712014123787
