stock,minmax,BOP,LINEARREG,SIN,HT_DCPERIOD,VAR,TRIX,COS,TAN
2887,min,-1.0,11.902980000000003,-0.5328547785450094,18.177933090258175,0.0017719455996143552,-0.3085505984784853,-0.7784125515854785,-62.757276392985126
2887,max,2.0,3.403534285714276,1.5328080540332392,16.09565234552051,0.13908774400007928,0.28742725938801783,1.7784114702323768,166.19939256515465
