stock,minmax,BOP,LINEARREG,SIN,HT_DCPERIOD,VAR,TRIX,COS,TAN
2890,min,-0.8889767932489465,13.054968571428567,-0.6744627119088011,18.21566867853058,0.001137375998951029,-0.15250928731891378,-0.9998457697741332,-51.98739843991079
2890,max,1.0,16.37941714285715,0.9998150504250533,31.055213320876447,0.1324152975986692,0.18809313324570365,0.9599621138151532,19.412789510314877
