stock,minmax,BOP,LINEARREG,SIN,HT_DCPERIOD,VAR,TRIX,COS,TAN
2890,min,-0.8887500000000018,13.771945714285698,-0.9976643926468657,18.215419955592775,0.001264158399635562,-0.1525080614355634,-0.9999974388101889,-13.72326222052883
2890,max,1.0,17.278962857142858,0.9999946635524942,31.055353966608124,0.14735782239938544,0.18809316777435026,0.5489160811224127,306.0956396833567
