stock,minmax,BOP,LINEARREG,SIN,HT_DCPERIOD,VAR,TRIX,COS,TAN
2890,min,-0.8887500000000018,13.771945714285698,-0.9976643926468657,18.215419955592775,0.001264158399635562,-0.1525080614355634,-0.9999974388101889,-13.72326222052883
2890,max,1.8887500000000017,3.50701714285716,1.99765905619936,12.839934011015348,0.14609366399974988,0.34060122920991365,1.5489135199326016,319.81890190388555
