stock,minmax,BOP,LINEARREG,SIN,HT_DCPERIOD,VAR,TRIX,COS,TAN
2892,min,-1.0,22.071485714285732,-0.9999972507187445,15.63609178113649,0.0014632016001314696,-0.0951917116148171,-0.9996735801033901,-22.22943110711632
2892,max,2.0,3.455457142857142,1.2650501383444936,16.07191701242373,0.21661704880000343,0.22119775197134706,1.9995604629553572,448.6857178899764
