stock,minmax,BOP,LINEARREG,SIN,HT_DCPERIOD,VAR,TRIX,COS,TAN
2912,min,-1.0,245.24850571428559,-0.9956335485239279,13.899236386979767,0.19739222625503317,-0.07484098294290309,-0.9999732116016312,-25.22607800847464
2912,max,1.0,269.0504628571427,0.9993115543917002,30.957374560365196,35.44815447351721,0.13309301712776112,0.997763190318234,26.935550382658214
