stock,minmax,BOP,LINEARREG,SIN,HT_DCPERIOD,VAR,TRIX,COS,TAN
2912,min,-1.0,253.46901428571454,-0.9999984561436186,13.89923997406493,0.2108475097338669,-0.07484074163910392,-0.9957346122244576,-8.320356339195467
2912,max,2.0,24.599642857142612,1.9998123342206426,17.058295408517093,37.65364488403429,0.20793401676106882,1.987429733488173,577.4104826335408
