stock,minmax,BOP,LINEARREG,SIN,HT_DCPERIOD,VAR,TRIX,COS,TAN
3003,min,-1.0,62.89372571428569,-0.9954869029242585,15.263477961667157,0.07747151360672433,-0.25289530479334354,-0.9992007599431074,-5.315000740377739
3003,max,1.0,80.76512571428573,0.9956925904437157,26.650566081699175,13.657228949601631,0.19500437156831918,0.998822244140664,10.739161393694808
