stock,minmax,BOP,LINEARREG,SIN,HT_DCPERIOD,VAR,TRIX,COS,TAN
3005,min,-1.0,34.530385714285764,-0.9999500086508111,12.789980291826954,0.002108521602167457,-0.26701709995101686,-0.9998585607667899,-100.00490221915254
3005,max,0.9333826794966719,42.66854857142862,0.9839523912268185,31.496641508983664,1.3314833944004931,0.10034902052733496,0.9928448451353166,86.8355158983439
