stock,minmax,BOP,LINEARREG,SIN,HT_DCPERIOD,VAR,TRIX,COS,TAN
3006,min,-0.972219855134216,60.18361714285719,-0.9999871341860578,13.227870867068791,0.29301897359164286,-0.6739975764699202,-0.999911338858064,-197.1342923251508
3006,max,1.972219855134216,24.28858857142859,1.9998363612531151,22.74538038756293,42.326686367994625,0.5602822658554385,1.9971495137804542,248.640579603633
