stock,minmax,BOP,LINEARREG,SIN,HT_DCPERIOD,VAR,TRIX,COS,TAN
3008,min,-0.9565216182837487,1551.2305114285716,-0.9999281270444547,18.099945498114824,102.18316711299121,-0.14580239379818893,-0.9999711239366722,-83.4024557739376
3008,max,0.9166663707039526,2220.4913171428575,0.9998736028103428,37.73190654251208,8923.403124712873,0.33738073021369885,0.9953160402060011,13.237187583384287
