stock,minmax,BOP,LINEARREG,SIN,HT_DCPERIOD,VAR,TRIX,COS,TAN
3022,min,-1.0,38.91914857142859,-0.9999983012059852,20.121868224515893,0.02947051199453199,-0.16000716693879147,-0.9999472115111406,-542.5179196553282
3022,max,0.962979268390298,71.30239142857144,0.9999953056755848,38.41604312398555,36.0566376903962,0.9561536404192994,0.9999909818139691,326.35999918230993
