stock,minmax,BOP,LINEARREG,SIN,HT_DCPERIOD,VAR,TRIX,COS,TAN
3025,min,-1.0,17.699985714285724,-0.9996985387269264,13.858521029629024,0.008820304000664692,-0.2612709341658914,-0.9999867314402394,-40.716555255579316
3025,max,0.9130157718655397,28.758402857142872,0.9983509170535153,33.422507070193554,6.615334202400504,0.39465837794079306,0.9993648170896048,32.20105896429493
