stock,minmax,BOP,LINEARREG,SIN,HT_DCPERIOD,VAR,TRIX,COS,TAN
3025,min,-1.0,18.589168571428566,-0.9977247769553274,13.858509758867019,0.009725874398327505,-0.26127128114403764,-0.9993430923344565,-14.798951280810758
3025,max,1.9130764563106801,11.613925714285713,1.9977162172847263,19.564120577881933,7.286987575199305,0.65592797840901,1.999294639785361,256.4861722348005
