stock,minmax,BOP,LINEARREG,SIN,HT_DCPERIOD,VAR,TRIX,COS,TAN
3025,min,-1.0,18.589168571428566,-0.9977247769553274,13.858509758867019,0.009725874398327505,-0.26127128114403764,-0.9993430923344565,-14.79895128081076
3025,max,0.9130764563106801,30.20309428571428,0.9999914403293988,33.42263033674895,7.2967134495976325,0.3946566972649723,0.9999515474509044,241.68722095398977
