stock,minmax,BOP,LINEARREG,SIN,HT_DCPERIOD,VAR,TRIX,COS,TAN
3027,min,-1.0,17.480625714285715,-0.9997701633159162,13.758646222279797,0.0013832503999537948,-0.2566235589730126,-0.9977194623352552,-46.63376242348904
3027,max,2.0,10.574754285714278,1.978557989742841,15.241207485824514,4.617842447999919,0.8139267901639102,1.9974717461136673,59.43492285125722
