stock,minmax,BOP,LINEARREG,SIN,HT_DCPERIOD,VAR,TRIX,COS,TAN
3027,min,-1.0,17.309060000000013,-0.9999997824673948,13.758548418564022,0.0013587096004812338,-0.25662223835795084,-0.9993321751729431,-38.65748402957793
3027,max,1.0,27.78002571428572,0.9996655856230763,29.000276493089785,4.528850530400177,0.5573025204808069,0.9999929909464259,1516.0822069617755
