stock,minmax,BOP,LINEARREG,SIN,HT_DCPERIOD,VAR,TRIX,COS,TAN
3027,min,-1.0,17.480625714285715,-0.9997701633159162,13.758646222279797,0.0013832503999537948,-0.2566235589730126,-0.9977194623352552,-46.63376242348904
3027,max,1.0,28.055379999999992,0.9787878264269249,28.99985370810431,4.619225698399873,0.5573032311908976,0.9997522837784122,12.801160427768183
