stock,minmax,BOP,LINEARREG,SIN,HT_DCPERIOD,VAR,TRIX,COS,TAN
3029,min,-1.0,33.36522571428572,-0.9999301975995653,13.458205947766576,0.0028302400023676455,-0.16110456413968022,-0.9999681535008182,-13.849990893985355
3029,max,1.0,37.40292285714285,0.9974035674943554,26.049025192531943,0.7175463360024423,0.060937127012161696,0.9999182326356043,84.63053498243983
