stock,minmax,BOP,LINEARREG,SIN,HT_DCPERIOD,VAR,TRIX,COS,TAN
3034,min,-0.954546886650772,181.99180285714306,-0.9999806230796889,17.389465892499242,1.0790050254072412,-0.5286366952473753,-0.9985023433695969,-160.63357095693493
3034,max,1.0,273.8223857142856,0.9998622767592306,33.82408827850452,215.90554523336323,0.22371044684956765,0.9996187263370006,60.24715209283714
