stock,minmax,BOP,LINEARREG,SIN,HT_DCPERIOD,VAR,TRIX,COS,TAN
3035,min,-1.0,117.6389657142857,-0.9999347648860955,18.01490313772082,1.1451363735468476,-0.7337126447866771,-0.9984782641684529,-87.54332556341912
3035,max,1.0,189.57329714285717,0.9999468079404543,37.83808966682297,120.63485089997994,-0.07181686701343004,0.9990366942939282,96.94920961422523
