stock,minmax,BOP,LINEARREG,SIN,HT_DCPERIOD,VAR,TRIX,COS,TAN
3037,min,-1.0,106.53528857142857,-0.9975464001714396,18.056548038588947,0.1755563224251091,-0.551598097950623,-0.9992506333228829,-14.827206249140403
3037,max,0.9000064043720509,168.98454000000007,0.999902172634453,31.89230677162137,99.49848780562752,0.06348430038733976,0.9992297145199894,71.48632262055553
