stock,minmax,BOP,LINEARREG,SIN,HT_DCPERIOD,VAR,TRIX,COS,TAN
3042,min,-1.0,62.49473142857142,-0.9989662976158298,17.993510411343713,0.05527407841236709,-0.26362071542093135,-0.9998403542493829,-43.89058764087916
3042,max,2.0,18.328822857142846,1.9987068449308882,15.600517585331382,9.882090411996614,0.28521586156601275,1.9984540515092615,58.94687926086454
