stock,minmax,BOP,LINEARREG,SIN,HT_DCPERIOD,VAR,TRIX,COS,TAN
3042,min,-1.0,62.49473142857142,-0.9989662976158298,17.993510411343713,0.05527407841236709,-0.26362071542093135,-0.9998403542493829,-43.89058764087916
3042,max,1.0,80.82355428571427,0.9997405473150583,33.594027996675095,9.937364490408982,0.0215951461450814,0.9986136972598785,15.056291619985382
