stock,minmax,BOP,LINEARREG,SIN,HT_DCPERIOD,VAR,TRIX,COS,TAN
3044,min,-1.0,78.16850857142849,-0.9994489978784586,17.848206740353223,1.0913936421275139e-11,-0.2631169497443797,-0.9994427074180261,-5.555031932493711
3044,max,0.9230508042952249,93.89833142857145,0.9979968873224979,27.71566996120746,13.484443430406827,-0.09628339088803006,0.999632663019306,30.111253565378718
