stock,minmax,BOP,LINEARREG,SIN,HT_DCPERIOD,VAR,TRIX,COS,TAN
3044,min,-1.0,81.03530285714287,-0.9987057251501128,17.848106645559,-3.637978807091713e-12,-0.2631175813386566,-0.9999711326541577,-292.0493456154087
3044,max,1.9231115660184255,16.306737142857173,1.9986998630435273,9.866910251868013,14.491793891998896,0.166833813279732,1.991816548070838,423.7882327100254
