stock,minmax,BOP,LINEARREG,SIN,HT_DCPERIOD,VAR,TRIX,COS,TAN
3081,min,-1.0,81.71877142857133,-0.9999895640196362,19.43562557117987,0.5018622576517373,-0.6920468617295783,-0.9996312559018474,-10.891167438645587
3081,max,1.0,173.84070857142856,0.9993959879102767,33.171478666227586,147.5796469744273,0.5636529137193369,0.9997602767083531,218.88448366962885
