stock,minmax,BOP,LINEARREG,SIN,HT_DCPERIOD,VAR,TRIX,COS,TAN
3081,min,-1.0,81.99580571428581,-0.9825605515975302,19.435662631150645,0.5052575480403902,-0.6920468246385258,-0.9998132250724904,-78.49634017598456
3081,max,2.0,92.43419999999995,1.982539429137634,13.735879122532918,148.07529194960443,1.255699680689526,1.9978280972859026,232.34930684622378
