stock,minmax,BOP,LINEARREG,SIN,HT_DCPERIOD,VAR,TRIX,COS,TAN
3088,min,-1.0,41.780854285714284,-0.9997068585884528,16.256725430236077,0.01545202239617538,-0.21066631218989995,-0.9999961084997718,-41.29057361356051
3088,max,1.0,53.079837142857116,0.9948713953870773,32.68979034449879,5.520245237596555,0.10520000283533726,0.9999999947109652,27.611613024982592
