stock,minmax,BOP,LINEARREG,SIN,HT_DCPERIOD,VAR,TRIX,COS,TAN
3105,min,-1.0,114.96323142857159,-0.9999073878729147,16.25998271853376,0.6206209623742325,-0.5785338846028054,-0.9950847673285724,-77.00353672147725
3105,max,1.0,183.9805628571428,0.999915687157399,29.715946574409884,160.72524549439186,-0.15900493734262167,0.9999458315405211,73.4718381440247
