stock,minmax,BOP,LINEARREG,SIN,HT_DCPERIOD,VAR,TRIX,COS,TAN
3131,min,-1.0,163.38216857142868,-0.999982947475347,19.35069090705734,0.605007841862971,-0.49780915158859074,-0.9966626484182263,-171.2320691648856
3131,max,2.0,112.4216257142856,1.9993040572579397,20.68813728322987,328.4914095840504,0.6973264617210484,1.9965618768779843,203.8219657834843
