stock,minmax,BOP,LINEARREG,SIN,HT_DCPERIOD,VAR,TRIX,COS,TAN
3131,min,-1.0,161.5977342857144,-0.9998933617741218,19.350678558401096,0.5918878821175895,-0.4978091759249681,-0.9988084626268415,-62.933163414942776
3131,max,1.0,272.7914628571432,0.9998737798628025,40.03874981676724,321.9468963221225,0.19951713739192467,0.9986477120789012,68.46897243279777
