stock,minmax,BOP,LINEARREG,SIN,HT_DCPERIOD,VAR,TRIX,COS,TAN
3189,min,-1.0,84.86431999999995,-0.9989862572955398,17.301874764491117,0.7646334415421734,-0.5848638935083361,-0.9999328771439588,-22.191708482465785
3189,max,1.9767418917252462,49.230342857142816,1.9989269860308971,10.054961668319706,37.73348661680393,0.544333182333423,1.99901193849549,114.03418772486914
