stock,minmax,BOP,LINEARREG,SIN,HT_DCPERIOD,VAR,TRIX,COS,TAN
3207,min,-1.0,25.840534285714288,-0.9998233006847703,14.470128159545007,0.14750215039953218,0.28587993029787206,-0.9970289206823016,-53.18755277399524
3207,max,1.9736682139699377,26.270445714285696,1.999278095503208,27.47708115495572,9.902815279999459,0.44493820632756087,1.9964602349792115,83.45859498239459
