stock,minmax,BOP,LINEARREG,SIN,HT_DCPERIOD,VAR,TRIX,COS,TAN
3207,min,-1.0,25.670788571428567,-0.9997262132247572,14.47014102698266,0.1455568615994025,0.28587915518527574,-0.9986331996775465,-73.95333935142152
3207,max,0.9736886021026868,51.76868857142857,0.9999085897547447,41.94721016502568,9.918611645600095,0.7308179128571402,0.9997076186250837,42.725738352946856
