stock,minmax,BOP,LINEARREG,SIN,HT_DCPERIOD,VAR,TRIX,COS,TAN
3211,min,-1.0,56.34221999999999,-0.9993250425476342,17.009593740545952,0.016374802412428835,-0.3523018374054554,-0.9919032652923817,-27.2036306324635
3211,max,2.0,13.903951428571482,1.9983892977176416,12.82133005626886,7.375702695992004,0.3971316550103965,1.9917215980951015,50.30306395765004
