stock,minmax,BOP,LINEARREG,SIN,HT_DCPERIOD,VAR,TRIX,COS,TAN
3211,min,-1.0,56.34221999999999,-0.9993250425476342,17.009593740545952,0.016374802412428835,-0.3523018374054554,-0.9919032652923817,-27.2036306324635
3211,max,1.0,70.24617142857147,0.9990642551700073,29.830923796814808,7.392077498404433,0.04482981760494109,0.9998183328027197,23.09943332518654
