stock,minmax,BOP,LINEARREG,SIN,HT_DCPERIOD,VAR,TRIX,COS,TAN
3217,min,-1.0,53.50076857142853,-0.9994244815463013,17.782527001504985,0.07317491602680093,-0.4577962565307181,-0.999321499347699,-29.46238185719435
3217,max,1.0,85.71272285714286,0.9991552952763314,33.55333100246199,20.91586777363227,0.13043526616149936,0.9992494316883006,24.314047856026228
