stock,minmax,BOP,LINEARREG,SIN,HT_DCPERIOD,VAR,TRIX,COS,TAN
3218,min,-1.0,208.35909714285702,-0.9991730002278021,15.651432827283138,1.0918066265730886,-0.332978390059846,-0.9996659327041245,-24.57326171593294
3218,max,0.9736803438269126,308.8754942857143,0.9999225017094321,41.19354138840518,110.30828766181367,0.4279085577246988,0.9999179602780053,80.31815000666886
