stock,minmax,BOP,LINEARREG,SIN,HT_DCPERIOD,VAR,TRIX,COS,TAN
3218,min,-1.0,208.35909714285702,-0.9991730002278021,15.651432827283138,1.0918066265730886,-0.332978390059846,-0.9996659327041245,-24.57326171593294
3218,max,1.9736803438269126,100.51639714285727,1.999095501937234,25.542108561122042,109.21648103524058,0.7608869477845448,1.99958389298213,104.8914117226018
