stock,minmax,BOP,LINEARREG,SIN,HT_DCPERIOD,VAR,TRIX,COS,TAN
3228,min,-1.0,119.6287142857143,-0.998077783679364,17.491701402679457,7.658926000527572,-1.105996873282733,-0.9991246325421351,-202.49660618623435
3228,max,1.0,359.44042857142875,0.9999878065510838,41.240013149233405,865.5903640003089,0.11096222313731197,0.9999320092469076,59.24879293303128
