stock,minmax,BOP,LINEARREG,SIN,HT_DCPERIOD,VAR,TRIX,COS,TAN
3228,min,-1.0,119.6287142857143,-0.998077783679364,17.491701402679457,7.658926000527572,-1.105996873282733,-0.9991246325421351,-202.49660618623435
3228,max,2.0,239.81171428571446,1.9980655902304476,23.74831174655395,857.9314379997813,1.216959096420045,1.9990566417890427,261.74539911926564
