stock,minmax,BOP,LINEARREG,SIN,HT_DCPERIOD,VAR,TRIX,COS,TAN
3231,min,-1.0,22.258828571428555,-0.9959306917155342,18.222252868103425,0.00598770160058848,-0.12343301587057764,-0.9581433256195272,-176.60028536381193
3231,max,1.0,27.413808571428543,0.9999839684040527,37.98186946788977,0.5779249544000322,0.15494482983977598,0.9999856418195351,23.83099506313087
