stock,minmax,BOP,LINEARREG,SIN,HT_DCPERIOD,VAR,TRIX,COS,TAN
3231,min,-1.0,22.797639999999973,-0.9996179040341889,18.222879754066263,0.006277245601950199,-0.12343424748900711,-0.9449240424466652,-54.45285920793257
3231,max,2.0,5.279791428571478,1.9994493190874514,19.759661575762223,0.5999573183996745,0.2783794019047714,1.9445105374847182,90.61667859571119
