stock,minmax,BOP,LINEARREG,SIN,HT_DCPERIOD,VAR,TRIX,COS,TAN
3264,min,-0.9677373304782291,30.41523428571429,-0.9996879040220225,15.870142113069576,0.005230182403465733,-0.31839814219354334,-0.9982434072632106,-40.01651296224809
3264,max,0.9811281366122495,46.40663142857145,0.9990536688719543,37.84396313577117,4.182029272002637,0.20360953491629363,0.9994082803293551,22.969684460153587
