stock,minmax,BOP,LINEARREG,SIN,HT_DCPERIOD,VAR,TRIX,COS,TAN
3264,min,-0.9677617230098147,31.853239999999985,-0.999985415588416,15.870105717885473,0.00573351839921088,-0.31839637851377445,-0.999887349120823,-928.3863873258418
3264,max,1.9489050813258728,16.747462857142885,1.999984835476083,21.973953104400202,4.581056891201115,0.5220062140490422,1.9975223766252483,1113.5415370940293
