stock,minmax,BOP,LINEARREG,SIN,HT_DCPERIOD,VAR,TRIX,COS,TAN
3289,min,-1.0,43.6312514285714,-0.9998758461093763,13.951007528507459,0.026793859997724212,-0.07729623922756446,-0.9996831236289221,-88.64882401897928
3289,max,2.0,35.4669714285714,1.9998122277300125,21.612010326734975,32.8049021376014,0.7140794702002129,1.9973517796866527,102.5178054428282
