stock,minmax,BOP,LINEARREG,SIN,HT_DCPERIOD,VAR,TRIX,COS,TAN
3289,min,-1.0,43.39985714285719,-0.9993499826321641,13.951001152497046,0.02651298000000679,-0.07729600825832073,-0.998417319307895,-55.65689050070827
3289,max,1.0,78.67876571428569,0.9998386284419377,35.56294795066201,32.48425670800225,0.6367835762301155,0.9997931822996455,27.450832228319957
