stock,minmax,BOP,LINEARREG,SIN,HT_DCPERIOD,VAR,TRIX,COS,TAN
3293,min,-1.0,299.2024457142856,-0.9997764388485614,12.133655586499243,0.9313295347092208,-0.06323962622777346,-0.9998921421058549,-47.28397785467945
3293,max,2.0,100.8201314285717,1.9968694673338003,15.909939679452537,602.1120859951334,0.3194918809747871,1.9997780828240712,58.14504693514244
