stock,minmax,BOP,LINEARREG,SIN,HT_DCPERIOD,VAR,TRIX,COS,TAN
3324,min,-1.0,109.81842571428581,-0.9996692163445673,18.32603755356645,0.13136928237508982,-0.46612215517071176,-0.999999930875994,-5.016674030213286
3324,max,0.9500030970619215,174.35889714285716,0.9807058443198351,38.389458873900594,87.58114941038366,-0.0851030858954549,0.9915095324271372,38.86916554221638
