stock,minmax,BOP,LINEARREG,SIN,HT_DCPERIOD,VAR,TRIX,COS,TAN
3338,min,-1.0,27.733408571428555,-0.99999599496089,16.170702983759845,0.018904210401956334,-0.4409712018053846,-0.999748371015858,-48.08888345300678
3338,max,1.0,39.742434285714296,0.9997838576866716,30.749424530076546,4.399962034401142,0.012777302781907807,0.9999991703259863,353.32984015161935
