stock,minmax,BOP,LINEARREG,SIN,HT_DCPERIOD,VAR,TRIX,COS,TAN
3338,min,-1.0,27.733408571428555,-0.99999599496089,16.170702983759845,0.018904210401956334,-0.4409712018053846,-0.999748371015858,-48.08888345300678
3338,max,2.0,12.009025714285741,1.9997798526475616,14.5787215463167,4.3810578239991855,0.45374850458729243,1.9997475413418444,401.4187236046261
