stock,minmax,BOP,LINEARREG,SIN,HT_DCPERIOD,VAR,TRIX,COS,TAN
3346,min,-1.0,28.15300571428571,-0.9999934640281248,17.09147689633843,0.04841530559747298,-0.31007955979927004,-0.9999894406931429,-41.83447914851053
3346,max,2.0,14.78085999999999,1.989396796602704,15.928600924033436,9.255719336800666,0.865765605836688,1.9992685353392643,318.4189457937035
