stock,minmax,BOP,LINEARREG,SIN,HT_DCPERIOD,VAR,TRIX,COS,TAN
3346,min,-1.0,28.15300571428571,-0.9999934640281248,17.09147689633843,0.04841530559747298,-0.31007955979927004,-0.9999894406931429,-41.83447914851053
3346,max,1.0,42.9338657142857,0.989403332574579,33.02007782037187,9.30413464239814,0.555686046037418,0.9992790946461213,276.58446664519295
