stock,minmax,BOP,LINEARREG,SIN,HT_DCPERIOD,VAR,TRIX,COS,TAN
3374,min,-1.0,83.2546114285714,-0.999865683954191,15.949622141092505,0.3171764479484409,-0.5379210899737474,-0.9976743921528758,-61.00666722063371
3374,max,1.0,127.37930571428566,0.9819457603391337,31.55042718596423,63.36335314954704,0.11989003618666505,0.999744502055987,4.772128863231645
