stock,minmax,BOP,LINEARREG,SIN,HT_DCPERIOD,VAR,TRIX,COS,TAN
3376,min,-1.0,64.5538542857143,-0.9991455390723969,23.315735531117607,0.060742310416571854,-0.10986542716816539,-0.9995669384217369,-11.36475536259107
3376,max,1.0,85.66805714285721,0.9998465284988612,34.42710132566248,17.542878085620032,0.2649970397499146,0.9999614884048404,57.071743257954545
