stock,minmax,BOP,LINEARREG,SIN,HT_DCPERIOD,VAR,TRIX,COS,TAN
3376,min,-1.0,66.35365999999996,-0.999907693604833,23.315361100928772,0.06418074638440885,-0.10986550228594405,-0.9997316114802627,-73.59342902878033
3376,max,2.0,21.702871428571456,1.9972092538266424,11.11149231213842,18.470510263194228,0.3748628130195608,1.9992728740154968,92.29261866878183
