stock,minmax,BOP,LINEARREG,SIN,HT_DCPERIOD,VAR,TRIX,COS,TAN
3406,min,-1.0,272.0891942857142,-0.9997445277799902,16.724815361943435,8.312388653634116,-0.46427466377784166,-0.9999955547396526,-60.086403254773984
3406,max,2.0,167.91049428571472,1.9996060668062325,18.871388690104418,764.1825028368039,0.6566556235393706,1.999151284547402,104.31772691061533
