stock,minmax,BOP,LINEARREG,SIN,HT_DCPERIOD,VAR,TRIX,COS,TAN
3406,min,-1.0,266.6924371428573,-0.9998551274861848,16.724817154472795,7.985936114069773,-0.46427455525628325,-0.999984814012997,-20.611796106670905
3406,max,1.0,431.2724942857143,0.9980786196136882,35.5962375451622,742.1543396343477,0.1923814676786595,0.9948420471143091,58.74147022507032
