stock,minmax,BOP,LINEARREG,SIN,HT_DCPERIOD,VAR,TRIX,COS,TAN
3413,min,-1.0,153.1236714285713,-0.9959019150063892,17.137152146928656,0.607682691894297,-0.2783545281042188,-0.9993202065035803,-11.011753710222495
3413,max,2.0,44.90952285714306,1.9958899837701956,14.124070410374273,87.12501497362973,0.38912280863624416,1.9968288291337957,215.7214407279635
