stock,minmax,BOP,LINEARREG,SIN,HT_DCPERIOD,VAR,TRIX,COS,TAN
3416,min,-1.0,68.98374285714279,-0.9889240827654925,13.405265389397691,0.0034373160033283057,0.003162059690975383,-0.9991377106193653,-14.997328413824139
3416,max,1.0,79.6021628571429,0.9996588918559727,28.916780392208747,1.913325777603859,0.14092395438407568,0.9986566920864021,38.276113155563124
