stock,minmax,BOP,LINEARREG,SIN,HT_DCPERIOD,VAR,TRIX,COS,TAN
3443,min,-0.9823016989503295,349.6671771428569,-0.9996915008115237,16.972262836716634,27.504606557660736,-0.23407667603698723,-0.9995516015383755,-135.56780020120607
3443,max,0.9629609128307058,751.6259571428578,0.9999727955979896,42.85094382654128,4184.689887890883,0.3233811959229893,0.9991617371204099,54.4102451523112
