stock,minmax,BOP,LINEARREG,SIN,HT_DCPERIOD,VAR,TRIX,COS,TAN
3454,min,-1.0,71.73681714285712,-0.9999999482674631,14.03425704965324,0.00755827199009218,-0.03232348323843892,-0.9999029709217362,-10.59422314455208
3454,max,2.0,114.52843142857162,1.9955746607804021,21.370630951917953,227.4984343376209,1.0698420104505169,1.999011202287321,3119.4680529962243
