stock,minmax,BOP,LINEARREG,SIN,HT_DCPERIOD,VAR,TRIX,COS,TAN
3454,min,-1.0,69.71007999999998,-0.9984531973762668,14.03423725318255,0.007129087995053851,-0.03232334617822019,-0.9986763742770605,-40.60246982786465
3454,max,1.0,181.00267714285715,0.9996968430174453,35.40526722075337,214.83194247038773,1.0375186236578626,0.9999511970728677,17.95821931761146
