stock,minmax,BOP,LINEARREG,SIN,HT_DCPERIOD,VAR,TRIX,COS,TAN
3455,min,-1.0,57.55997714285706,-0.9981928948621192,13.545918127048404,0.08861429200624116,-0.3005685230332511,-0.999955528142005,-21.5660867744633
3455,max,1.0,74.49168857142851,0.9989266838438591,32.349866907369865,10.924558817596335,0.2039099806491418,0.9983322613332878,16.611316716626987
