stock,minmax,BOP,LINEARREG,SIN,HT_DCPERIOD,VAR,TRIX,COS,TAN
3479,min,-1.0,50.2922257142857,-0.9996885966028332,14.862701186327254,0.04553719039859061,-0.23267435434173311,-0.9965358532818086,-118.74489247508598
3479,max,2.0,13.561471428571451,1.9996531383748737,18.05716625346169,4.693221811996864,0.48604412066972635,1.996501675510622,158.80590116430957
