stock,minmax,BOP,LINEARREG,SIN,HT_DCPERIOD,VAR,TRIX,COS,TAN
3479,min,-1.0,47.69522571428574,-0.9999812204215904,14.862816358190926,0.040967541598092794,-0.2326745651512585,-0.999807149612344,-163.16836658670942
3479,max,1.0,60.55643142857134,0.9989679666696897,32.920351174342116,4.2619920943961915,0.2533698681194796,0.9998065957520215,21.9802239412398
