stock,minmax,BOP,LINEARREG,SIN,HT_DCPERIOD,VAR,TRIX,COS,TAN
3483,min,-1.0,42.0672085714286,-0.9997608296381646,19.05861019259038,0.06715205840737326,-0.4590742409334547,-0.9996045213800863,-36.736897269413525
3483,max,2.0,18.76121999999998,1.9987888697707166,18.990644631154844,13.357692639196102,0.36969918806258883,1.9988005098635278,82.4513377106937
