stock,minmax,BOP,LINEARREG,SIN,HT_DCPERIOD,VAR,TRIX,COS,TAN
3483,min,-1.0,40.53337428571429,-0.9999837597373534,19.058610574521246,0.062344130400788345,-0.4590745620241865,-0.9999794547629909,-175.46204552084905
3483,max,1.0,58.61050000000004,0.9963574451197696,38.04931522105534,12.463600717601821,-0.08937530622464829,0.9999819829515847,11.684038156889983
