stock,minmax,BOP,LINEARREG,SIN,HT_DCPERIOD,VAR,TRIX,COS,TAN
3491,min,-1.0,103.50219999999999,-0.9996951425528992,17.427007555614942,0.14846764967842319,-0.5252641873174535,-0.9917033704100822,-40.48902155099509
3491,max,1.0,169.59987142857148,0.990123907539978,37.77867121451884,112.52822286646551,0.21256859769986924,0.999976721774283,7.062474862857064
