stock,minmax,BOP,LINEARREG,SIN,HT_DCPERIOD,VAR,TRIX,COS,TAN
3504,min,-1.0,69.40857142857146,-0.9997351270146861,16.04119258297605,0.24560000000565196,-0.31974196774192665,-0.9999808608605089,-43.439006210444305
3504,max,2.0,40.97142857142849,1.9995625993048187,17.30884334079055,75.58880000000318,0.9739974556760234,1.9995014861888603,97.26590661115512
