stock,minmax,BOP,LINEARREG,SIN,HT_DCPERIOD,VAR,TRIX,COS,TAN
3504,min,-1.0,69.40857142857146,-0.9997351270146861,16.04119258297605,0.24560000000565196,-0.31974196774192665,-0.9999808608605089,-43.439006210444305
3504,max,1.0,110.37999999999995,0.9998274722901326,33.3500359237666,75.83440000000883,0.6542554879340967,0.9995206253283515,53.82690040071081
