stock,minmax,BOP,LINEARREG,SIN,HT_DCPERIOD,VAR,TRIX,COS,TAN
3515,min,-1.0,75.68153999999996,-0.9998799088090237,16.79244243657522,0.6580231135912982,-0.7993598095236032,-0.9999987639974827,-34.81334681892561
3515,max,2.0,52.34059714285715,1.9998702054019946,15.754018528669505,105.62038046078942,1.11790319127415,1.998258432738127,261.8101374361543
