stock,minmax,BOP,LINEARREG,SIN,HT_DCPERIOD,VAR,TRIX,COS,TAN
3515,min,-1.0,75.68153999999996,-0.9998799088090237,16.79244243657522,0.6580231135912982,-0.7993598095236032,-0.9999987639974827,-34.81334681892561
3515,max,1.0,128.0221371428571,0.9999902965929709,32.54646096524473,106.27840357438072,0.31854338175054675,0.9982596687406442,226.99679061722873
