stock,minmax,BOP,LINEARREG,SIN,HT_DCPERIOD,VAR,TRIX,COS,TAN
3526,min,-1.0,94.24350571428569,-0.9997303231983206,15.32842882562889,0.3700699103610532,-0.39669869616556497,-0.997176999174422,-7.971336694939693
3526,max,1.0,139.05241714285714,0.9922228898334238,37.095306889768835,130.16984184556168,0.0642803809484338,0.9958527051503019,43.05021795494169
