stock,minmax,BOP,LINEARREG,SIN,HT_DCPERIOD,VAR,TRIX,COS,TAN
3529,min,-1.0,893.168822857143,-0.9998011273333367,15.8560490294001,84.32523398520425,-0.5643489100813026,-0.9982839046604615,-50.13403606191708
3529,max,2.0,685.7997342857146,1.9981510478147095,11.788769547310135,14961.49286664743,0.7630388451661752,1.977560501050601,67.5198321665656
