stock,minmax,BOP,LINEARREG,SIN,HT_DCPERIOD,VAR,TRIX,COS,TAN
3529,min,-1.0,887.0632457142856,-0.9969324338128912,15.856048588055266,83.17609018157236,-0.564349082371407,-0.9998222969193009,-18.043337190033533
3529,max,1.0,1568.1748914285718,0.9984677233208342,27.64481434636623,14840.817180141807,0.19868990895315353,0.9999453439290816,12.737584233257893
