stock,minmax,BOP,LINEARREG,SIN,HT_DCPERIOD,VAR,TRIX,COS,TAN
3533,min,-1.0,538.060388571429,-0.9999568018498526,14.332631962941644,0.5897625630022958,-0.1838985115285796,-0.9970696746353159,-107.58168854505942
3533,max,2.0,325.369031428571,1.9970448383820396,13.590348280068625,2568.3044761698693,0.4027685121316571,1.9970195128208488,120.9273851856212
