stock,minmax,BOP,LINEARREG,SIN,HT_DCPERIOD,VAR,TRIX,COS,TAN
3533,min,-1.0,538.060388571429,-0.9999568018498526,14.332631962941644,0.5897625630022958,-0.1838985115285796,-0.9970696746353159,-107.58168854505942
3533,max,1.0,863.42942,0.9970880365321869,27.92298024301027,2568.8942387328716,0.21887000060307749,0.9999498381855328,13.34569664056179
