stock,minmax,BOP,LINEARREG,SIN,HT_DCPERIOD,VAR,TRIX,COS,TAN
3533,min,-1.0,528.8816085714282,-0.9999999530615277,14.332631477071132,0.5698438136605546,-0.18389715069060397,-0.9992829890802984,-3263.777254539962
3533,max,1.0,848.6998771428563,0.9992316866388766,27.922971335504897,2481.9688949596602,0.2188700804044874,0.9998598986399594,18.430818642477178
