stock,minmax,BOP,LINEARREG,SIN,HT_DCPERIOD,VAR,TRIX,COS,TAN
3546,min,-1.0,50.89271428571436,-0.9999956288326841,17.251998761229128,0.009480267996877956,-0.19149839382872624,-0.9995264836449963,-30.543441417227516
3546,max,0.9473923196678781,62.41953142857142,0.9996706952812064,30.208722512622423,2.8238506463953854,0.07131017235635362,0.9999937616630832,338.2087686144125
