stock,minmax,BOP,LINEARREG,SIN,HT_DCPERIOD,VAR,TRIX,COS,TAN
3551,min,-1.0,46.379382857142865,-0.9991770921042271,14.974965979001054,0.019710437616140553,-0.25748631087781915,-0.9999988373570345,-45.819686847577145
3551,max,2.0,10.272274285714225,1.9989390188225022,21.11933409099821,5.95448303199646,0.24690883203543068,1.99991521716644,70.4540432551158
