stock,minmax,BOP,LINEARREG,SIN,HT_DCPERIOD,VAR,TRIX,COS,TAN
3551,min,-1.0,45.05156285714286,-0.9995674433324986,14.97505466005973,0.018601574394779163,-0.25748641175715736,-0.9998135639556188,-33.98776200732152
3551,max,1.0,55.0297285714286,0.999061782877451,36.09379398953013,5.637030845598019,-0.010576965161368523,0.9993405905339678,28.021741610977884
