stock,minmax,BOP,LINEARREG,SIN,HT_DCPERIOD,VAR,TRIX,COS,TAN
3552,min,-1.0,122.94205142857152,-0.9999996737895608,15.473677891907334,0.8918879095472221,-0.2928115981184587,-0.9995365782216138,-1238.0436827044866
3552,max,1.942855634360536,66.25096571428566,1.9996340717855734,25.31918202844492,88.90489416083437,0.628312421080357,1.9956297898404762,1257.1959611766667
