stock,minmax,BOP,LINEARREG,SIN,HT_DCPERIOD,VAR,TRIX,COS,TAN
3558,min,-0.921054249012411,149.10926857142852,-0.9999950420469231,13.148139259511902,0.9227869696478592,-0.21650098275632912,-0.9991924018742742,-317.5646709125648
3558,max,1.0,219.61762571428557,0.9976224437396943,34.04448190868,226.78802025842015,0.40697302881664843,0.9989664099090747,38.91364190821801
