stock,minmax,BOP,LINEARREG,SIN,HT_DCPERIOD,VAR,TRIX,COS,TAN
3567,min,-1.0,19.997782857142845,-0.9994099216592833,21.156702864293678,0.0010743264007828657,-0.30876480070529677,-0.9995751273035262,-41.749590595569956
3567,max,1.0,25.33495714285716,0.999713266298814,31.407761599210986,1.0940788744013616,-0.06943494849377396,0.9999914251246059,18.7987619945515
