stock,minmax,BOP,LINEARREG,SIN,HT_DCPERIOD,VAR,TRIX,COS,TAN
3576,min,-1.0,19.97202857142857,-0.9823341883629697,13.002423389737508,0.0013864335988955645,-0.06315797296966297,-0.9999505133346162,-52.21907001431339
3576,max,1.0,22.98719714285715,0.9998166874039205,26.23596973369859,0.9085314543988261,0.10337373598854338,0.2756369405659185,32.72063067478213
