stock,minmax,BOP,LINEARREG,SIN,HT_DCPERIOD,VAR,TRIX,COS,TAN
3580,min,-0.9275242851832098,43.033731428571414,-0.9965811577662688,18.585452377992127,0.027663482403568196,-0.30214612005567965,-0.999658380584229,-15.140874090812083
3580,max,1.0,66.92797428571427,0.9978260472222796,33.57729108503559,13.678861150399825,0.2850926405657761,0.9993442164932091,10.310496245826277
