stock,minmax,BOP,LINEARREG,SIN,HT_DCPERIOD,VAR,TRIX,COS,TAN
3580,min,-0.9275305238282798,44.15135428571428,-0.9999805109468127,18.585562876384593,0.02910217839462348,-0.3021460532987241,-0.9997241272428466,-160.17077748340853
3580,max,1.9275305238282798,24.514785714285722,1.974037861983037,14.991852186561871,14.369593433594218,0.5872385065766483,1.9993614765128431,164.7635763564008
