stock,minmax,BOP,LINEARREG,SIN,HT_DCPERIOD,VAR,TRIX,COS,TAN
3594,min,-1.0,22.258659999999992,-0.9989389748655169,14.85866632044517,0.02074464000008902,-0.16778318118056967,-0.9987931736211316,-390.2515026022956
3594,max,2.0,8.340985714285715,1.9989356918064394,14.543474818054893,3.2227711656004203,0.5168685458374234,1.9987437600138724,409.49080358079027
