stock,minmax,BOP,LINEARREG,SIN,HT_DCPERIOD,VAR,TRIX,COS,TAN
3594,min,-1.0,22.258659999999992,-0.9989389748655169,14.85866632044517,0.02074464000008902,-0.16778318118056967,-0.9987931736211316,-390.2515026022956
3594,max,1.0,30.599645714285707,0.9999967169409225,29.402141138500063,3.2435158056005093,0.3490853646568537,0.9999505863927409,19.23930097849465
