stock,minmax,BOP,LINEARREG,SIN,HT_DCPERIOD,VAR,TRIX,COS,TAN
3594,min,-1.0,21.942585714285727,-0.9982151953010691,14.858504060336955,0.020156169599204077,-0.16778176488758678,-0.9998839666589363,-17.203478204073626
3594,max,1.0,30.165117142857156,0.9992575203050773,29.402166324033303,3.1520638463987325,0.3490872564497316,0.9997782722704024,25.93586671336289
