stock,minmax,BOP,LINEARREG,SIN,HT_DCPERIOD,VAR,TRIX,COS,TAN
3611,min,-1.0,133.38539714285724,-0.9999226695625123,18.520630230006194,0.0354632064299949,-0.16191781159374807,-0.9969251582370728,-10.360007390857518
3611,max,1.0,166.22915999999995,0.9953737618106768,31.370508318203356,48.31850622963975,0.2500437413309742,0.9985656141283682,80.4052819762343
