stock,minmax,BOP,LINEARREG,SIN,HT_DCPERIOD,VAR,TRIX,COS,TAN
3611,min,-1.0,141.6230257142857,-0.9978429886072165,18.52065295558706,0.03997094631995424,-0.16191776586511608,-0.9978329825799401,-15.200410398465246
3611,max,2.0,34.87214285714279,1.9972444814442056,12.849696345229589,54.4308367159756,0.41196118504791546,1.997832357632909,44.090927258715844
