stock,minmax,BOP,LINEARREG,SIN,HT_DCPERIOD,VAR,TRIX,COS,TAN
3617,min,-1.0,61.70564571428569,-0.9998982054241926,17.852477795683697,0.08330195359258141,0.01758009074133149,-0.9999991718746813,-180.15880740243628
3617,max,2.0,41.82217142857146,1.9998828008757408,26.0922349345921,32.02125935679442,0.7235742989222693,1.999521174629579,250.2380702822858
