stock,minmax,BOP,LINEARREG,SIN,HT_DCPERIOD,VAR,TRIX,COS,TAN
3617,min,-1.0,59.812737142857145,-0.9999298694752443,17.852509969971,0.07827692639148154,0.017579932484301786,-0.9999985270893017,-84.43229884139917
3617,max,1.0,100.3519742857143,0.9999594523787037,43.94459279648752,30.16550896958961,0.7411543281691912,0.9953701101463848,111.04246751270499
