stock,minmax,BOP,LINEARREG,SIN,HT_DCPERIOD,VAR,TRIX,COS,TAN
3653,min,-1.0,237.39463142857164,-0.9996015326936099,15.678812687683045,2.308956366381608,-0.2496009645505226,-0.9996258708644721,-35.41268333061676
3653,max,1.0,395.29283714285737,0.9995079846604098,24.646059552649284,685.6489091495168,0.3285893937343243,0.9999977871441249,5.105205683864075
