stock,minmax,BOP,LINEARREG,SIN,HT_DCPERIOD,VAR,TRIX,COS,TAN
3653,min,-1.0,239.24472857142868,-0.9999417913298235,15.678811557673288,2.345061903790338,-0.24960079092865017,-0.9977923781806799,-92.67705034653272
3653,max,2.0,159.12912285714262,1.999906610404698,8.967374868022265,694.0334098665771,0.57819184763922,1.9967854376894905,211.88903411235475
