stock,minmax,BOP,LINEARREG,SIN,HT_DCPERIOD,VAR,TRIX,COS,TAN
3661,min,-1.0,540.1496971428566,-0.9998764411052381,17.771112111349943,28.259446878917515,-0.6512237173570634,-0.9998469886616556,-26.573490470625003
3661,max,1.0,923.6058342857146,0.9999628080305972,35.30663094764852,8548.731976730865,0.39231270284891817,0.999786039103464,115.9440054896148
