stock,minmax,BOP,LINEARREG,SIN,HT_DCPERIOD,VAR,TRIX,COS,TAN
3661,min,-1.0,545.5045542857143,-0.9999528613566394,17.7711087830538,28.822331865958404,-0.6512236972463836,-0.9999683018958017,-102.98669186338132
3661,max,1.0,932.7621028571431,0.9986274607562035,35.30662432807044,8719.077758237487,0.3923136380016512,0.9999310882077391,18.77372413203067
