stock,minmax,BOP,LINEARREG,SIN,HT_DCPERIOD,VAR,TRIX,COS,TAN
3665,min,-1.0,228.14435999999966,-0.9998636616865371,13.379227286767863,1.5302399656211492,-0.3254031219240838,-0.9977762401997888,-53.82470148725929
3665,max,0.9166711351815084,311.31907999999976,0.999995030269307,19.899034176274732,302.34873357761535,0.09050799141625543,0.9999511645260383,317.18815139818173
