stock,minmax,BOP,LINEARREG,SIN,HT_DCPERIOD,VAR,TRIX,COS,TAN
3669,min,-1.0,35.16164571428573,-0.9999255708767227,15.01281900653127,0.028817393598956187,-0.3522604985384925,-0.999215844426627,-13.490332669819287
3669,max,1.0,45.68298857142858,0.9972638531982809,33.36936514207618,6.1783463575993665,0.10347918000064293,0.999999915192641,81.95761397364045
