stock,minmax,BOP,LINEARREG,SIN,HT_DCPERIOD,VAR,TRIX,COS,TAN
3669,min,-1.0,36.1047342857143,-0.9938015258526488,15.012757578849515,0.030381486394162494,-0.3522593014165687,-0.982752644215229,-94.27806880526708
3669,max,2.0,10.803568571428535,1.9937452772154516,18.356444146429524,6.483905627200329,0.4557393330787973,1.9827486909870875,120.86589584737347
