stock,minmax,BOP,LINEARREG,SIN,HT_DCPERIOD,VAR,TRIX,COS,TAN
3675,min,-1.0,121.64014285714282,-0.9999126328015551,16.384074727782327,0.9689322624581109,-0.6981483518641918,-0.9985182217623116,-31.664120058541695
3675,max,1.0,200.20030285714282,0.9995016775709514,31.324501261304185,495.50826495847286,0.08250122651984881,0.9999621838894056,75.64536775475119
