stock,minmax,BOP,LINEARREG,SIN,HT_DCPERIOD,VAR,TRIX,COS,TAN
3675,min,-1.0,123.39785142857144,-0.9992326269961426,16.38407288653863,0.9971442256864975,-0.6981483415424705,-0.9999986551578253,-25.51124669869615
3675,max,2.0,79.69545142857129,1.9982087353841869,14.940478549190626,508.93484068484395,0.7806495538696945,1.9953512116016254,36.926315005081875
