stock,minmax,BOP,LINEARREG,SIN,HT_DCPERIOD,VAR,TRIX,COS,TAN
3680,min,-1.0,155.2085399999999,-0.9998628856901501,15.514958159656318,1.926183141535148,-0.2869035288469157,-0.9980005036475326,-13.757664353872052
3680,max,0.9761889153904733,279.7126142857143,0.9999983273684718,35.84571278117049,615.8929711143428,0.4670094897045063,0.9996627710167034,546.7443678829986
