stock,minmax,BOP,LINEARREG,SIN,HT_DCPERIOD,VAR,TRIX,COS,TAN
3702,min,-1.0,40.8351257142857,-0.999459299938825,15.531108793172073,0.015994613601833407,-0.1962618979205688,-0.9989008745527598,-16.559824943085076
3702,max,2.0,7.464402857142801,1.9990095293256356,15.221376908854602,1.0343489480021617,0.21295277890616138,1.9987315468922886,49.89040914729762
