stock,minmax,BOP,LINEARREG,SIN,HT_DCPERIOD,VAR,TRIX,COS,TAN
3702,min,-1.0,39.29497428571428,-0.9998118418757038,15.531141294537992,0.014804805597577797,-0.19626250864460681,-0.9978755258307982,-51.5421132552386
3702,max,1.0,46.477871428571426,0.9973951825673778,30.752347381010143,0.9725480335951033,0.01669208714047965,0.9998306723395287,39.20591929451844
