stock,minmax,BOP,LINEARREG,SIN,HT_DCPERIOD,VAR,TRIX,COS,TAN
3707,min,-1.0,74.04685142857139,-0.9949572752919508,16.070022660089677,0.4354868416176032,-0.39269900920780865,-0.9999990176931105,-109.07027469781096
3707,max,1.0,117.77298285714286,0.9999579728624326,32.59237154026398,165.77862599442233,0.06453527902923195,0.9994056372138284,34.13084987252151
