stock,minmax,BOP,LINEARREG,SIN,HT_DCPERIOD,VAR,TRIX,COS,TAN
3707,min,-1.0,74.04685142857139,-0.9949572752919508,16.070022660089677,0.4354868416176032,-0.39269900920780865,-0.9999990176931105,-109.07027469781097
3707,max,2.0,43.72613142857148,1.9949152481543835,16.522348880174306,165.34313915280472,0.4572342882370406,1.9994046549069389,143.20112457033247
