stock,minmax,BOP,LINEARREG,SIN,HT_DCPERIOD,VAR,TRIX,COS,TAN
3708,min,-1.0,81.54115999999999,-0.9995794707132599,12.479598407294013,0.1412189384263911,-0.3505885561411626,-0.9987695252659732,-89.20732175462383
3708,max,1.969997253269665,32.3893371428571,1.999516646353026,19.429242128177307,28.110742801598462,0.5472734929184542,1.9983997830628741,112.73997916710792
