stock,minmax,BOP,LINEARREG,SIN,HT_DCPERIOD,VAR,TRIX,COS,TAN
4104,min,-1.0,49.79758857142856,-0.9999904452809024,12.443198254719732,0.0025568016008037375,-0.050779300316416975,-0.9998218703804803,-12.547578116652868
4104,max,1.0,56.8928628571428,0.9986442065899204,25.683547162520057,1.7121757104027893,0.16664549481422153,0.9999836548980456,228.75622873511568
