stock,minmax,BOP,LINEARREG,SIN,HT_DCPERIOD,VAR,TRIX,COS,TAN
4104,min,-1.0,52.292331428571416,-0.9998463786873877,12.443585478187362,0.0028190415991957707,-0.05077864440876656,-0.9997177345433006,-57.04390188325357
4104,max,1.0,59.74309428571432,0.9992253341922053,25.68347039447844,1.8880221215977144,0.1666464310419169,0.9994511776975737,25.390740653233642
