stock,minmax,BOP,LINEARREG,SIN,HT_DCPERIOD,VAR,TRIX,COS,TAN
4105,min,-1.0,63.41078285714288,-0.9998317892769222,13.03999300445857,0.035591365607615444,0.00585918039883726,-0.9983224669624032,-7.175812124480076
4105,max,1.0,75.40548571428572,0.996511778833878,26.92020338869451,11.502264774409923,0.16187660102642276,0.9995027065480634,54.51341234969684
