stock,minmax,BOP,LINEARREG,SIN,HT_DCPERIOD,VAR,TRIX,COS,TAN
4107,min,-1.0,96.11188857142852,-0.994328502805489,17.381263797944516,0.034018113583442755,-0.05409990784832619,-0.9995083917351009,-111.5028030009023
4107,max,2.0,22.4521942857143,1.9942882892718572,16.98299941840442,26.064464947996385,0.2904210958072806,1.9994934591249782,120.85218016209477
