stock,minmax,BOP,LINEARREG,SIN,HT_DCPERIOD,VAR,TRIX,COS,TAN
4107,min,-1.0,92.81027999999998,-0.9978521127522275,17.381120565528473,0.03172673440531071,-0.054100349652996815,-0.9960977123370061,-27.647824467634685
4107,max,1.0,114.49131428571434,0.9993465351666811,34.36433415018546,24.336292980002327,0.23632212094089056,0.9990826989921882,15.232766074349524
