stock,minmax,BOP,LINEARREG,SIN,HT_DCPERIOD,VAR,TRIX,COS,TAN
4147,min,-1.0,51.64375714285711,-0.9993182181328837,15.99019305868237,0.040927413599547435,-0.21494478105813508,-0.9990165104126387,-27.06699981794878
4147,max,1.0,69.82946571428572,0.9992381956642844,34.17054491860865,24.697875361596743,0.24114802494510368,0.9992806590178522,18.90670450214222
