stock,minmax,BOP,LINEARREG,SIN,HT_DCPERIOD,VAR,TRIX,COS,TAN
4162,min,-0.9090909090909084,78.41143714285711,-0.9946713154862017,17.14166652123229,0.48397461841159384,-0.10047762057906473,-0.9999902499486972,-15.795681742848606
4162,max,1.8564593301435397,61.97092000000008,1.9926733399287389,21.150644837234502,88.18698629357823,0.99424514328047,1.9999594371137963,26.731307270840123
