stock,minmax,BOP,LINEARREG,SIN,HT_DCPERIOD,VAR,TRIX,COS,TAN
4162,min,-0.9090788350251415,77.0341714285714,-0.9993525257977495,17.141687598093384,0.467116114390592,-0.10047732345317417,-0.9996084829296319,-27.77555796874623
4162,max,0.9473718899324433,137.91652000000002,0.9991634940422754,38.2923488456108,85.58335818397791,0.8937675846989679,0.9997616143034593,24.4330611813752
