stock,minmax,BOP,LINEARREG,SIN,HT_DCPERIOD,VAR,TRIX,COS,TAN
4163,min,-1.0,78.37063428571426,-0.9951022491561168,17.411132475846365,0.017348274388496066,0.02364403485475286,-0.9990497423409662,-11.179832238304783
4163,max,2.0,18.855628571428696,1.995071118317974,16.923569473525973,9.609696479208651,0.25653956124278565,1.9990064446319584,137.90983819871064
