stock,minmax,BOP,LINEARREG,SIN,HT_DCPERIOD,VAR,TRIX,COS,TAN
4163,min,-1.0,76.16748857142855,-0.9999920667471297,17.41110157625239,0.01639690240335767,0.023644259664146183,-0.9998538267222946,-26.110549580369437
4163,max,1.0,94.4930428571428,0.999267410761034,34.33527183567663,9.093433486394133,0.28018356322876414,0.9999480385685177,251.0480020198026
