stock,minmax,BOP,LINEARREG,SIN,HT_DCPERIOD,VAR,TRIX,COS,TAN
4175,min,-1.0,60.07957142857144,-0.9997804154561815,14.441943022663981,0.010837449600330729,-0.10653607555871636,-0.999998107076959,-29.264376572873132
4175,max,1.9600304700452547,10.518745714285686,1.9990566244187224,16.982623490334003,5.250851974408761,0.245996457459563,1.9975307746720987,76.97472475020523
