stock,minmax,BOP,LINEARREG,SIN,HT_DCPERIOD,VAR,TRIX,COS,TAN
4175,min,-1.0,58.771748571428574,-0.9992103885804905,14.441944547394666,0.01037333760632464,-0.1065368238432618,-0.9991659293303019,-23.110577497780742
4175,max,0.9599670208867739,69.06147999999996,0.9991202530016701,31.42503140417464,5.035122306403082,0.13946034690095477,0.9990733596502335,25.14901503101268
