stock,minmax,BOP,LINEARREG,SIN,HT_DCPERIOD,VAR,TRIX,COS,TAN
4438,min,-1.0,93.59743142857137,-0.9988895205934452,17.256482509515962,0.1998375000202941,-0.11520104525953867,-0.9999986269697465,-21.20155948908076
4438,max,0.91665905645559,136.7758285714286,0.9999871174721933,38.581898474311714,37.9787030176376,0.4319097992863785,0.9972510759924637,197.00636677704887
