stock,minmax,BOP,LINEARREG,SIN,HT_DCPERIOD,VAR,TRIX,COS,TAN
4438,min,-1.0,89.2903142857142,-0.9994483755084708,17.256485177994406,0.18190664639132592,-0.11520113995844294,-0.9841947935250527,-35.13563658039256
4438,max,0.9166586892841421,130.4817885714285,0.999595227868461,38.58195288028577,34.563675933608465,0.43190979135814267,0.9854625580651819,9.942701366508782
