stock,minmax,BOP,LINEARREG,SIN,HT_DCPERIOD,VAR,TRIX,COS,TAN
4438,min,-1.0,93.59743142857137,-0.9988895205934452,17.256482509515962,0.1998375000202941,-0.11520104525953867,-0.9999986269697465,-21.20155948908076
4438,max,1.91665905645559,43.178397142857236,1.9988766380656384,21.325415964795752,37.778865517617305,0.5471108445459172,1.9972497029622103,218.20792626612962
