stock,minmax,BOP,LINEARREG,SIN,HT_DCPERIOD,VAR,TRIX,COS,TAN
4506,min,-1.0,58.592291428571436,-0.9972292874241456,15.111050566136829,4.547473508864641e-12,-0.15706932365696646,-0.9998460777091862,-13.405571205253223
4506,max,1.0,73.2878342857143,0.9859795232644567,28.326171141350997,4.271973142403112,0.1948814360652973,0.9996010820489255,4.906520006219934
