stock,minmax,BOP,LINEARREG,SIN,HT_DCPERIOD,VAR,TRIX,COS,TAN
4536,min,-1.0,116.91162285714279,-0.99998816231858,15.892035627759299,0.6020669600184192,-0.004401439875900692,-0.9998821186225865,-8.03206360820309
4536,max,2.0,55.24488000000014,1.9934365557457832,15.773023750160782,66.90644291840363,0.6073308003201161,1.999222159426938,213.54909703973976
