stock,minmax,BOP,LINEARREG,SIN,HT_DCPERIOD,VAR,TRIX,COS,TAN
4541,min,-1.0,24.496154285714297,-0.9999288358994498,14.831414745794364,0.023448838400668137,-0.1822845501661563,-0.9999589030364952,-33.254073270688025
4541,max,1.9024979854955664,10.826288571428535,1.9994769946460438,22.761767639733236,3.414575709599717,0.6179020893865017,1.9999553685062132,117.07092405824744
