stock,minmax,BOP,LINEARREG,SIN,HT_DCPERIOD,VAR,TRIX,COS,TAN
4541,min,-1.0,24.496154285714297,-0.9999288358994498,14.831414745794364,0.023448838400668137,-0.1822845501661563,-0.9999589030364952,-33.254073270688025
4541,max,0.9024979854955664,35.32244285714283,0.9995481587465939,37.5931823855276,3.438024548000385,0.4356175392203454,0.9999964654697181,83.81685078755942
