stock,minmax,BOP,LINEARREG,SIN,HT_DCPERIOD,VAR,TRIX,COS,TAN
4549,min,-1.0,64.6332485714286,-0.999693537664358,16.67765712769388,0.007871759998124617,-0.09081199867705392,-0.999494941990051,-53.569145705983324
4549,max,2.0,14.91287428571421,1.999519346117369,16.360692811149885,5.792696041596173,0.34350832373258866,1.9768033126345737,77.69397226031651
