stock,minmax,BOP,LINEARREG,SIN,HT_DCPERIOD,VAR,TRIX,COS,TAN
4549,min,-1.0,62.88639714285712,-0.994465494882821,16.67755281075202,0.0074536024148983415,-0.09081201989963317,-0.9999982966493839,-22.94727671749414
4549,max,1.0,77.39626857142859,0.9990518224364602,33.03747586368823,5.491236426416435,0.2526975349950833,0.9987138296317255,9.142227686995827
