stock,minmax,BOP,LINEARREG,SIN,HT_DCPERIOD,VAR,TRIX,COS,TAN
4551,min,-0.9285756809048985,132.3380714285714,-0.9994372866088019,12.518909478018866,0.3685248095789575,-0.11061061210756451,-0.9927534663136605,-48.91301633526662
4551,max,1.785727042714687,37.31139714285706,1.9992283642136304,10.040968866591246,117.41650780639247,0.38161011406830925,1.9921135463701596,67.20256110297784
