stock,minmax,BOP,LINEARREG,SIN,HT_DCPERIOD,VAR,TRIX,COS,TAN
4572,min,-1.0,95.6472342857143,-0.999527827323174,15.800097512966369,0.15484480238592369,-0.1382355962853854,-0.9994167021427091,-32.529750867656254
4572,max,1.0,120.30056285714286,0.9995145277944752,29.125435588140267,22.716615881596226,0.46694283172126205,0.999615394865142,32.08075966161418
