stock,minmax,BOP,LINEARREG,SIN,HT_DCPERIOD,VAR,TRIX,COS,TAN
4576,min,-1.0,60.8215971428571,-0.9999917665410457,17.801392774758565,0.058178045614113216,-0.533896451899285,-0.9999997915193704,-246.4286273526014
4576,max,1.0,92.7979714285714,0.9994854813430635,35.85532436053872,17.23744127761347,-0.08651708187119578,0.999962488395136,26.03024031587839
