stock,minmax,BOP,LINEARREG,SIN,HT_DCPERIOD,VAR,TRIX,COS,TAN
4736,min,-1.0,139.24476571428585,-0.9999306361538477,17.32887478636849,0.5472313816098904,-0.28403066511625275,-0.9999974793570464,-84.89768047167529
4736,max,0.9090881049568684,193.10361142857147,0.9999817369061547,36.47602882247021,59.22667988239118,0.10516769932582548,0.9996305918216182,165.4595649399822
