stock,minmax,BOP,LINEARREG,SIN,HT_DCPERIOD,VAR,TRIX,COS,TAN
4736,min,-1.0,139.24476571428585,-0.9999306361538477,17.32887478636849,0.5472313816098904,-0.28403066511625275,-0.9999974793570464,-84.89768047167529
4736,max,1.9090881049568684,53.85884571428562,1.9999123730600024,19.14715403610172,58.67944850078129,0.3891983644420782,1.9996280711786647,250.35724541165746
