stock,minmax,BOP,LINEARREG,SIN,HT_DCPERIOD,VAR,TRIX,COS,TAN
4739,min,-1.0,79.25632285714283,-0.9999170116845089,17.81327521049626,0.16061600640114193,-0.552559108807249,-0.9988536389042605,-86.88187195310392
4739,max,0.9487228209234806,125.0904371428571,0.9999337679012592,32.18313808155954,61.649113618401316,-0.03394219576431379,0.9996751218820822,77.61568508256245
