stock,minmax,BOP,LINEARREG,SIN,HT_DCPERIOD,VAR,TRIX,COS,TAN
4739,min,-1.0,80.20837714285719,-0.9930104727477814,17.81321766059724,0.16448171359115804,-0.5525588920194502,-0.999729896526118,-22.67743753918699
4739,max,1.948715197682529,46.384682857142906,1.9926823711657382,14.369865814925497,62.97476572640153,0.5186176519085928,1.9995570275011578,61.70522668192268
