stock,minmax,BOP,LINEARREG,SIN,HT_DCPERIOD,VAR,TRIX,COS,TAN
4743,min,-0.9500077683362594,132.26292571428564,-0.999747904850236,18.416983925362487,0.4620910040939634,-0.2796923507308646,-0.9999234347863615,-44.52671259879041
4743,max,0.9600013385472934,264.99206285714297,0.9977447365552486,29.34386095744497,598.1076745625542,0.8010415671730664,0.9911892531008958,14.864517190150856
