stock,minmax,BOP,LINEARREG,SIN,HT_DCPERIOD,VAR,TRIX,COS,TAN
4768,min,-1.0,88.22952857142855,-0.998634308315694,17.575591895449097,1.1173797055998875,0.07335747943209014,-0.9995597393802728,-20.37568457095508
4768,max,1.0,194.12042571428572,0.9990359214842213,41.177458818162236,174.0999179663886,1.1506887553365486,0.9999979876946196,22.756978675022804
