stock,minmax,BOP,LINEARREG,SIN,HT_DCPERIOD,VAR,TRIX,COS,TAN
4768,min,-1.0,94.07494857142854,-0.9998498148398176,17.575579524730784,1.2703395319877018,0.0733578733303375,-0.9982397545628552,-57.69292637993306
4768,max,1.0,206.98101714285704,0.994964114288613,41.17713588893663,197.93248208638397,1.150684658270773,0.9977072117636334,7.59973794202117
