stock,minmax,BOP,LINEARREG,SIN,HT_DCPERIOD,VAR,TRIX,COS,TAN
4770,min,-0.9687441524766744,220.27103142857158,-0.9999344665208374,22.856509895109905,0.6122193280170904,-0.20541174908506044,-0.9984351521708704,-87.34379207950109
4770,max,1.9687441524766744,161.04489142857147,1.9968320307783134,12.98412275281272,502.42530326162523,0.8534693786198089,1.9983702652381545,98.03520369035846
