stock,minmax,BOP,LINEARREG,SIN,HT_DCPERIOD,VAR,TRIX,COS,TAN
4904,min,-1.0,60.15983714285717,-0.9999224007716914,16.445726785754864,0.016986932004328992,-0.17270794769472797,-0.9958048134864179,-80.26588973309465
4904,max,1.0,77.37755999999999,0.9997908937389779,38.14459827470218,2.8690984416052743,0.19306634429081537,0.9999642006984187,16.5286479324332
