stock,minmax,BOP,LINEARREG,SIN,HT_DCPERIOD,VAR,TRIX,COS,TAN
4915,min,-1.0,47.77054285714282,-0.990647718746949,14.256254225175937,0.01511788240441092,-0.3027524913865598,-0.9989849511227474,-75.063782847408
4915,max,1.0,64.23965428571427,0.9999112739173097,38.73891613481308,3.744875878401672,0.3833060782343578,0.9998944089256742,22.7907115420912
