stock,minmax,BOP,LINEARREG,SIN,HT_DCPERIOD,VAR,TRIX,COS,TAN
4919,min,-1.0,86.73276571428578,-0.9983323088710164,15.068094947631554,0.7794975415890804,-0.5484591019898621,-0.9999127089790585,-42.501817220375976
4919,max,1.0,118.22506285714286,0.9997233219303103,28.335736575507696,71.60707282797557,0.029306160800701697,0.9999794835772031,23.94015877470105
