stock,minmax,BOP,LINEARREG,SIN,HT_DCPERIOD,VAR,TRIX,COS,TAN
4931,min,-1.0,28.311357142857126,-0.9994761440625409,15.063509995486095,0.09205499999802669,-0.18142753912772092,-0.9999567971199811,-38.78547455981189
4931,max,1.9866666666666668,24.738,1.9992402119586652,18.394218250216653,9.629674999999907,0.7730442786871294,1.9999018566661082,84.81268169799333
