stock,minmax,BOP,LINEARREG,SIN,HT_DCPERIOD,VAR,TRIX,COS,TAN
4931,min,-1.0,27.519437142857157,-0.9995474465097326,15.063532312925279,0.08698354239641048,-0.1814281499665782,-0.9997816969134055,-16.05284301955584
4931,max,0.9866585809581567,51.56546571428571,0.9997045709862568,33.45805177790618,9.185620501595622,0.5916171750975474,0.9978473516524836,41.13032923145876
