stock,minmax,BOP,LINEARREG,SIN,HT_DCPERIOD,VAR,TRIX,COS,TAN
4938,min,-0.9333474099099127,51.98659428571431,-0.9983970314073299,15.021166971815727,0.010769285604965262,-0.15574266349897004,-0.9998968909664342,-17.640053033750096
4938,max,1.9333474099099126,8.964042857142807,1.989212575132703,20.360243265829073,7.696698014394315,0.22230660128553792,1.9822642125237124,23.673232102776716
