stock,minmax,BOP,LINEARREG,SIN,HT_DCPERIOD,VAR,TRIX,COS,TAN
4938,min,-0.9333381956093646,50.16594857142859,-0.9988129985171151,15.021109776517598,0.010024752006302151,-0.15574233135737803,-0.9996678402157689,-66.94776099440857
4938,max,1.0,58.81604285714282,0.9999605838542259,35.38169028908965,7.177180325600148,0.06656374845523949,0.9950621452098014,112.62507300276464
