stock,minmax,BOP,LINEARREG,SIN,HT_DCPERIOD,VAR,TRIX,COS,TAN
4945,min,-1.0,38.33434857142856,-0.9959719325019912,17.510988502962164,0.00703875200724724,-0.6766826400940507,-0.9999134029461911,-7.122320924683274
4945,max,2.0,30.881454285714256,1.9953957070174608,23.34007593710848,15.437405453596057,0.677284070695372,1.9996033430077185,36.56660638331817
