stock,minmax,BOP,LINEARREG,SIN,HT_DCPERIOD,VAR,TRIX,COS,TAN
4945,min,-1.0,38.33434857142856,-0.9959719325019912,17.510988502962164,0.00703875200724724,-0.6766826400940507,-0.9999134029461911,-7.122320924683274
4945,max,1.0,69.21580285714282,0.9994237745154695,40.851064440070644,15.444444205603304,0.00060143060132134,0.9996899400615273,29.44428545863489
