stock,minmax,BOP,LINEARREG,SIN,HT_DCPERIOD,VAR,TRIX,COS,TAN
4953,min,-1.0,64.49794285714285,-0.9976419524256351,15.960226038236103,0.06422222241872078,-0.25499813725210485,-0.9945207164909745,-31.385963821546003
4953,max,2.0,18.94358000000004,1.9971347648995672,18.116704346172106,6.597806719202708,0.4897448917989933,1.992776218510508,45.642746657990244
