stock,minmax,BOP,LINEARREG,SIN,HT_DCPERIOD,VAR,TRIX,COS,TAN
4953,min,-1.0,62.12820285714281,-0.999193187986296,15.960157632929521,0.059586805600702064,-0.25499784764380085,-0.9996480727995739,-24.879170977460944
4953,max,1.0,80.37581142857141,0.9999637049092241,34.077020867262824,6.18148216560985,0.23474630190640777,0.9998755565418473,117.36787360359565
