stock,minmax,BOP,LINEARREG,SIN,HT_DCPERIOD,VAR,TRIX,COS,TAN
4958,min,-1.0,85.37149142857147,-0.9968508016547291,17.272228449625395,0.2206937303635641,-0.06147636865212469,-0.9998296639191633,-261.5005215119482
4958,max,1.8750203505725296,25.732502857142805,1.996843489925122,16.088298408089663,17.318070519211687,0.2623806817828145,1.9977341293338569,274.0711602820265
