stock,minmax,BOP,LINEARREG,SIN,HT_DCPERIOD,VAR,TRIX,COS,TAN
4966,min,-1.0,549.6372028571425,-0.9998823587273474,16.180338131364564,7.629568628850393,-0.8773100084261687,-0.9999999999607162,-65.18787502606014
4966,max,0.9666683987182799,1094.9563571428569,0.9973736083561014,34.14166308483208,5339.756169509725,-0.28765970201092284,0.9995272082119351,23.948778103584083
