stock,minmax,BOP,LINEARREG,SIN,HT_DCPERIOD,VAR,TRIX,COS,TAN
4966,min,-1.0,549.6372028571425,-0.9998823587273474,16.180338131364564,7.629568628850393,-0.8773100084261687,-0.9999999999607162,-65.18787502606014
4966,max,1.96666839871828,545.3191542857144,1.9972559670834489,17.961324953467518,5332.126600880874,0.5896503064152459,1.9995272081726512,89.13665312964423
