stock,minmax,BOP,LINEARREG,SIN,HT_DCPERIOD,VAR,TRIX,COS,TAN
4968,min,-1.0,90.2571428571429,-0.9983453608739179,18.912311764586057,0.7735999999622436,-0.7289743556906036,-0.9960878351411849,-17.36176550181936
4968,max,2.0,62.300711428571304,1.9981889362145844,19.189336502019778,304.8812700215767,0.63129002061868,1.9956084604695365,73.89208471556626
