stock,minmax,BOP,LINEARREG,SIN,HT_DCPERIOD,VAR,TRIX,COS,TAN
4968,min,-1.0,90.2571428571429,-0.9983453608739179,18.912311764586057,0.7735999999622436,-0.7289743556906036,-0.9960878351411849,-17.36176550181936
4968,max,1.0,152.5578542857142,0.9998435753406666,38.101648266605835,305.65487002153895,-0.09768433507192364,0.9995206253283515,56.53031921374689
