stock,minmax,BOP,LINEARREG,SIN,HT_DCPERIOD,VAR,TRIX,COS,TAN
4971,min,-1.0,54.899237142857245,-0.9999953693030793,18.081508433833207,0.020114459998694656,-0.29802719916328657,-0.9978055815382924,-328.5945190865869
4971,max,2.0,16.260831428571336,1.9979967214167735,13.583509875903644,6.5796374543979255,0.3273312462373279,1.9971526613839672,439.1858679288062
