stock,minmax,BOP,LINEARREG,SIN,HT_DCPERIOD,VAR,TRIX,COS,TAN
4971,min,-1.0,54.899237142857245,-0.9999953693030793,18.081508433833207,0.020114459998694656,-0.29802719916328657,-0.9978055815382924,-328.5945190865869
4971,max,1.0,71.16006857142858,0.9980013521136943,31.66501830973685,6.59975191439662,0.02930404707404133,0.9993470798456748,110.5913488422193
