stock,minmax,BOP,LINEARREG,SIN,HT_DCPERIOD,VAR,TRIX,COS,TAN
4977,min,-1.0,69.63524285714286,-0.9993734137136091,16.013416456555674,0.020386598410368606,-0.16636559872534873,-0.999593436735714,-28.235169064708067
4977,max,1.9909906506752293,49.27514571428571,1.9933353780270837,20.30233856947769,45.21431184319863,1.0140578007639234,1.9991449756597413,49.50367273270189
