stock,minmax,BOP,LINEARREG,SIN,HT_DCPERIOD,VAR,TRIX,COS,TAN
4977,min,-1.0,67.40851142857142,-0.9995149992890552,16.013405282755894,0.019103890403130208,-0.16636564882870353,-0.9993618322310096,-32.09636092288219
4977,max,0.9909857176305317,115.10803142857134,0.9926093405371805,36.315815070707934,42.388043517599726,0.8476926331134615,0.999151165278864,23.280856001733802
