stock,minmax,BOP,LINEARREG,SIN,HT_DCPERIOD,VAR,TRIX,COS,TAN
4979,min,-0.9857229559839316,20.454171428571442,-0.9999430783211286,17.177184226962257,0.0641014576035559,-0.0711447280045574,-0.9990505067718345,-93.71899236101243
4979,max,1.9857229559839316,20.345431428571374,1.9998799376586405,19.85606782437132,18.5138643399996,1.23463191044344,1.9924581184956636,182.702571062735
