stock,minmax,BOP,LINEARREG,SIN,HT_DCPERIOD,VAR,TRIX,COS,TAN
4979,min,-0.9857229559839316,20.454171428571442,-0.9999430783211286,17.177184226962257,0.0641014576035559,-0.0711447280045574,-0.9990505067718345,-93.71899236101243
4979,max,1.0,40.799602857142816,0.9999368593375118,37.03325205133358,18.577965797603156,1.1634871824388826,0.9934076117238291,88.98357870172258
