stock,minmax,BOP,LINEARREG,SIN,HT_DCPERIOD,VAR,TRIX,COS,TAN
4979,min,-0.9857038230555148,20.178234285714282,-0.9990533493169632,17.176969486987396,0.062392203999479534,-0.07114407190884631,-0.999965004241502,-21.36573067155085
4979,max,1.0,40.24917428571429,0.9983763113712384,37.03240018927148,18.07991091999861,1.1634865598282307,0.9993385584849517,22.96580175585789
