stock,minmax,BOP,LINEARREG,SIN,HT_DCPERIOD,VAR,TRIX,COS,TAN
5009,min,-1.0,22.113211428571436,-0.9977676926030976,15.668702244562706,0.00701074799962953,-0.1261516117162298,-0.9988078629098268,-67.73453790704201
5009,max,0.9374657909140666,30.779185714285738,0.9998910370952643,31.663929770941344,4.378259817599428,0.152634267485241,0.9999149643819613,32.31286114698601
