stock,minmax,BOP,LINEARREG,SIN,HT_DCPERIOD,VAR,TRIX,COS,TAN
5220,min,-1.0,25.883571428571415,-0.9118080936001511,19.2234548812057,0.0012370400010013327,-0.23959122203613958,-0.9998066281398991,-25.32739327879009
5220,max,2.0,3.674057142857187,1.9117796863630896,13.642164133302604,0.7251609199998938,0.2519768092548391,1.6535626838166764,157.9938870676482
