stock,minmax,BOP,LINEARREG,SIN,HT_DCPERIOD,VAR,TRIX,COS,TAN
5220,min,-1.0,25.020774285714314,-0.16619142685265073,19.22379534859095,0.0011564303996465242,-0.23959116980035722,-0.9995298314605504,-88.78691654666294
5220,max,1.0,28.572394285714285,0.9999365793424659,32.865211791734886,0.6788067295990459,0.012386381483131537,0.9999668603805185,29.28187145279168
