stock,minmax,BOP,LINEARREG,SIN,HT_DCPERIOD,VAR,TRIX,COS,TAN
5222,min,-1.0,102.35454571428576,-0.999631754448541,12.849350457065864,0.27528910237015225,-0.1666625193791016,-0.999042790348473,-18.6202421292644
5222,max,0.9642819220622233,139.03380285714286,0.9985609988429506,31.062817011673165,90.1189320263602,0.20889030645152573,0.9999435994471316,36.83801976632161
