stock,minmax,BOP,LINEARREG,SIN,HT_DCPERIOD,VAR,TRIX,COS,TAN
5222,min,-1.0,93.0445085714286,-0.9999227309939226,12.849392287390579,0.22749084163297084,-0.16666257590650657,-0.9975620086566903,-80.43724175889535
5222,max,0.9642837888834983,126.38743714285711,0.9996678189929501,31.062849901991008,74.47062983443539,0.20889013319247418,0.9994996524246998,38.787285262623165
