stock,minmax,BOP,LINEARREG,SIN,HT_DCPERIOD,VAR,TRIX,COS,TAN
5243,min,-0.9583589293549791,54.325305714285705,-0.9999308902695315,15.790155597523569,0.01948336158920938,-0.1115493673657042,-0.9992209589765616,-14.375565756916155
5243,max,0.9444216930907395,66.59318857142858,0.9999925344080722,31.508331331830693,12.372200827991946,0.17948908975133904,0.9994099912566103,258.79176150847405
