stock,minmax,BOP,LINEARREG,SIN,HT_DCPERIOD,VAR,TRIX,COS,TAN
5243,min,-0.9583475734791539,55.7960371428572,-0.9919300417953002,15.790127276788805,0.02055378560362442,-0.11154985732930722,-0.999999074631295,-111.90505958041686
5243,max,1.9028110047846925,12.600082857142723,1.9918901168298162,15.718445203943421,13.030585559992687,0.2910388364435468,1.997146762430539,123.1667807042593
