stock,minmax,BOP,LINEARREG,SIN,HT_DCPERIOD,VAR,TRIX,COS,TAN
5243,min,-0.9583475734791539,55.7960371428572,-0.9919300417953002,15.790127276788805,0.02055378560362442,-0.11154985732930722,-0.999999074631295,-111.90505958041686
5243,max,0.9444634313055386,68.39611999999993,0.9999600750345161,31.508572480732226,13.051139345596312,0.17948897911423956,0.9971476877992439,11.26172112384243
