stock,minmax,BOP,LINEARREG,SIN,HT_DCPERIOD,VAR,TRIX,COS,TAN
5269,min,-1.0,533.0097285714285,-0.9998446108102228,17.90672115740862,9.609008027706295,-0.809543929854939,-0.9998301731081732,-31.34224966954957
5269,max,1.0,1026.0695942857153,0.999841457845618,31.093314090750695,3361.065542456461,-0.4554072710343027,0.9998523546866467,56.71840155030388
