stock,minmax,BOP,LINEARREG,SIN,HT_DCPERIOD,VAR,TRIX,COS,TAN
5274,min,-1.0,1439.5130542857153,-0.9999058950470963,13.999541998715113,141.12872471427545,-0.5351021786438204,-0.9992366548644355,-55.19238250276111
5274,max,2.0,759.4347857142845,1.9992254058626238,23.883578258521023,26273.251911778003,0.7019476756562448,1.9991701017442698,128.07905229889138
