stock,minmax,BOP,LINEARREG,SIN,HT_DCPERIOD,VAR,TRIX,COS,TAN
5274,min,-1.0,1433.47640857143,-0.9998609206367353,13.999544374582122,139.9484029118903,-0.5351020830852371,-0.9998731674494841,-26.069539649789615
5274,max,1.0,2189.7264542857138,0.99964169172497,37.88311972690736,26193.300352008548,0.16684550840722068,0.9996615185389974,59.95264533864232
