stock,minmax,BOP,LINEARREG,SIN,HT_DCPERIOD,VAR,TRIX,COS,TAN
5288,min,-1.0,138.21917714285723,-0.9993502314373576,16.74557306634947,0.20999355847379775,-0.035858438596658715,-0.9913341356355964,-28.4564886745683
5288,max,2.0,41.712865714285584,1.9987333447850117,11.341272004562025,46.93683614323163,0.2886240485636238,1.991334028883506,56.18291719318079
