stock,minmax,BOP,LINEARREG,SIN,HT_DCPERIOD,VAR,TRIX,COS,TAN
5289,min,-1.0,129.29550285714282,-0.9979173045999147,18.03279659686251,0.26485413838599925,-0.3232414626494595,-0.9996212019365108,-38.56131405701406
5289,max,1.0,166.61154571428574,0.9999272984730226,35.175928778488256,31.518630989594385,0.12308796550157819,0.9999833145801891,82.92577795164573
