stock,minmax,BOP,LINEARREG,SIN,HT_DCPERIOD,VAR,TRIX,COS,TAN
5289,min,-1.0,136.12670285714296,-0.9985512860660655,18.03278594751282,0.29360118407930713,-0.323241483282688,-0.997338530402586,-145.22650581298498
5289,max,2.0,39.287648571428406,1.9985275798201956,17.143079538018434,34.643293053584785,0.4463295660218858,1.9966267373094508,156.1798776193918
