stock,minmax,BOP,LINEARREG,SIN,HT_DCPERIOD,VAR,TRIX,COS,TAN
5306,min,-1.0,126.91965142857133,-0.9999706183717663,13.326134663631002,0.3738747055613203,-0.2026901957372207,-0.995539696678584,-42.47013433557464
5306,max,2.0,25.58091142857144,1.9996935275138998,17.00097484909459,31.99643075201311,0.19291875386704405,1.9949744887270024,172.91815751315494
