stock,minmax,BOP,LINEARREG,SIN,HT_DCPERIOD,VAR,TRIX,COS,TAN
5306,min,-1.0,125.76569142857127,-0.9999535908600633,13.376680363802702,0.36713199761652504,-0.20264817085565712,-0.9915361032193528,-103.79301444932598
5306,max,1.0,151.1138742857144,0.9998525462040698,30.32703118940021,31.783589401617064,-0.009570976790551633,0.9994946943902892,58.2249320912369
