stock,minmax,BOP,LINEARREG,SIN,HT_DCPERIOD,VAR,TRIX,COS,TAN
5306,min,-1.0,126.38487428571423,-0.9980692453929977,13.376726424598587,0.37075082645606017,-0.20264891296443155,-0.9995339777847809,-12.447749636805092
5306,max,1.0,151.85788857142853,0.9995361790400753,30.32722342256772,32.09773685847176,-0.00957174262239402,0.9981620836928623,32.82152076320136
