stock,minmax,BOP,LINEARREG,SIN,HT_DCPERIOD,VAR,TRIX,COS,TAN
5309,min,-1.0,34.55661714285714,-0.99148595530424,12.850075589999053,0.04705960000228515,-0.16710130649103538,-0.9973297129487224,-37.177050680145555
5309,max,0.9583333333333338,41.90915999999997,0.9997556243663366,31.439218535717828,5.308353854403094,0.19216103947745644,0.9998154582190066,45.224777841665826
