stock,minmax,BOP,LINEARREG,SIN,HT_DCPERIOD,VAR,TRIX,COS,TAN
5309,min,-1.0,34.55661714285714,-0.99148595530424,12.850075589999053,0.04705960000228515,-0.16710130649103538,-0.9973297129487224,-37.177050680145555
5309,max,1.958333333333334,7.352542857142829,1.9912415796705765,18.589142945718777,5.261294254400809,0.3592623459684918,1.997145171167729,82.40182852181138
