stock,minmax,BOP,LINEARREG,SIN,HT_DCPERIOD,VAR,TRIX,COS,TAN
5340,min,-1.0,22.560000000000024,-0.999988142591743,18.259704827577906,0.0016000000000531145,-0.3183980133021791,-0.9922804951434391,-205.3460027731648
5340,max,1.0,30.14285714285714,0.9953511049115591,28.846690452234533,1.3963999999999714,-0.027024631913474817,0.9998510711037066,22.143061504363118
