stock,minmax,BOP,LINEARREG,SIN,HT_DCPERIOD,VAR,TRIX,COS,TAN
5347,min,-1.0,55.49206857142856,-0.9999288555457803,15.29527880602403,0.08905413759748626,-0.6254745340208201,-0.9998969791690787,-83.82842411164235
5347,max,0.94739607659972,81.85110000000006,0.9986142772418651,27.67636278002209,17.7236082943964,0.16935413816736578,0.9999997210491419,41.759533025987814
