stock,minmax,BOP,LINEARREG,SIN,HT_DCPERIOD,VAR,TRIX,COS,TAN
5347,min,-1.0,56.41320000000003,-0.9990732015495807,15.295259108187398,0.0920550944038041,-0.6254740459852637,-0.9999504566175477,-15.835554511677378
5347,max,0.94733819560099,83.20983714285721,0.9980120433432025,27.676508024142237,18.316782701612283,0.1693543425051347,0.9998761542699911,23.210810814710836
