stock,minmax,BOP,LINEARREG,SIN,HT_DCPERIOD,VAR,TRIX,COS,TAN
5353,min,-1.0,19.199160000000024,-0.9998958863392805,13.894861110368435,0.0758370760007665,-0.2097994416487059,-0.9993917262051764,-19.48197728427473
5353,max,1.0,39.5781457142857,0.9988797871276612,31.292479377108315,5.55345226000145,0.879666237216159,0.9970937087481587,69.29425496089941
