stock,minmax,BOP,LINEARREG,SIN,HT_DCPERIOD,VAR,TRIX,COS,TAN
5353,min,-1.0,19.993300000000016,-0.9999917184124583,13.894868447343358,0.08224092640000435,-0.209799687611123,-0.9999734950162287,-245.7115130101426
5353,max,2.0,21.221905714285693,1.9908380313650698,17.397461537909685,5.940111400000546,1.0894656780189749,1.9997087342391864,268.1533329093346
