stock,minmax,BOP,LINEARREG,SIN,HT_DCPERIOD,VAR,TRIX,COS,TAN
5371,min,-1.0,41.42730857142859,-0.9995208782339726,17.411986171659677,0.16419625360140344,-0.39879115182700486,-0.9999978163607355,-146.28405433000728
5371,max,1.8750083061997485,22.543862857142848,1.999497513501841,17.62882981388043,20.269958176000273,0.7523005933716242,1.9999940266609726,231.90551244502336
