stock,minmax,BOP,LINEARREG,SIN,HT_DCPERIOD,VAR,TRIX,COS,TAN
5388,min,-0.9807736563526444,67.49403142857149,-0.9970004956810666,13.379964763197727,0.06961461999344465,-0.2867269606260492,-0.9999799590802689,-566.477216345056
5388,max,0.9375016998014638,95.98445142857148,0.999998441868546,25.170781122709734,43.765193813589576,0.37661625913363306,0.9999503834635872,257.026663024825
