stock,minmax,BOP,LINEARREG,SIN,HT_DCPERIOD,VAR,TRIX,COS,TAN
5388,min,-0.9807736563526444,67.49403142857149,-0.9970004956810666,13.379964763197727,0.06961461999344465,-0.2867269606260492,-0.9999799590802689,-566.477216345056
5388,max,1.9182753561541082,28.490419999999986,1.9969989375496127,11.790816359512007,43.69557919359613,0.6633432197596822,1.9999303425438562,823.503879369881
