stock,minmax,BOP,LINEARREG,SIN,HT_DCPERIOD,VAR,TRIX,COS,TAN
5425,min,-0.9824554563530735,55.96282571428569,-0.9943477633317719,17.533099488288663,0.14127783839921904,-0.18874428140693844,-0.9999855871289642,-15.929413005662996
5425,max,0.960783459334626,89.18502000000007,0.9985070932265594,35.19539545412463,58.26008597439795,0.303785673725554,0.9999390777133947,18.280242940839514
