stock,minmax,BOP,LINEARREG,SIN,HT_DCPERIOD,VAR,TRIX,COS,TAN
5425,min,-0.982447512767164,57.6768542857143,-0.9997507548665457,17.533107214091434,0.15005995439241815,-0.18874422204885333,-0.9968944428990083,-25.85501458557202
5425,max,1.943233070013909,34.23973428571429,1.9956330808224494,17.66244179587893,61.73320128799787,0.49253026726888693,1.9968942979730513,70.63567171677829
