stock,minmax,BOP,LINEARREG,SIN,HT_DCPERIOD,VAR,TRIX,COS,TAN
5434,min,-1.0,119.00316571428569,-0.998311533226093,17.283296261712316,0.03300762240905897,-0.22173643646438146,-0.999335600325705,-17.18653122865166
5434,max,1.0,154.15908285714298,0.9953929575990531,42.52202265723622,22.561872678405052,0.16816847397995716,0.9999989449365828,10.674358181255842
