stock,minmax,BOP,LINEARREG,SIN,HT_DCPERIOD,VAR,TRIX,COS,TAN
5439,min,-1.0,34.04341714285715,-0.9999191589120703,15.947489825593697,0.001213093592923542,-0.3436963557475581,-0.9999893315632076,-95.30875879018633
5439,max,1.0,44.865291428571425,0.9999449612551716,34.605629246379614,1.8155949495917412,0.0859840582389193,0.9999993819025491,78.63983517530579
