stock,minmax,BOP,LINEARREG,SIN,HT_DCPERIOD,VAR,TRIX,COS,TAN
5439,min,-1.0,35.49131142857144,-0.999988476069176,15.947496906895433,0.001317259996994835,-0.34369726967958814,-0.9939236147061887,-31.74376959473422
5439,max,2.0,11.282157142857116,1.999492649366222,18.65851158077107,1.9721217175992933,0.42968214793689397,1.9939230226635032,240.03976823430398
