stock,minmax,BOP,LINEARREG,SIN,HT_DCPERIOD,VAR,TRIX,COS,TAN
5457,min,-1.0,42.93670285714281,-0.9999592428093546,17.150027552051125,0.0592638943876409,-0.21601891307874155,-0.9928038966522224,-110.75659760926895
5457,max,2.0,17.5764542857143,1.999422066561448,21.985593659032485,19.319636661596178,0.4372659509114918,1.9927217530781602,141.25320839615006
