stock,minmax,BOP,LINEARREG,SIN,HT_DCPERIOD,VAR,TRIX,COS,TAN
5457,min,-1.0,42.666208571428555,-0.9989362665173339,17.150015690799318,0.058506634394234425,-0.2160193971967872,-0.9978973003794847,-21.663164225190894
5457,max,1.0,60.13204571428571,0.9996118213212959,39.13543700711469,19.13564375439455,0.22124714648343868,0.9999583014282465,35.87919553236336
