stock,minmax,BOP,LINEARREG,SIN,HT_DCPERIOD,VAR,TRIX,COS,TAN
5469,min,-1.0,25.71017428571428,-0.9999928943467117,16.782154106723638,0.005639728001710864,-0.38302741778452054,-0.9990913136914927,-297.40155867482014
5469,max,1.0,32.55915428571431,0.9999943469888628,36.7351847955661,4.014941208001005,0.15545853187028946,0.9999921058019012,26.34645769167155
