stock,minmax,BOP,LINEARREG,SIN,HT_DCPERIOD,VAR,TRIX,COS,TAN
5469,min,-1.0,26.49132285714284,-0.9999815788757902,16.781650323654418,0.00598160639674461,-0.38302739968197885,-0.9999996523201682,-164.74829794927902
5469,max,2.0,7.0570742857142505,1.9998036882442118,19.955024134927918,4.256593989599992,0.5384851880964603,1.9985434384703504,173.47929343559943
