stock,minmax,BOP,LINEARREG,SIN,HT_DCPERIOD,VAR,TRIX,COS,TAN
5469,min,-1.0,27.513345714285716,-0.9997905011456876,16.781830884678712,0.006454017598116479,-0.3830276129853205,-0.9991826619452687,-48.845654083683165
5469,max,1.0,34.84270571428573,0.9990593594839492,36.735602258316796,4.597811381598262,0.15545800172644952,0.9977612552250957,14.985990794118807
