stock,minmax,BOP,LINEARREG,SIN,HT_DCPERIOD,VAR,TRIX,COS,TAN
5522,min,-1.0,46.495462857142876,-0.9999921138511807,16.713018278375277,0.008612240002548788,-0.21760960620379466,-0.9999998138303331,-11.915433122465217
5522,max,2.0,9.688420000000022,1.9943392248858418,17.064424676900625,2.033954646400616,0.2694975695561763,1.9996570728719714,263.71208399064466
