stock,minmax,BOP,LINEARREG,SIN,HT_DCPERIOD,VAR,TRIX,COS,TAN
5871,min,-0.9374982525791923,128.87650285714284,-0.9999807321322796,17.203056150443302,0.43169830565238954,-0.4176898427316389,-0.9902800776759069,-161.08752098581618
5871,max,1.0,202.76106571428576,0.9999832673517033,32.476576160268536,124.5225292840696,0.08997840115889666,0.9968274860159773,172.8610754339021
