stock,minmax,BOP,LINEARREG,SIN,HT_DCPERIOD,VAR,TRIX,COS,TAN
5871,min,-0.937502626823015,128.59711714285723,-0.9993221313428717,17.203040515204627,0.4299119256429549,-0.4176897155559134,-0.999943339528314,-27.145093505417133
5871,max,1.0,202.32151428571433,0.9998107469089492,32.47652263588688,123.98340982164518,0.08997940502912805,0.9989590099415004,51.39275044250819
