stock,minmax,BOP,LINEARREG,SIN,HT_DCPERIOD,VAR,TRIX,COS,TAN
5876,min,-1.0,42.6976371428571,-0.9987395485407227,16.02826000831362,0.003034396004750306,-0.12940274205380797,-0.999887349120823,-19.898075848314093
5876,max,1.9286351471900065,7.361671428571476,1.9985376814227909,12.113543754784406,2.8209171776015864,0.2883456066053225,1.9995091695878635,69.65877237600284
