stock,minmax,BOP,LINEARREG,SIN,HT_DCPERIOD,VAR,TRIX,COS,TAN
5880,min,-1.0,22.127988571428578,-0.9997367772863718,16.973109238777575,0.0033803103999616724,-0.10679270490203674,-0.9953232308074685,-16.687058176320576
5880,max,2.0,4.2189800000000055,1.744218864390898,20.744010149359504,0.29282738400024755,0.25557281692403233,1.9941012622078826,60.26207574092157
