stock,minmax,BOP,LINEARREG,SIN,HT_DCPERIOD,VAR,TRIX,COS,TAN
5904,min,-1.0,283.78569714285703,-0.9997763155830215,15.05105469318093,6.8918311893357895,-0.4790001374094355,-0.9999285719563226,-70.2282873308741
5904,max,1.0,445.50812285714267,0.9998986369164626,33.11246816842136,602.2468192855304,0.5616578060055,0.9995690361557418,47.27094332165563
