stock,minmax,BOP,LINEARREG,SIN,HT_DCPERIOD,VAR,TRIX,COS,TAN
6104,min,-1.0,74.84192571428574,-0.9949624763939571,15.841682697112674,0.0461347360005675,-0.89936992228139,-0.9999333817506261,-24.722518546307157
6104,max,1.0,134.5782742857142,0.9991829435493045,35.745961165919184,64.12180261198955,-0.4302618744572939,0.99441955538398,19.44723782065112
