stock,minmax,BOP,LINEARREG,SIN,HT_DCPERIOD,VAR,TRIX,COS,TAN
6104,min,-1.0,74.84192571428574,-0.9949624763939571,15.841682697112674,0.0461347360005675,-0.89936992228139,-0.9999333817506261,-24.722518546307157
6104,max,2.0,59.736348571428465,1.9941454199432616,19.90427846880651,64.07566787598898,0.4691080478240961,1.994352937134606,44.16975636695828
