stock,minmax,BOP,LINEARREG,SIN,HT_DCPERIOD,VAR,TRIX,COS,TAN
6121,min,-1.0,193.97490285714247,-0.9999966167054272,15.197612723117647,0.3501777977216989,-0.22514787770385736,-0.9980435292629634,-60.63221986146772
6121,max,2.0,79.96828285714321,1.9998606368808334,15.965574560682256,252.37089186238882,0.4077177596251924,1.9971031523285379,445.05931867529
