stock,minmax,BOP,LINEARREG,SIN,HT_DCPERIOD,VAR,TRIX,COS,TAN
6125,min,-1.0,22.16456285714286,-0.9999996553764424,15.109110967822911,0.01000173839895524,-0.327023725070541,-0.9999944426195252,-27.047546459036653
6125,max,1.0,31.448820000000026,0.9999829615212001,33.07611448068063,2.214259889601067,0.38004730410714505,0.9989363599515534,1204.5155450535376
