stock,minmax,BOP,LINEARREG,SIN,HT_DCPERIOD,VAR,TRIX,COS,TAN
6129,min,-0.9565451124451207,26.532611428571403,-0.998662291083705,16.885332877969816,0.06253242160028094,-0.38307883426331735,-0.9979930392390927,-108.96338292531262
6129,max,0.9090738774745509,41.52772571428573,0.9999578903709628,42.02405350501972,3.4786307024003236,0.388446897089767,0.9989916326887136,19.313817850421653
