stock,minmax,BOP,LINEARREG,SIN,HT_DCPERIOD,VAR,TRIX,COS,TAN
6138,min,-1.0,95.7571914285714,-0.9999988273889925,20.08287790903751,0.2132048104031128,-0.7193206469435887,-0.999998810452713,-652.9916635854804
6138,max,2.0,44.71450285714273,1.9999970270802159,21.15986936953396,64.09877279759348,0.5509530400955809,1.999997425221565,659.3878459541788
