stock,minmax,BOP,LINEARREG,SIN,HT_DCPERIOD,VAR,TRIX,COS,TAN
6138,min,-1.0,92.57242285714288,-0.9999822756179871,20.08288845833345,0.19924663834717649,-0.7193201604340449,-0.9962932603146453,-24.10962441940286
6138,max,1.0,135.7998371428571,0.9991409287225509,41.243610274383876,60.10577738234497,-0.16836764044898533,0.9997915019657555,167.95528646989104
