stock,minmax,BOP,LINEARREG,SIN,HT_DCPERIOD,VAR,TRIX,COS,TAN
6143,min,-0.9743434621201706,37.33481714285718,-0.9995910243285324,17.05177573320175,0.13893652239858056,-0.02032041517613381,-0.9998925379937472,-144.4809793056765
6143,max,1.0,69.78315714285716,0.9999760484817567,33.334821178948275,32.1270707383992,0.4449847494182757,0.9990597658730827,34.95449413950877
