stock,minmax,BOP,LINEARREG,SIN,HT_DCPERIOD,VAR,TRIX,COS,TAN
6143,min,-0.9743434621201706,37.33481714285718,-0.9995910243285324,17.05177573320175,0.13893652239858056,-0.02032041517613381,-0.9998925379937472,-144.4809793056765
6143,max,1.9743434621201708,32.44833999999998,1.9995670728102892,16.283045445746524,31.988134216000617,0.4653051645944095,1.99895230386683,179.43547344518527
