stock,minmax,BOP,LINEARREG,SIN,HT_DCPERIOD,VAR,TRIX,COS,TAN
6153,min,-1.0,19.470571428571425,-0.9999581856758148,16.25036169440474,0.00893626560082339,-0.05551097734344257,-0.999999337110456,-16.55050481926431
6153,max,1.0,29.59249428571428,0.9993062152347725,31.604598913439634,5.626086813601887,0.3556906331899423,0.9976656469950661,109.34749566533935
