stock,minmax,BOP,LINEARREG,SIN,HT_DCPERIOD,VAR,TRIX,COS,TAN
6176,min,-1.0,74.48007999999993,-0.9999999999197794,15.321749959188807,0.06752445039637678,-0.18734583761126355,-0.9995878088177286,-9.072505656678512
6176,max,2.0,21.783811428571482,1.9985374585820668,25.827258956659378,5.268738547202702,0.351059467452286,1.9984926220296382,78957.23213403198
