stock,minmax,BOP,LINEARREG,SIN,HT_DCPERIOD,VAR,TRIX,COS,TAN
6187,min,-1.0,52.310165714285674,-0.9923270460834466,13.785312885708898,0.27997587599975304,-0.6657197226974332,-0.999970593613366,-97.27296044612662
6187,max,1.0,81.86200285714287,0.9999471613984515,39.47267871732509,18.170634978400813,-0.07166500067240511,0.9985030327211389,54.62282525054273
