stock,minmax,BOP,LINEARREG,SIN,HT_DCPERIOD,VAR,TRIX,COS,TAN
6187,min,-1.0,53.08815714285712,-0.9999979424684493,13.785291968197406,0.2883877935523742,-0.6657200301818156,-0.9999666341710731,-492.95931810788096
6187,max,2.0,29.991302857142877,1.9998904266066568,25.687555195316172,18.42668258398271,0.5940543097309514,1.9996575999894217,561.1482220371481
