stock,minmax,BOP,LINEARREG,SIN,HT_DCPERIOD,VAR,TRIX,COS,TAN
6188,min,-1.0,31.532540000000033,-0.9999104291349982,16.574892598493534,0.012490276003063627,-0.18151011666756034,-0.9999191121998839,-74.7089171013052
6188,max,2.0,9.000271428571402,1.999877558105744,17.487963686668813,3.0971345584000574,0.43759515291708073,1.996494129608468,198.03860820293067
