stock,minmax,BOP,LINEARREG,SIN,HT_DCPERIOD,VAR,TRIX,COS,TAN
6197,min,-1.0,31.550720000000016,-0.9999396711653358,14.307070463471074,0.007839978401989356,-0.15418278882463055,-0.9999802757744957,-596.2535435401762
6197,max,2.0,6.6154285714285415,1.9999382647708919,20.827115965988224,1.5027437551998446,0.35648714511512525,1.9996759013009877,623.4037309073254
