stock,minmax,BOP,LINEARREG,SIN,HT_DCPERIOD,VAR,TRIX,COS,TAN
6197,min,-1.0,30.845917142857104,-0.9999957498854135,14.307075818676612,0.0074899384007949266,-0.15418226540921953,-0.9873672295498204,-87.12591516727434
6197,max,1.0,37.31353142857145,0.9999341383825877,35.13495698926737,1.4438393184018423,0.20230404570400484,0.999438530735931,342.99145319364726
