stock,minmax,BOP,LINEARREG,SIN,HT_DCPERIOD,VAR,TRIX,COS,TAN
6206,min,-1.0,55.81281142857145,-0.9991885751401319,13.481088778459181,0.04910360559915716,-0.4551716487668389,-0.9999998830363811,-26.100521745616835
6206,max,2.0,29.638431428571437,1.9984554234896832,23.477749192225858,17.238129154403396,0.7884031708489503,1.9993276958748352,33.2884580455822
