stock,minmax,BOP,LINEARREG,SIN,HT_DCPERIOD,VAR,TRIX,COS,TAN
6206,min,-1.0,53.29304857142854,-0.999842592580709,13.481032076187384,0.04477738157447675,-0.455171964930412,-0.999790217166492,-56.353530218637665
6206,max,1.0,81.59336000000002,0.9933412858098136,36.95980514270274,15.761401738373934,0.3332306385064765,0.9995174358172341,35.292117885636806
