stock,minmax,BOP,LINEARREG,SIN,HT_DCPERIOD,VAR,TRIX,COS,TAN
6235,min,-0.8985559458404632,28.267908571428563,-0.9999312018860774,12.840814116585712,0.027534880000530393,-0.3444800773512502,-0.9959724095202005,-11.768385120973752
6235,max,0.9599801143425295,40.33618571428572,0.999879522786114,28.029498024586015,9.450301450399593,0.3588334680812544,0.9947911141255371,85.24606210006588
