stock,minmax,BOP,LINEARREG,SIN,HT_DCPERIOD,VAR,TRIX,COS,TAN
6235,min,-0.8985533130916241,28.509825714285736,-0.9999919378253251,12.84078198073242,0.0280058424004892,-0.3444805735523859,-0.9908178043505379,-23.08853706093178
6235,max,1.8585434543995438,12.17152285714285,1.9974098883205857,15.189065784020553,9.58451578160043,0.7033142451987162,1.9889379216365295,272.1211781514521
