stock,minmax,BOP,LINEARREG,SIN,HT_DCPERIOD,VAR,TRIX,COS,TAN
6239,min,-1.0,62.379477142857084,-0.9991502727867597,19.92540197370008,0.016081418379144452,-0.2622935710883456,-0.9999186653421094,-26.822196821017226
6239,max,1.0,78.55578571428578,0.9995425218277508,39.0039468403137,10.836505806381865,0.021559362504186552,0.9999589437931422,33.04842473769277
