stock,minmax,BOP,LINEARREG,SIN,HT_DCPERIOD,VAR,TRIX,COS,TAN
6245,min,-1.0,50.60772571428564,-0.9993323695586676,13.365949986131564,0.031068165596479957,-0.12073110934143205,-0.9985301909055577,-27.352648905981617
6245,max,0.9199964794930489,85.8983571428572,0.9991202025582335,34.25141557106726,36.19573653759562,0.3609899347094325,0.9988894817965374,22.993008231649295
