stock,minmax,BOP,LINEARREG,SIN,HT_DCPERIOD,VAR,TRIX,COS,TAN
6245,min,-1.0,48.41080000000002,-0.9996601593153226,13.365960586801483,0.02843438959780542,-0.12073058139662196,-0.9995754724271151,-13.803085697813502
6245,max,0.9199999999999986,82.16940571428572,0.9998937314073867,34.251672560483634,33.121317109604206,0.360989516084409,0.9929672396014748,68.58796564437121
