stock,minmax,BOP,LINEARREG,SIN,HT_DCPERIOD,VAR,TRIX,COS,TAN
6269,min,-1.0,68.24723428571427,-0.9999462046454084,16.656655008858635,0.04346353361597721,-0.17411964360668497,-0.9975240925459264,-2737.519167696028
6269,max,2.0,31.0864714285715,1.999946137925472,15.812528080474635,16.87061538479702,0.4104333027520668,1.9942864400444864,2762.7597844491243
