stock,minmax,BOP,LINEARREG,SIN,HT_DCPERIOD,VAR,TRIX,COS,TAN
6269,min,-1.0,68.24723428571427,-0.9999462046454084,16.656655008858632,0.04346353361597721,-0.17411964360668497,-0.9975240925459264,-2737.519167696028
6269,max,1.0,99.33370571428577,0.9999999332800636,32.46918308933327,16.914078918412997,0.23631365914538183,0.9967623474985601,25.240616753095992
