stock,minmax,BOP,LINEARREG,SIN,HT_DCPERIOD,VAR,TRIX,COS,TAN
6271,min,-1.0,125.73017142857151,-0.9985443156913837,16.979524430751383,0.15919891350131365,-0.4180616498095757,-0.9985537011539097,-18.513002171716423
6271,max,2.0,47.91379999999987,1.998534572625525,15.06860581157077,113.83131108401722,0.38020211211073907,1.9985476060458573,245.04732347176156
