stock,minmax,BOP,LINEARREG,SIN,HT_DCPERIOD,VAR,TRIX,COS,TAN
6271,min,-1.0,123.75146571428576,-0.9999420725076187,16.979529212782523,0.1542342544089479,-0.418059778023816,-0.9994720531612182,-92.90172305391155
6271,max,1.0,170.9113485714285,0.9985345879689451,32.04840392138482,110.43172864159715,-0.037860665666922255,0.9990641155043364,18.45131835160618
