stock,minmax,BOP,LINEARREG,SIN,HT_DCPERIOD,VAR,TRIX,COS,TAN
6274,min,-1.0,36.677517142857184,-0.9992926818148522,18.79989431425116,0.02511604000847001,-0.5713815601435246,-0.9998845505607304,-993.5189896013201
6274,max,1.0,53.84107714285714,0.9999994934558203,33.95284917927577,7.733278781611489,-0.03523184823635006,0.9997707752458785,13.82477066973831
