stock,minmax,BOP,LINEARREG,SIN,HT_DCPERIOD,VAR,TRIX,COS,TAN
6278,min,-1.0,64.84188000000003,-0.9996853293542474,16.801955709564044,0.12098186241382791,-0.3913852475979418,-0.9998801305274095,-39.85239010542283
6278,max,2.0,35.21213142857134,1.9975816239265067,22.823655230112973,58.23149818558795,0.5375823534009783,1.9998731976161297,55.24479488170427
