stock,minmax,BOP,LINEARREG,SIN,HT_DCPERIOD,VAR,TRIX,COS,TAN
6279,min,-0.9411750314980867,119.14783714285709,-0.9958486189621815,14.542846372830219,0.6105390984521364,-0.0614169199331549,-0.9999573984208334,-78.56939313153535
6279,max,0.9230680355197552,176.3758285714286,0.9999190139072043,29.744558198687578,85.80392469047001,0.4555733927344541,0.9992332643279942,48.07086652654382
