stock,minmax,BOP,LINEARREG,SIN,HT_DCPERIOD,VAR,TRIX,COS,TAN
6284,min,-1.0,36.57964000000002,-0.999940444318972,18.503386649836465,0.0589209695936006,-0.342849236782361,-0.9998022043723283,-91.62289401529189
6284,max,1.0,49.99217714285712,0.9999938978152497,33.59749401102005,6.583613278397479,0.07283557679202968,0.996937047134615,286.24660101768393
