stock,minmax,BOP,LINEARREG,SIN,HT_DCPERIOD,VAR,TRIX,COS,TAN
6284,min,-1.0,37.32613428571426,-0.9998397845380359,18.503326830755622,0.06136100959429314,-0.34284977524693394,-0.9999942546204413,-39.992984176874906
6284,max,2.0,13.68626000000004,1.9987122595227769,15.093738586252453,6.7936532079988865,0.41568447168677247,1.9998676639163375,95.85036898762363
