stock,minmax,BOP,LINEARREG,SIN,HT_DCPERIOD,VAR,TRIX,COS,TAN
6285,min,-1.0,57.288911428571424,-0.9982168514605175,13.933212249608665,0.0144148400040649,-0.1126210227235469,-0.9999484457965071,-4.6512424472422165
6285,max,0.9791695438014993,78.79759714285714,0.9994416033427571,33.99346528933807,9.131023374400229,0.41738123395285154,0.9999991239276094,29.91104984562795
