stock,minmax,BOP,LINEARREG,SIN,HT_DCPERIOD,VAR,TRIX,COS,TAN
6285,min,-1.0,57.28746571428571,-0.9981016352248615,13.933239484892063,0.014414840009521868,-0.11262149522983655,-0.9999642628332323,-4.694630643567128
6285,max,0.9791690643342144,78.79557428571438,0.9993763131842669,33.993408720489256,9.130549962406349,0.41738102396764454,0.9999948039282868,28.300786083825066
