stock,minmax,BOP,LINEARREG,SIN,HT_DCPERIOD,VAR,TRIX,COS,TAN
6290,min,-1.0,45.46040857142856,-0.9997875417185546,15.147984788327726,0.01882794960283718,-0.0730637611404128,-0.9996847555891419,-48.50415682484869
6290,max,0.9655045058354252,54.940900000000006,0.9998180055167222,38.860256305667676,5.69591317840559,0.2071219211653208,0.9917061461752239,52.40788152864192
