stock,minmax,BOP,LINEARREG,SIN,HT_DCPERIOD,VAR,TRIX,COS,TAN
6409,min,-1.0,1216.807505714287,-0.9993612712520036,15.256217813715914,91.59656774625182,-0.27142591613229516,-0.9997651192160255,-27.965246105230584
6409,max,1.9000014332602362,591.399305714283,1.9960177590437882,19.374523087181437,7813.15550298756,0.6221779678663664,1.9995510641445733,50.75667996960784
