stock,minmax,BOP,LINEARREG,SIN,HT_DCPERIOD,VAR,TRIX,COS,TAN
6409,min,-1.0,1191.0199514285716,-0.9999877226094068,15.256219039495589,87.75506484275684,-0.27142592102207264,-0.9999462703642902,-201.80316199067178
6409,max,0.899999372446641,1769.8858542857142,0.9999824050572556,34.630735116220954,7573.254567568656,0.3507520396393682,0.9999998455785134,168.5719622038023
