stock,minmax,BOP,LINEARREG,SIN,HT_DCPERIOD,VAR,TRIX,COS,TAN
6412,min,-1.0,58.008897142857144,-0.9999929940291867,15.765205795319478,0.006386738400578906,-0.10753759443040689,-0.999696098765528,-267.14592770231667
6412,max,1.0,65.16881714285716,0.9999274068751112,31.999898561877593,4.943680178403611,0.04564822299619742,0.9991821345077393,82.9876774345101
