stock,minmax,BOP,LINEARREG,SIN,HT_DCPERIOD,VAR,TRIX,COS,TAN
6414,min,-1.0,175.1655457142858,-0.9992569712289229,15.220807082721294,0.9090023464232218,-0.24389078086547444,-0.9990021257554046,-37.86944304987729
6414,max,2.0,53.60370285714282,1.998908501454257,15.138395362363006,78.98906158722093,0.4899689509664795,1.9984731990655922,63.840811874525755
