stock,minmax,BOP,LINEARREG,SIN,HT_DCPERIOD,VAR,TRIX,COS,TAN
6415,min,-1.0,358.63219428571443,-0.9999449233900546,12.327093292905865,1.9208528101444244e-09,-0.6338072548953466,-0.982682093294609,-95.2759881107525
6415,max,1.945946538965778,285.40230000000014,1.999007622045303,19.859941243264025,1219.7672916986048,0.3794107817239101,1.9824750617819515,118.35620663802878
