stock,minmax,BOP,LINEARREG,SIN,HT_DCPERIOD,VAR,TRIX,COS,TAN
6416,min,-1.0,71.12412857142863,-0.9999912500932207,15.691537654890546,0.09029037357413472,-0.22119535083443553,-0.9996875574431685,-40.66315207264785
6416,max,1.0,98.5825342857143,0.9991912843061791,28.935802075315017,25.705717061573523,0.33919583177932644,0.9996158145274621,239.04542651562593
