stock,minmax,BOP,LINEARREG,SIN,HT_DCPERIOD,VAR,TRIX,COS,TAN
6438,min,-1.0,64.93869142857139,-0.9993618457815964,14.682313486396382,0.08148297837851715,-0.3460774483132978,-0.9973221965129013,-56.78207009866427
6438,max,1.0,86.87920571428572,0.9998449590031674,37.1349526249261,14.118136015978052,-0.03839629832734781,0.9999585134070743,27.977843878989834
