stock,minmax,BOP,LINEARREG,SIN,HT_DCPERIOD,VAR,TRIX,COS,TAN
6443,min,-1.0,31.221722857142854,-0.9998749373292225,13.78859043314068,0.020278309601280853,-0.37519615572705334,-0.9994918500024429,-36.262394097947535
6443,max,1.968769876606028,9.990765714285697,1.999410545327776,13.12991776016203,3.5557721280001715,0.6654234232686296,1.9993894373244123,99.48616775726038
