stock,minmax,BOP,LINEARREG,SIN,HT_DCPERIOD,VAR,TRIX,COS,TAN
6443,min,-1.0,30.70990285714284,-0.9970970031922995,13.788620988023627,0.019615601602254173,-0.3751965138780955,-0.9999911611169083,-14.453536762253343
6443,max,0.9687681862269611,40.536891428571415,0.9996212699230891,26.918496613320634,3.459743621602911,0.29022765150688024,0.9999947947375655,36.324255065633324
