stock,minmax,BOP,LINEARREG,SIN,HT_DCPERIOD,VAR,TRIX,COS,TAN
6456,min,-1.0,67.59256285714282,-0.9997954339415837,12.503597687864115,0.009456813591896207,-0.260841490214625,-0.9996932648084703,-13.295398316481595
6456,max,0.9473451815873726,86.70774000000009,0.9998872017261307,28.64928408940184,11.044985187996645,0.17209548358716464,0.9998086775924677,66.5728319901278
