stock,minmax,BOP,LINEARREG,SIN,HT_DCPERIOD,VAR,TRIX,COS,TAN
6456,min,-1.0,67.59256285714282,-0.9997954339415837,12.503597687864115,0.009456813591896207,-0.260841490214625,-0.9996932648084703,-13.295398316481595
6456,max,1.9473451815873726,19.115177142857263,1.9996826356677144,16.145686401537723,11.035528374404748,0.43293697380178964,1.9995019424009381,79.86823030660939
