stock,minmax,BOP,LINEARREG,SIN,HT_DCPERIOD,VAR,TRIX,COS,TAN
6469,min,-1.0,175.03415999999993,-0.999436698030756,14.524590742035464,0.453118537683622,0.02074475590847502,-0.9995932615478439,-71.40743242788173
6469,max,2.0,81.07233714285718,1.9993386544202876,12.494676565110801,201.52367038230295,0.4551691287323578,1.999140746187241,111.3618348322343
