stock,minmax,BOP,LINEARREG,SIN,HT_DCPERIOD,VAR,TRIX,COS,TAN
6472,min,-0.9767470228565333,149.08668571428566,-0.9999746816607114,16.717912941539854,3.332928060004633,0.24886690228360653,-0.9999415964005851,-843.3928371000966
6472,max,1.9767470228565331,214.18040571428568,1.9999739787345132,20.119076524847923,695.0148404182364,0.7134241085424042,1.9988900262814326,983.9196340996806
