stock,minmax,BOP,LINEARREG,SIN,HT_DCPERIOD,VAR,TRIX,COS,TAN
6472,min,-0.9767444021183684,146.801882857143,-0.9997599729432037,16.71789205377464,3.2316553295386257,0.24886695866284114,-0.9994329361242056,-45.63275711363837
6472,max,1.0,357.69989428571427,0.9991332637280973,36.83702435911947,677.1061135217169,0.9622922274562962,0.9973978587553928,24.002642650063414
