stock,minmax,BOP,LINEARREG,SIN,HT_DCPERIOD,VAR,TRIX,COS,TAN
6488,min,-1.0,315.78882,-0.9990724080558776,20.05466718961457,4.28384391804866,-0.5270366903004753,-0.9998355500916136,-601.8448456270181
6488,max,2.0,173.87886285714262,1.999071027671568,12.097901797333137,1027.9993818906805,0.5194223447781532,1.9994544705634403,625.0457128368755
