stock,minmax,BOP,LINEARREG,SIN,HT_DCPERIOD,VAR,TRIX,COS,TAN
6491,min,-1.0,247.9197885714285,-0.999647923305874,15.314611017452847,0.5632314880203921,-0.5301186803386759,-0.9999882499887894,-40.118861085662296
6491,max,0.9615356232114622,426.7399171428571,0.9996894936402368,34.32001341835297,414.3066082056612,0.0497446565705717,0.9999947777671137,13.905050089315534
