stock,minmax,BOP,LINEARREG,SIN,HT_DCPERIOD,VAR,TRIX,COS,TAN
6505,min,-1.0,73.71127428571428,-0.9995682233914654,13.775078492390744,0.07114033600646508,-0.1499310866040382,-0.9996214494093596,-34.01846965757386
6505,max,0.9473944591028983,91.11701428571428,0.9988335248715312,27.80839730645997,6.89176137200684,0.058761069493429297,0.996279240718035,20.685549231045446
