stock,minmax,BOP,LINEARREG,SIN,HT_DCPERIOD,VAR,TRIX,COS,TAN
6510,min,-1.0,360.8274914285714,-0.9999636639060305,12.134716567903581,2.2109784797939938,-0.4981788877518656,-0.999923803465248,-117.30162985391681
6510,max,1.9302314549068524,112.2531542857144,1.999785062998893,20.304653976442516,851.9245664679329,0.5593909388092455,1.9999220795945183,170.20520132789022
