stock,minmax,BOP,LINEARREG,SIN,HT_DCPERIOD,VAR,TRIX,COS,TAN
6515,min,-1.0,289.14261714285715,-0.9999727834486187,14.213519058578779,0.6069734375341795,-0.2769558557417118,-0.9997275216636374,-135.53753709878208
6515,max,1.9393922421572096,134.89516285714308,1.9999438814334505,22.345256449262113,571.2574459167954,0.40829344956042624,1.9996917020038174,267.06351082948777
