stock,minmax,BOP,LINEARREG,SIN,HT_DCPERIOD,VAR,TRIX,COS,TAN
6531,min,-0.9615396929578813,137.1941914285715,-0.9999917464794952,13.956466052987132,1.514728203881532,-0.5917124589247202,-0.9998755375658693,-34.08859355223772
6531,max,1.908909843454061,68.80985714285711,1.9995617433209856,17.59747095391767,202.17176289355848,0.561809691826165,1.99958986743973,280.2175421626732
