stock,minmax,BOP,LINEARREG,SIN,HT_DCPERIOD,VAR,TRIX,COS,TAN
6533,min,-0.9599971111253766,228.9796857142858,-0.9996458162359617,18.473466741794724,17.3923460747028,-0.6198059776896025,-0.9999975229589831,-12.769081170949844
6533,max,1.9599971111253764,352.783602857143,1.9919457927366442,17.65511221107512,1657.7224094433623,1.3447488598069102,1.999993718776991,50.331650313758864
