stock,minmax,BOP,LINEARREG,SIN,HT_DCPERIOD,VAR,TRIX,COS,TAN
6546,min,-1.0,66.87576571428578,-0.9967256525173466,15.646696015449795,0.20776492798631807,-0.8147614049941243,-0.9998189695915047,-22.387175245210297
6546,max,1.0,133.3027114285714,0.9996086990668087,47.179562010479884,58.89558228158785,0.10994704016815682,0.9993220846776915,35.73568212662606
