stock,minmax,BOP,LINEARREG,SIN,HT_DCPERIOD,VAR,TRIX,COS,TAN
6561,min,-1.0,228.71707142857153,-0.9998925435549977,17.205084040938164,0.04470685432170285,-0.033790959057511394,-0.9997949558965813,-18.110030549921387
6561,max,1.0,254.0001028571428,0.998478962605929,34.314864217028614,85.93149123449984,0.10625823943346546,0.9987666465856688,68.20775649408242
