stock,minmax,BOP,LINEARREG,SIN,HT_DCPERIOD,VAR,TRIX,COS,TAN
6561,min,-1.0,235.63622285714285,-0.99995937935762,17.205127448666214,0.047461941561778076,-0.03379105266958504,-0.9997207223077826,-110.94260963568775
6561,max,2.0,26.047879999999907,1.99922961590377,17.109668517875104,91.16169852484018,0.14004992242764303,1.9997052748470572,115.18789981206442
