stock,minmax,BOP,LINEARREG,SIN,HT_DCPERIOD,VAR,TRIX,COS,TAN
6568,min,-1.0,108.13028285714275,-0.9999657174258196,18.534717588822204,0.7038262215719442,-0.5465569314797358,-0.9929259643917417,-50.48601420269114
6568,max,2.0,39.29883714285724,1.992441813629266,14.841391459177544,114.92654028799734,0.5547920087029423,1.9915990596493482,171.24991234722853
