stock,minmax,BOP,LINEARREG,SIN,HT_DCPERIOD,VAR,TRIX,COS,TAN
6568,min,-1.0,108.13028285714275,-0.9999657174258196,18.534717588822204,0.7038262215719442,-0.5465569314797358,-0.9929259643917417,-50.48601420269114
6568,max,1.0,147.42911999999998,0.9924760962034465,33.37610904799975,115.63036650956928,0.008235077223206488,0.9986730952576065,120.76389814453741
