stock,minmax,BOP,LINEARREG,SIN,HT_DCPERIOD,VAR,TRIX,COS,TAN
6569,min,-1.0,72.5170571428571,-0.9966142247694357,15.934664432579728,0.015182706407358637,-0.12220782030416544,-0.9971197383939833,-6.017117108773344
6569,max,1.0,81.59730285714289,0.9975913984161252,31.444154485728664,3.3932578976055083,0.004829798364269777,0.9980146647657281,14.381920455602272
