stock,minmax,BOP,LINEARREG,SIN,HT_DCPERIOD,VAR,TRIX,COS,TAN
6581,min,-1.0,67.36138,-0.9999802347840906,15.448088302814897,0.05923094638274051,-0.23102699855975795,-0.9995848380116152,-159.04784268715332
6581,max,1.9655110217859022,22.115651428571468,1.9998995232900416,22.628569521768434,26.39423028320016,0.4181093112845091,1.999188325768681,237.75079395805784
