stock,minmax,BOP,LINEARREG,SIN,HT_DCPERIOD,VAR,TRIX,COS,TAN
6581,min,-1.0,67.36138,-0.9999802347840906,15.448088302814899,0.05923094638274051,-0.23102699855975795,-0.9995848380116152,-159.04784268715335
6581,max,0.9655110217859023,89.47703142857146,0.9999192885059509,38.07665782458333,26.4534612295829,0.18708231272475118,0.9996034877570659,78.70295127090452
