stock,minmax,BOP,LINEARREG,SIN,HT_DCPERIOD,VAR,TRIX,COS,TAN
6589,min,-1.0,77.0914285714286,-0.9996478560364893,17.36746185895301,0.1576000000040949,-0.1155628238543649,-0.9992074342602034,-20.524889977137597
6589,max,0.9222222222222235,139.44285714285715,0.9998435753406666,35.05310724565683,65.20399999999972,0.6010317511452978,0.9998271922129018,56.530319213746886
