stock,minmax,BOP,LINEARREG,SIN,HT_DCPERIOD,VAR,TRIX,COS,TAN
6589,min,-1.0,77.0914285714286,-0.9996478560364893,17.36746185895301,0.1576000000040949,-0.1155628238543649,-0.9992074342602034,-20.524889977137597
6589,max,1.9222222222222234,62.351428571428556,1.999491431377156,17.685645386703822,65.04639999999563,0.7165945749996627,1.9990346264731054,77.05520919088448
