stock,minmax,BOP,LINEARREG,SIN,HT_DCPERIOD,VAR,TRIX,COS,TAN
6591,min,-1.0,34.32420285714285,-0.9996567780602983,17.40511806296577,0.0038377055982437014,-0.3925826248003639,-0.999964682425775,-8.37897583584716
6591,max,2.0,11.839171428571468,1.9913231143585564,16.125119303116257,4.6442297128007795,0.3652259431247473,1.9998520068255117,46.53698118450592
