stock,minmax,BOP,LINEARREG,SIN,HT_DCPERIOD,VAR,TRIX,COS,TAN
6605,min,-1.0,61.31833428571426,-0.9991378631207748,13.74453433243637,0.04675828160725359,-0.180122775686975,-0.9994507307344831,-12.917889216384992
6605,max,1.0,77.69535714285723,0.9999717248358649,29.46792825214304,8.376013369611428,0.41260179977680167,0.9996993094790246,132.9759877261288
