stock,minmax,BOP,LINEARREG,SIN,HT_DCPERIOD,VAR,TRIX,COS,TAN
6612,min,-1.0,62.814731428571406,-0.9997044616811609,14.144022382272453,0.01447797040509613,-0.13646513298199991,-0.9999355409164985,-19.717621488235334
6612,max,1.0,80.62602857142858,0.9999997985742993,34.539761672553304,19.610928105603307,0.21062575964241326,0.9999228270037929,1575.532967283047
