stock,minmax,BOP,LINEARREG,SIN,HT_DCPERIOD,VAR,TRIX,COS,TAN
6643,min,-1.0,200.45595428571397,-0.9998037769665761,18.60704561461179,6.301719145878451,-0.38689167506320565,-0.9999889585859799,-68.91824048141234
6643,max,2.0,274.4458314285718,1.99969852430864,16.123209818020374,1054.272373562344,1.039236843979685,1.99993895012028,122.94928887455453
