stock,minmax,BOP,LINEARREG,SIN,HT_DCPERIOD,VAR,TRIX,COS,TAN
6667,min,-1.0,50.6382542857143,-0.9998823130258876,16.22223527143092,0.0816825719807639,-0.3266946863495601,-0.9999386715847481,-16.748537281245806
6667,max,1.0,69.58262285714285,0.9998492479525811,34.41000009986939,10.718452801583226,0.18819545150361439,0.9999227207570492,65.17521433762246
