stock,minmax,BOP,LINEARREG,SIN,HT_DCPERIOD,VAR,TRIX,COS,TAN
6669,min,-1.0,562.871917142857,-0.9997575762379484,14.71753699006546,12.422568486013915,-0.5031759572392658,-0.9999850992276379,-5.102925528618925
6669,max,2.0,273.2272914285704,1.9990711708581674,12.945172731212383,2313.993573222833,0.678750624925073,1.99998498348695,50.50946819853746
