stock,minmax,BOP,LINEARREG,SIN,HT_DCPERIOD,VAR,TRIX,COS,TAN
6669,min,-1.0,562.871917142857,-0.9997575762379484,14.71753699006546,12.422568486013915,-0.5031759572392658,-0.9999850992276379,-5.102925528618925
6669,max,1.0,836.0992085714274,0.999313594620219,27.662709721277842,2326.416141708847,0.1755746676858072,0.9999998842593122,45.40654266991854
