stock,minmax,BOP,LINEARREG,SIN,HT_DCPERIOD,VAR,TRIX,COS,TAN
6670,min,-1.0,153.36741714285702,-0.9992891479431698,13.811320302029273,0.04472757363691926,-0.10644481881671997,-0.9972840036202762,-26.50719387665084
6670,max,1.0,184.94124571428557,0.9994113217118322,34.422519925272624,24.03076362646243,0.11775958346320614,0.9999985605944637,29.130918779089697
