stock,minmax,BOP,LINEARREG,SIN,HT_DCPERIOD,VAR,TRIX,COS,TAN
6670,min,-1.0,160.11752857142852,-0.9999998067695065,13.811369820668073,0.04875131757216877,-0.10644480882472385,-0.9918744142527565,-80.08754924813636
6670,max,2.0,32.9634485714285,1.9999218615979668,20.61132038071722,26.143697312007134,0.22420446141774297,1.9879833923346417,1688.6840060141872
