stock,minmax,BOP,LINEARREG,SIN,HT_DCPERIOD,VAR,TRIX,COS,TAN
6679,min,-1.0,169.6332142857142,-0.9997612588261594,15.727764692840616,0.8558677814216935,-0.7835033456865759,-0.997293040414355,-45.755527433668476
6679,max,2.0,87.4202857142858,1.9996504803333792,19.91735469569582,268.60788408490043,0.6913804491412434,1.9966301149176218,112.9326180507824
