stock,minmax,BOP,LINEARREG,SIN,HT_DCPERIOD,VAR,TRIX,COS,TAN
6683,min,-1.0,136.33283428571423,-0.9999009018064388,17.019415471900643,0.46163798647830845,-0.5080429112490292,-0.999563919712001,-151.50424306130222
6683,max,2.0,96.70368000000019,1.999879119381695,22.933133064565588,388.0193070671994,0.6941853495628592,1.9993885215784872,193.015956885261
