stock,minmax,BOP,LINEARREG,SIN,HT_DCPERIOD,VAR,TRIX,COS,TAN
6683,min,-1.0,134.18644571428578,-0.9999944807724437,17.019404897328883,0.4472249615646433,-0.5080427969927248,-0.9999997521550057,-300.98444682830166
6683,max,1.0,229.36773428571416,0.9979739165659797,39.95266026728413,376.3449485143574,0.1861435136081946,0.9999998631088821,15.685400806003372
