stock,minmax,BOP,LINEARREG,SIN,HT_DCPERIOD,VAR,TRIX,COS,TAN
6712,min,-1.0,124.79160285714279,-0.9994886695939446,16.808454495747828,0.10094282157660928,-0.16757609182685984,-0.9998451953111155,-25.21748301302262
6712,max,1.909084666620889,76.59754285714287,1.9988586242316642,13.751654414547463,188.66418271998555,0.7034151505122987,1.999746119389961,56.4759440351365
