stock,minmax,BOP,LINEARREG,SIN,HT_DCPERIOD,VAR,TRIX,COS,TAN
6712,min,-1.0,124.79160285714279,-0.9994886695939446,16.808454495747828,0.10094282157660928,-0.16757609182685984,-0.9998451953111155,-25.21748301302262
6712,max,0.9090846666208889,201.38914571428566,0.9993699546377196,30.56010891029529,188.76512554156216,0.5358390586854389,0.9999009240788456,31.25846102211388
