stock,minmax,BOP,LINEARREG,SIN,HT_DCPERIOD,VAR,TRIX,COS,TAN
6715,min,-1.0,98.3293828571428,-0.9944274366205046,16.078986707604216,0.13942382639288553,-0.3780424897794399,-0.9981382116324669,-61.18804084626957
6715,max,1.0,149.06110857142872,0.9998664788941878,30.397969281501105,45.2663766279893,0.6688887503047747,0.9979027193226715,17.61243748138791
