stock,minmax,BOP,LINEARREG,SIN,HT_DCPERIOD,VAR,TRIX,COS,TAN
6715,min,-1.0,100.58657142857143,-0.9997689887175361,16.07897830770441,0.1459240000040154,-0.3780425090490258,-0.9993956049026107,-194.04300492561487
6715,max,2.0,51.896291428571516,1.999755709717536,14.31909280478822,47.22280945840794,1.0469312958797383,1.9971072379040617,240.55801841896601
