stock,minmax,BOP,LINEARREG,SIN,HT_DCPERIOD,VAR,TRIX,COS,TAN
6719,min,-0.9642850375378498,220.0958771428571,-0.9994949399324142,12.238414626463076,5.452847029460827,-0.8597745341816898,-0.9996006884084788,-10.718410856324962
6719,max,1.9642850375378498,208.99667714285715,1.9990816916703635,14.013205811706996,1568.545096276619,0.637609930587224,1.9992799775944579,45.491626054253274
