stock,minmax,BOP,LINEARREG,SIN,HT_DCPERIOD,VAR,TRIX,COS,TAN
6781,min,-1.0,528.1725342857139,-0.9980599981586213,15.1806905021079,38.33020596602,-0.8305300663872139,-0.9999994763553827,-14.436276277939848
6781,max,1.98888866119752,584.6019399999996,1.9978954930432669,21.46887787729917,2867.456803230918,0.7694064111425591,1.999915652154769,69.56040151767188
