stock,minmax,BOP,LINEARREG,SIN,HT_DCPERIOD,VAR,TRIX,COS,TAN
6781,min,-1.0,518.2903885714285,-0.9997671543269492,15.180688521457085,36.909122103708796,-0.83053035308438,-0.9998347612022696,-67.72757520802797
6781,max,0.9888891209214472,1091.9543342857146,0.999891014694023,36.649572397898346,2798.0706365955994,-0.061124560456149446,0.9992540195098577,67.69473490316646
