stock,minmax,BOP,LINEARREG,SIN,HT_DCPERIOD,VAR,TRIX,COS,TAN
6788,min,-1.0,66.56272000000004,-0.9999829519058858,15.298895130654808,0.18941862558403955,-0.4279178347956769,-0.9998961338520793,-17.31915804557643
6788,max,2.0,52.548145714285624,1.9997888083674598,15.726081115687427,142.60038706399519,0.6037174245484556,1.999744856821167,188.5734766314896
