stock,minmax,BOP,LINEARREG,SIN,HT_DCPERIOD,VAR,TRIX,COS,TAN
6829,min,-1.0,59.99149142857142,-0.9999997015132357,19.22217367835037,0.032995145602399134,-0.1742464998880644,-0.9998837861797444,-1294.2624933596624
6829,max,0.9615353037766838,78.01220000000005,0.9993100404474707,35.44771571878262,45.45356161840209,0.2198043948252959,0.9994033142242587,26.90595190360933
