stock,minmax,BOP,LINEARREG,SIN,HT_DCPERIOD,VAR,TRIX,COS,TAN
8028,min,-1.0,45.055940000000014,-0.9996977763144519,13.354183831017217,0.06530900399820894,-0.41531704387441915,-0.999556316606423,-14.65858614598042
8028,max,0.9571362449168508,67.16873142857142,0.9978654878414639,28.620233906821184,21.934954602396374,0.37963085997927415,0.9998121660524173,40.665142223451014
