stock,minmax,BOP,LINEARREG,SIN,HT_DCPERIOD,VAR,TRIX,COS,TAN
8028,min,-1.0,45.055940000000014,-0.9996977763144519,13.354183831017217,0.06530900399820894,-0.41531704387441915,-0.999556316606423,-14.658586145980419
8028,max,1.9571362449168508,22.112791428571406,1.9975632641559158,15.266050075803967,21.869645598398165,0.7949479038536933,1.9993684826588403,55.323728369431436
