stock,minmax,BOP,LINEARREG,SIN,HT_DCPERIOD,VAR,TRIX,COS,TAN
8046,min,-0.9599971903206568,166.15234571428587,-0.9995917701332826,18.43694893033313,1.7433442976689548,-0.8276255107701802,-0.9967449653697015,-20.87548099593857
8046,max,0.9411726729247093,267.28853428571415,0.9971147504179715,38.16354894886497,308.3343489184117,0.04364345354284094,0.9998871104068034,34.9864287426481
