stock,minmax,BOP,LINEARREG,SIN,HT_DCPERIOD,VAR,TRIX,COS,TAN
8046,min,-0.9600030681643851,171.1733657142857,-0.9789756426684101,18.436957683030588,1.8502997338800924,-0.8276254804133298,-0.9990917994617853,-13.564007571478568
8046,max,1.9011839622950073,104.19246000000004,1.9762690184712293,19.726593732092166,325.4000431680397,0.8712689085016434,1.9990814731368758,24.500320431366802
