stock,minmax,BOP,LINEARREG,SIN,HT_DCPERIOD,VAR,TRIX,COS,TAN
8050,min,-0.9782568722993472,55.94000857142854,-0.9978124405803961,16.38287217756501,0.10155929440361433,-0.08706966471117017,-0.9999624988126402,-47.2073218244772
8050,max,1.9294675791252067,24.679405714285757,1.9975881530393274,13.554058880282934,19.902893391195448,0.7748631824931795,1.9998948451254797,77.74502680666002
