stock,minmax,BOP,LINEARREG,SIN,HT_DCPERIOD,VAR,TRIX,COS,TAN
8050,min,-0.9782460580105126,52.83885714285715,-0.9996737887991948,16.38283394143579,0.09061086400015483,-0.08706979938002402,-0.9998429182680557,-39.140763564339416
8050,max,0.9512135193425995,76.1501,0.996924423752858,29.93706764924886,17.84777642960762,0.6877933105831957,0.9996501378987666,15.663357005974673
