stock,minmax,BOP,LINEARREG,SIN,HT_DCPERIOD,VAR,TRIX,COS,TAN
8069,min,-1.0,148.39154285714295,-0.9999220081517557,17.12686265889483,1.3505864903927431,-0.2656839176680581,-0.9986150304039328,-22.981575436764658
8069,max,0.9545454545454553,244.55784857142862,0.999860564575671,30.820100151692202,256.92354165441066,0.5037426745240214,0.9998565083401323,80.0635773865225
