stock,minmax,BOP,LINEARREG,SIN,HT_DCPERIOD,VAR,TRIX,COS,TAN
8109,min,-1.0,63.277788571428594,-0.9993648892971684,16.11946007437721,0.02929088158907689,0.014245609699203854,-0.9999999133306097,-57.963243129616615
8109,max,2.0,18.972994285714243,1.9993647948126165,22.004354177992127,6.510113562389961,0.34234263029992995,1.999999851000764,2358.3696449428508
