stock,minmax,BOP,LINEARREG,SIN,HT_DCPERIOD,VAR,TRIX,COS,TAN
8155,min,-1.0,79.98462285714285,-0.9981555226745001,18.29366871347508,0.482405373648362,-0.5683822028362817,-0.9999077047928053,-29.579190611655708
8155,max,2.0,47.91198571428579,1.9975845368264742,14.005610679752976,34.56227603278967,0.4060673723280228,1.9998183956474045,39.06039872530466
