stock,minmax,BOP,LINEARREG,SIN,HT_DCPERIOD,VAR,TRIX,COS,TAN
8155,min,-1.0,77.98498857142845,-0.999927269462719,18.293677091851304,0.45857329846330686,-0.5683822623431034,-0.9999631323361475,-82.90923603919276
8155,max,1.0,124.69917428571432,0.9991209885321007,32.29919023431417,33.314125038466955,-0.16231483643635025,0.9997280919745649,45.10148213591286
