stock,minmax,BOP,LINEARREG,SIN,HT_DCPERIOD,VAR,TRIX,COS,TAN
8183,min,-1.0,49.50425428571428,-0.9996832160857566,15.231564533733028,0.07211336960517656,-0.2236723663865181,-0.999761525812459,-67.85652955098118
8183,max,1.973665123026279,15.868834285714385,1.9996813160089255,25.504069313896053,10.390493983995384,0.33831165871769375,1.9979849264220784,580.8346029018353
