stock,minmax,BOP,LINEARREG,SIN,HT_DCPERIOD,VAR,TRIX,COS,TAN
8210,min,-1.0,57.93656000000004,-0.9963435091505707,15.100751466441377,0.08275830159982434,-0.16124683484923796,-0.9999070989140735,-38.209842903648564
8210,max,1.0,78.30678285714284,0.9996577082179977,34.1213765257159,20.448279146398818,0.3393236466237459,0.9956578182373239,14.358121997079241
