stock,minmax,BOP,LINEARREG,SIN,HT_DCPERIOD,VAR,TRIX,COS,TAN
8210,min,-1.0,58.945891428571464,-0.9998221941714214,15.100791747786335,0.08568396638474951,-0.16124663222158997,-0.9997871877962468,-53.02175326979144
8210,max,2.0,20.725097142857102,1.9997945568737798,19.020562655746655,21.081127719202414,0.5005699502701022,1.9997711608627444,187.52358910166984
