stock,minmax,BOP,LINEARREG,SIN,HT_DCPERIOD,VAR,TRIX,COS,TAN
8255,min,-1.0,114.6359199999999,-0.9999810952389372,14.995406738287576,1.2489501303789439,-0.45855669761049045,-0.999867809533621,-162.62722373765504
8255,max,1.0,186.10795142857148,0.9998995635156871,33.71411839604263,170.47259189360557,0.2472739417977765,0.9999921510302187,70.55154599441215
