stock,minmax,BOP,LINEARREG,SIN,HT_DCPERIOD,VAR,TRIX,COS,TAN
8255,min,-1.0,117.34602285714283,-0.9889297783303195,14.995420293764209,1.3086798183976498,-0.45855667601188976,-0.9787583757479243,-6.664653433822588
8255,max,2.0,73.16171142857132,1.985347394940051,18.718635238985275,177.32013499121604,0.7058307214405035,1.9784534979687711,18.446942383062137
