stock,minmax,BOP,LINEARREG,SIN,HT_DCPERIOD,VAR,TRIX,COS,TAN
8279,min,-1.0,112.94416000000012,-0.994319729880611,19.116127210602475,0.15094390558260784,-0.16236839679977244,-0.9993016484339144,-911.1367805352452
8279,max,2.0,61.18962857142844,1.9943191275950454,21.54101152588858,62.638954472799014,0.7518471609500255,1.988806318971322,945.708679693991
