stock,minmax,BOP,LINEARREG,SIN,HT_DCPERIOD,VAR,TRIX,COS,TAN
8279,min,-1.0,109.41460571428571,-0.9989931363015812,19.116142821996036,0.1416506135792588,-0.16236858708431612,-0.9993402041342789,-22.267502583729595
8279,max,1.0,168.69206571428575,0.9990269957857695,40.65727618815562,58.92648950238436,0.5894787278967417,0.9964721236700125,22.652207632126242
