stock,minmax,BOP,LINEARREG,SIN,HT_DCPERIOD,VAR,TRIX,COS,TAN
8299,min,-0.904768205180398,233.42064285714287,-0.9996682938410089,18.148607397788055,1.9789624663535506,-0.6345521286522771,-0.9972439290834207,-38.81505178730558
8299,max,1.0,321.3962142857142,0.9991464313718939,43.563405685363904,148.59959382562374,0.15496125160427976,0.9982454403811061,24.51311482043829
