stock,minmax,BOP,LINEARREG,SIN,HT_DCPERIOD,VAR,TRIX,COS,TAN
8299,min,-0.9047690717718724,236.7654171428572,-0.999940288711944,18.148645296227002,2.0361289216962177,-0.6345521920206765,-0.9990127440092863,-91.50342127636438
8299,max,1.9047690717718724,89.23619714285724,1.9969037132442113,25.414676679246135,150.8530718520342,0.7895133874221139,1.9990104880454518,101.21033713257927
