stock,minmax,BOP,LINEARREG,SIN,HT_DCPERIOD,VAR,TRIX,COS,TAN
8349,min,-1.0,39.87398571428571,-0.9999973868044825,17.97926622722821,0.0034370584028238227,-0.1347407681618007,-0.9999470017737052,-7.5886279060491075
8349,max,1.0,66.42117428571429,0.9928726480845371,34.89042387561301,15.72623561360524,0.6638365228518683,0.9998839917456628,437.4195593138553
