stock,minmax,BOP,LINEARREG,SIN,HT_DCPERIOD,VAR,TRIX,COS,TAN
8422,min,-1.0,157.06698857142854,-0.9980426145667,16.701505263838882,0.0906494416303758,-0.1827650616585741,-0.9998719378842176,-15.959105139719092
8422,max,2.0,17.300791428571443,1.9898453172671828,11.0870854144097,16.896503588799533,0.21359238838227768,1.9997658363471014,23.720982662417047
