stock,minmax,BOP,LINEARREG,SIN,HT_DCPERIOD,VAR,TRIX,COS,TAN
8454,min,-1.0,402.15807142857153,-0.9989432231397838,15.932732277256502,15.83737233717693,-0.6659110254573664,-0.9995373316079494,-27.52284487926353
8454,max,2.0,357.5119914285719,1.998283816024781,20.503591838407264,3417.7155222045258,0.9089697665970009,1.9994378604065428,36.07667164922362
