stock,minmax,BOP,LINEARREG,SIN,HT_DCPERIOD,VAR,TRIX,COS,TAN
8454,min,-1.0,369.724537142857,-0.9999480837382149,15.932730836718601,13.385752200556453,-0.6659110427518766,-0.9999578485003978,-57.08145182780062
8454,max,1.0,698.4036085714287,0.9998465806881167,36.43633255163053,2902.05908877193,0.2430586531267931,0.9999726477785708,98.13329574789309
