stock,minmax,BOP,LINEARREG,SIN,HT_DCPERIOD,VAR,TRIX,COS,TAN
8464,min,-1.0,232.7871685714288,-0.9999962384965605,13.322240150110968,0.8806864039943321,-0.2634750960286314,-0.9961146301168451,-364.58856672796554
8464,max,2.0,60.205222857142275,1.9786118007217355,14.24105344221499,280.24226247752085,0.20465331496336558,1.9903164150135828,544.0592849515191
