stock,minmax,BOP,LINEARREG,SIN,HT_DCPERIOD,VAR,TRIX,COS,TAN
8478,min,-1.0,155.06476000000026,-0.9998884973169964,16.88439837883815,4.164827346459788,0.05126790722946861,-0.9990270125163924,-46.91167951103509
8478,max,1.0,317.7034028571429,0.9990341106861451,28.15385406935728,779.2264447176276,0.9092438957079452,0.9973192360030675,66.95854720854027
