stock,minmax,BOP,LINEARREG,SIN,HT_DCPERIOD,VAR,TRIX,COS,TAN
8916,min,-1.0,36.86542857142855,-0.9993458848665097,16.084791044512023,0.005592364000222005,0.0021692698561226464,-0.9988301524783066,-55.26753710352134
8916,max,2.0,21.219854285714327,1.9991822321717225,18.979159576657374,20.58796678959834,0.6002913140404464,1.9965334150748055,94.77203287579157
