stock,minmax,BOP,LINEARREG,SIN,HT_DCPERIOD,VAR,TRIX,COS,TAN
8916,min,-1.0,34.71942571428571,-0.9999435173647303,16.08470093220123,0.004957082399414503,0.0021690961666820385,-0.9995941929879083,-94.08256050693382
8916,max,1.0,54.70406285714281,0.9999871030030867,35.064293671356765,18.26576836960112,0.6024614376535453,0.9999170222927714,196.8958231676142
