stock,minmax,BOP,LINEARREG,SIN,HT_DCPERIOD,VAR,TRIX,COS,TAN
8924,min,-1.0,76.83997428571425,-0.9997996721671112,21.84112807807493,0.13070704961774027,-0.3592075414988072,-0.9995606952948315,-49.95156474117131
8924,max,2.0,29.341362857143025,1.9955096901514904,21.389015165266585,23.459537084004296,0.40899326159395955,1.999505665189131,71.72371746135147
