stock,minmax,BOP,LINEARREG,SIN,HT_DCPERIOD,VAR,TRIX,COS,TAN
8926,min,-1.0,24.379505714285703,-0.9963445209267782,14.86941064117502,0.0010694264019548427,-0.39771680390452424,-0.9990218413353122,-24.518796462338635
8926,max,2.0,9.318040000000028,1.9956592530254467,19.73297763831586,2.8370354639997686,0.48551534719134537,1.9990075770071134,51.51679143324357
