stock,minmax,BOP,LINEARREG,SIN,HT_DCPERIOD,VAR,TRIX,COS,TAN
8926,min,-1.0,23.397174285714264,-0.9998264626738215,14.869180199440487,0.000983141602773685,-0.39771639387836677,-0.9999723688241623,-85.74142952510908
8926,max,1.0,32.33979428571429,0.9999319944651027,34.60149270499558,2.613952509601063,0.08779549289534838,0.9999934241258975,53.67005259553478
