stock,minmax,BOP,LINEARREG,SIN,HT_DCPERIOD,VAR,TRIX,COS,TAN
8928,min,-1.0,29.791665714285713,-0.9976695203938867,18.160390800159618,0.00627064959985546,-0.3543122726389125,-0.9550940815564878,-32.48139117104291
8928,max,1.0,39.88097142857143,0.9998930878484223,31.77291986374039,4.210017869602552,0.33023642091323246,0.9999283189350772,68.38118800338175
