stock,minmax,BOP,LINEARREG,SIN,HT_DCPERIOD,VAR,TRIX,COS,TAN
8928,min,-1.0,30.46222285714286,-0.9992824687716668,18.160071729083622,0.006556511996905101,-0.35431149214942836,-0.9949822589407422,-26.383401455483863
8928,max,2.0,10.316365714285727,1.998847134316739,13.612694841722938,4.395133775998829,0.6845480122417258,1.994943643338225,60.2624845515561
