stock,minmax,BOP,LINEARREG,SIN,HT_DCPERIOD,VAR,TRIX,COS,TAN
8938,min,-1.0,67.19290000000005,-0.9999988780375779,16.809581410278494,0.017312165596194973,-0.06200084177242493,-0.9979665118951664,-149.37010876140795
8938,max,0.894767783656671,97.1047085714285,0.9999775907144124,31.291423233008473,23.001404538397765,0.4578709411822146,0.9999992332088545,667.5679547212814
