stock,minmax,BOP,LINEARREG,SIN,HT_DCPERIOD,VAR,TRIX,COS,TAN
8938,min,-1.0,67.19290000000005,-0.9999988780375779,16.809581410278494,0.017312165596194973,-0.06200084177242493,-0.9979665118951664,-149.37010876140795
8938,max,1.894767783656671,29.911808571428452,1.9999764687519903,14.48184182272998,22.98409237280157,0.5198717829546395,1.997965745104021,816.9380634826894
