stock,minmax,BOP,LINEARREG,SIN,HT_DCPERIOD,VAR,TRIX,COS,TAN
8942,min,-1.0,41.974885714285705,-0.9996246660441389,18.004695526982562,0.0022410095980376354,-0.21124277190993634,-0.9929053003644642,-36.48831372011467
8942,max,1.0,49.7783342857143,0.9945650049782305,36.23490967064899,1.0966761536001286,0.04277116197182185,0.9816279009364859,23.03437652430833
