stock,minmax,BOP,LINEARREG,SIN,HT_DCPERIOD,VAR,TRIX,COS,TAN
8996,min,-0.9375023866196557,51.405239999999964,-0.9994330342568676,16.588798005199063,0.06711695039030019,0.09143770168229537,-0.9965595400811027,-34.30883877017622
8996,max,0.9890112349491975,159.2288514285715,0.999575496418725,34.99141277720378,166.2975875223692,1.0789009437986996,0.9966343306567621,18.87558579140918
