stock,minmax,BOP,LINEARREG,SIN,HT_DCPERIOD,VAR,TRIX,COS,TAN
9802,min,-1.0,121.90649999999991,-0.9999941029292061,18.36386711638917,0.34813962246698793,-0.34619369626756047,-0.9994332389077002,-291.1822587597034
9802,max,2.0,60.144254285714425,1.9996766092907028,10.684799129465578,84.61271891758588,0.9302036258923563,1.9987544512906297,330.8569955958674
