stock,minmax,BOP,LINEARREG,SIN,HT_DCPERIOD,VAR,TRIX,COS,TAN
9802,min,-1.0,121.90649999999991,-0.9999941029292061,18.36386711638917,0.34813962246698793,-0.34619369626756047,-0.9994332389077002,-291.1822587597034
9802,max,1.0,182.05075428571433,0.9996825063614968,29.048666245854747,84.96085854005287,0.5840099296247958,0.9993212123829296,39.67473683616398
