stock,minmax,BOP,LINEARREG,SIN,HT_DCPERIOD,VAR,TRIX,COS,TAN
9911,min,-1.0,51.962871428571404,-0.9998219397017728,15.96191394235596,0.008472309605167538,-0.0940542968330571,-0.9998429182680557,-13.995845040737297
9911,max,2.0,7.085508571428527,1.9998200108748572,17.235084852068486,2.8582287024000834,0.19547440872623723,1.9992398148127286,523.136462643818
