stock,minmax,BOP,LINEARREG,SIN,HT_DCPERIOD,VAR,TRIX,COS,TAN
9914,min,-1.0,165.98757714285702,-0.9992510891481701,13.630966241111944,0.13096661754752859,-0.42326437043734844,-0.996721851672899,-4.552824860485985
9914,max,2.0,78.45455428571421,1.9991168592213353,9.938523302747436,101.27227763999326,0.4239558717389236,1.9913589909205482,65.57906315462813
