stock,minmax,BOP,LINEARREG,SIN,HT_DCPERIOD,VAR,TRIX,COS,TAN
9917,min,-1.0,87.02624857142845,-0.985118984268975,13.021571208346238,0.01981680639255501,-0.1563949356959915,-0.9970436495030154,-8.64141221218807
9917,max,2.0,13.228645714285832,1.9843979851254532,24.405628249160763,2.915801881592415,0.17804865760475685,1.9970435981774008,34.96121825160386
