stock,minmax,BOP,LINEARREG,SIN,HT_DCPERIOD,VAR,TRIX,COS,TAN
9921,min,-0.9696975837774672,185.48255142857178,-0.996306448719451,14.924349977842954,0.2955857186461799,-0.23328594132502323,-0.9998888941893235,-14.785142311059849
9921,max,1.0,241.29871142857155,0.9977205394900096,27.80675829131803,145.33569468974747,0.06942287589111196,0.9981746734117014,12.853927192467362
