stock,minmax,BOP,LINEARREG,SIN,HT_DCPERIOD,VAR,TRIX,COS,TAN
9921,min,-0.9696967692867314,189.44574000000017,-0.9997565447330647,14.924364453160573,0.3083566456916742,-0.2332863026296983,-0.9999999338567713,-46.100077234205585
9921,max,1.0,246.45453142857156,0.9997648129164483,27.80671814002251,151.6130502280139,0.06942239566294361,0.9997397663155086,15.24952047454095
