stock,minmax,BOP,LINEARREG,SIN,HT_DCPERIOD,VAR,TRIX,COS,TAN
9933,min,-0.9767394719505417,34.24224000000001,-0.999975494335514,15.351793525307718,0.006404702398185691,-0.19651579272740305,-0.9999938907344461,-9.426212368269159
9933,max,1.0,44.47886285714289,0.9969744712200469,24.44793739701948,11.030538502397803,0.1750958694431537,0.9979974041401992,142.8380058671796
