stock,minmax,BOP,LINEARREG,SIN,HT_DCPERIOD,VAR,TRIX,COS,TAN
9938,min,-1.0,44.52166571428569,-0.9996726928159478,14.276643559153865,0.01756477839717263,-0.33988501908396307,-0.9999983348905792,-106.30607198105862
9938,max,0.9444641170915933,63.33839428571433,0.9999557589892294,37.22528159742057,5.2373981239975365,0.08190615516499022,0.9996099204762117,39.07514535038048
