stock,minmax,BOP,LINEARREG,SIN,HT_DCPERIOD,VAR,TRIX,COS,TAN
9939,min,-1.0,64.57141142857147,-0.9998034443497599,16.764910239985184,0.008134274401527364,0.021918604848458756,-0.9967659872781559,-10.238901914742772
9939,max,1.0,78.90072857142857,0.9999738296303571,35.66667942492893,9.545234245599204,0.23278206065044937,0.9999995597224816,138.22021028814493
