stock,minmax,BOP,LINEARREG,SIN,HT_DCPERIOD,VAR,TRIX,COS,TAN
9939,min,-1.0,64.89085428571425,-0.9980750234625524,16.76495436161988,0.008213999994040933,0.021918575302359855,-0.9997936302681545,-16.093280163939195
9939,max,1.0,79.2910771428571,0.9996209439387406,35.66597547423686,9.640154886394157,0.23278259451402494,0.9997303423207684,36.30862358060241
