stock,minmax,BOP,LINEARREG,SIN,HT_DCPERIOD,VAR,TRIX,COS,TAN
9939,min,-1.0,66.98665142857146,-0.9999518561739997,16.76491250975267,0.008746274393161002,0.021918868029113803,-0.9998803579090324,-17.02629372666322
9939,max,2.0,14.865328571428492,1.9997747649574118,18.901100115256135,10.264066620002268,0.21086355306718652,1.995919059524093,118.93212122061021
