stock,minmax,BOP,LINEARREG,SIN,HT_DCPERIOD,VAR,TRIX,COS,TAN
9942,min,-1.0,71.08785714285713,-0.9998855836813101,16.513320825872853,0.012964038414793322,-0.08564012956515654,-0.9999420152305756,-42.33501157942974
9942,max,1.0,104.68412285714292,0.9961835150317541,37.26864524374412,9.398298940017412,0.41924837840372486,0.994454250839865,66.10034811958799
