stock,minmax,BOP,LINEARREG,SIN,HT_DCPERIOD,VAR,TRIX,COS,TAN
9942,min,-1.0,75.26956857142854,-0.9918897317065474,16.513314522405867,0.014534547987750557,-0.08564010748403073,-0.9997420698618186,-264.54991088104254
9942,max,2.0,35.57248000000001,1.9918825875640045,20.755586808892847,10.521900706394263,0.5048881186110576,1.9997420686228966,335.44044508516305
