stock,minmax,BOP,LINEARREG,SIN,HT_DCPERIOD,VAR,TRIX,COS,TAN
9958,min,-1.0,60.34860857142856,-0.9990238986178335,17.55795947652831,0.12479648961470957,-0.6207983745396217,-0.9999768912867325,-22.61618877767687
9958,max,1.0,108.05881428571415,0.9968634147892559,24.13475898175208,43.60935111362778,-0.04180094778616361,0.9994927338008853,8.18274930643377
