stock,minmax,BOP,LINEARREG,SIN,HT_DCPERIOD,VAR,TRIX,COS,TAN
9958,min,-1.0,60.34860857142856,-0.9990238986178335,17.55795947652831,0.12479648961470957,-0.6207983745396217,-0.9999768912867325,-22.61618877767687
9958,max,2.0,47.71020571428559,1.9958873134070894,6.576799505223768,43.48455462401307,0.5789974267534581,1.9994696250876178,30.79893808411064
