stock,minmax,BOP,LINEARREG,SIN,HT_DCPERIOD,VAR,TRIX,COS,TAN
9958,min,-1.0,59.505434285714216,-0.9994044970375093,17.557990020130898,0.1213415215979694,-0.6207984744884487,-0.9999993968103214,-23.741937918621378
9958,max,1.0,106.54907999999996,0.9999670328759865,24.134575494452754,42.39958705358913,-0.04180101798100244,0.9967243977858653,123.14980627062305
