stock,minmax,BOP,TEMA,STDDEV,ULTOSC,TAN,COS,SUB,SIN
1304,min,-1.0,18.438746403647052,0.023956009647754215,22.028548999263677,-39.58754708728857,-0.9996528963763606,0.14679999999999893,-0.9996811069608085
1304,max,1.0,23.42976089219108,0.9399608693972433,75.1570274961847,71.66838539812416,0.9999580848432047,1.321200000000001,0.9999026689621475
