stock,minmax,BOP,TEMA,STDDEV,ULTOSC,TAN,COS,SUB,SIN
1477,min,-1.0,267.26402354903735,1.5601115301621253,33.94582242516883,-47.7421011145984,-0.9989767558390537,4.612599999999986,-0.9997807073512943
1477,max,0.9285802775024748,363.16940533881865,14.181000169444797,70.42526148440395,236.93975541820384,0.999965045563905,20.75659999999999,0.9999910938843396
