stock,minmax,BOP,TEMA,STDDEV,ULTOSC,TAN,COS,SUB,SIN
1560,min,-1.0,120.11852749135032,0.5577099690834733,30.7589734714719,-25.846283540905112,-0.9998900288386436,1.4831000000000074,-0.9999603078449041
1560,max,0.9599967634921932,183.7080357009455,11.696135563442207,70.01215143686797,112.23278335015584,0.9980530407424795,13.347700000000003,0.999252370299469
