stock,minmax,BOP,TEMA,STDDEV,ULTOSC,TAN,COS,SUB,SIN
2324,min,-0.9000619450753649,27.371434028089187,0.07751250222404756,32.54413139768873,-26.11751296785411,-0.9999420459147105,0.2906000000000013,-0.9999486898705586
2324,max,0.9180544272948821,33.66448949158951,2.3985152012029163,68.30102708758291,98.71126869640852,0.9529498261964716,3.1481999999999957,0.9949618604921188
