stock,minmax,BOP,TEMA,STDDEV,ULTOSC,TAN,COS,SUB,SIN
2353,min,-1.0,31.0713079881979,0.1261580754475597,32.895931913753984,-90.27233940920335,-0.9993162877515422,0.43539999999999424,-0.9994249240048292
2353,max,1.0,36.84416633124707,2.718360462779479,68.3077192772204,29.473723516880106,0.9672263428857697,4.548099999999998,0.9999386491418706
