stock,minmax,BOP,TEMA,STDDEV,ULTOSC,TAN,COS,SUB,SIN
2368,min,-0.9523804908308461,145.79897968250737,1.5721150001194097,28.238153315506466,-15.544124299072713,-0.9994669750854669,3.4391000000000247,-0.9969843332979942
2368,max,0.9545450340010182,218.94780358815007,12.662044677445728,66.59882444887928,80.01650594101004,0.9998153949365685,22.108199999999982,0.9999219163747226
