stock,minmax,BOP,TEMA,STDDEV,ULTOSC,TAN,COS,SUB,SIN
2379,min,-0.9411771843187716,354.353023920784,1.752036761718003,37.287459548941435,-8.4824728743818,-0.9999689395734037,4.09880000000004,-0.9996106929886767
2379,max,1.0,432.99294751417125,11.773452293292756,66.56623584859781,35.82713294561586,0.9999845049835651,22.315699999999993,0.9918409515755381
