stock,minmax,BOP,TEMA,STDDEV,ULTOSC,TAN,COS,SUB,SIN
2408,min,-0.9565217391304373,63.67331243700258,0.14142135619061974,27.022063578283,-70.59035256924146,-0.9990597137251612,0.5999999999999943,-0.9984459283175113
2408,max,0.9655172413793122,72.36601162396019,2.7947092872060506,78.20634839967312,11.62167352207334,0.9998869257099253,4.799999999999997,0.9998996738972931
