stock,minmax,BOP,TEMA,STDDEV,ULTOSC,TAN,COS,SUB,SIN
2436,min,-0.9677281400092105,52.901873535144894,0.33627295104874544,26.29916956201911,-56.948411492017975,-0.999928372764366,0.6863999999999919,-0.99984586319404
2436,max,1.0,74.8676537277579,5.766744270037138,70.4230477268977,14.41439996543713,0.999877359320313,7.158200000000008,0.9997720845678321
