stock,minmax,BOP,TEMA,STDDEV,ULTOSC,TAN,COS,SUB,SIN
2454,min,-1.0,639.8336786769113,1.8083801029410742,31.96347568805252,-22.909284496160907,-0.999622306281763,5.718599999999924,-0.9980413031915542
2454,max,1.0,911.0880823070189,22.719793009343142,77.74111760285635,15.953746095257905,0.999982654392734,43.842700000000036,0.9990486794477715
