stock,minmax,BOP,TEMA,STDDEV,ULTOSC,TAN,COS,SUB,SIN
2455,min,-1.0,118.34922410739472,0.3693764171698727,30.49062688525886,-35.274365311688086,-0.999540953678764,2.4680999999999926,-0.9998444835628737
2455,max,0.933336934795525,164.8606812219264,9.073002486187375,75.19592573180192,72.8967982615733,0.9942239304980544,17.27680000000001,0.9999059211919498
