stock,minmax,BOP,TEMA,STDDEV,ULTOSC,TAN,COS,SUB,SIN
2492,min,-1.0,89.54773960534685,0.3250007717013645,22.93108201406346,-10.696599044659445,-0.9957735728967771,0.68719999999999,-0.9999800003557153
2492,max,0.9418662497334952,127.26161361576987,7.289719070746051,70.78604612378693,158.11291741834788,0.9998152939461323,10.798699999999997,0.9956405157513983
