stock,minmax,BOP,TEMA,STDDEV,ULTOSC,TAN,COS,SUB,SIN
2606,min,-1.0,39.917226716178355,0.22567080981849302,22.304496615061826,-17.045548687444597,-0.9999999181912241,0.5272999999999968,-0.9982835595074165
2606,max,0.9856947010788575,47.22180994429886,2.5511842611626743,67.78132029855625,65.8126542163544,0.9997645024002858,3.355400000000003,0.9998845813478477
