stock,minmax,BOP,TEMA,STDDEV,ULTOSC,TAN,COS,SUB,SIN
2612,min,-1.0,37.05107606574684,0.10257350536833679,20.814930199839644,-20.60586402436596,-0.9999801267267108,0.3423000000000016,-0.9999255708767227
2612,max,1.0,43.81333271533144,2.2298270232478976,55.10940087442123,2449.960205415856,0.9998362510454344,6.553100000000001,0.9999999166986788
