stock,minmax,BOP,TEMA,STDDEV,ULTOSC,TAN,COS,SUB,SIN
2731,min,-1.0,107.45476926893642,0.35568195116540935,20.032942129182775,-47.054055772997124,-0.9999945510349242,1.4258999999999986,-0.9997742494610464
2731,max,1.0,166.14219857041886,9.262534202344282,56.03458230477827,619.4578398394816,0.9996603409115976,11.8827,0.9999986969963027
