stock,minmax,BOP,TEMA,STDDEV,ULTOSC,TAN,COS,SUB,SIN
3044,min,-0.9545467396733565,111.27260678697345,0.34456939506450096,27.270845891138713,-33.244613388347084,-0.9985223475972591,1.3592999999999904,-0.9979309474052144
3044,max,0.9615393816636224,203.71133518288795,11.097787013887771,70.6030750059166,106.55070126233424,0.9961093075010281,19.774699999999996,0.9999559618881052
