stock,minmax,BOP,TEMA,STDDEV,ULTOSC,TAN,COS,SUB,SIN
3088,min,-1.0,68.99362944207162,0.16415329421670058,19.206309536501013,-47.00164735681277,-0.9975947095381851,0.7632999999999868,-0.9997737459124373
3088,max,1.0,91.50473936772012,5.001185167777208,66.63696988458075,41.64943029688105,0.9998172108679443,8.035300000000007,0.9997118861387355
