stock,minmax,BOP,TEMA,STDDEV,ULTOSC,TAN,COS,SUB,SIN
3217,min,-1.0,113.70905869875243,0.3601719401740938,35.06074871078661,-19.02834529035689,-0.9998569703376881,1.9251000000000005,-0.9999999331177357
3217,max,1.0,159.3551706177221,10.480138872748899,76.4511773019105,2734.195073702604,0.9997705826562917,18.770200000000017,0.9925755166345556
