stock,minmax,BOP,TEMA,STDDEV,ULTOSC,TAN,COS,SUB,SIN
3218,min,-1.0,276.41388777316706,0.9205181486139354,18.83107139876752,-69.68886289047072,-0.9993541084240197,2.9191999999999894,-0.9998970618910448
3218,max,0.9473621583029532,380.71515384242514,10.990210654879926,60.21458238740023,25.777865737784115,0.9997440852811024,17.5154,0.999440991660354
