stock,minmax,BOP,TEMA,STDDEV,ULTOSC,TAN,COS,SUB,SIN
3234,min,-1.0,22.273543689921052,0.16852299546328864,29.09325925899896,-205.3460027731648,-0.9997039456950855,0.3500000000000014,-0.999988142591743
3234,max,1.0,32.484667801793925,3.4088747406731525,80.03293583313302,10.480178718320056,0.9994640538508954,3.6499999999999986,0.9807632477451529
