stock,minmax,BOP,TEMA,STDDEV,ULTOSC,TAN,COS,SUB,SIN
3479,min,-1.0,89.2803255876854,0.4023484728266025,29.47962247227563,-40.23947518569991,-0.9979917195833031,0.7586999999999904,-0.9996913514182082
3479,max,1.0,103.17018586231202,3.2269794251580426,54.74097841386997,29.421271184622967,0.9999895807941928,7.112799999999993,0.9994228734588623
