stock,minmax,BOP,TEMA,STDDEV,ULTOSC,TAN,COS,SUB,SIN
3532,min,-1.0,132.3060679739297,0.5311813361580743,21.45760908139193,-183.02609843483754,-0.980635484007781,0.9697999999999922,-0.9999850743161915
3532,max,0.9166824204719256,158.92835216518412,5.132569969663773,71.03757819771704,9.025781558284054,0.9999834536829608,9.212999999999994,0.9939183085461403
