stock,minmax,BOP,TEMA,STDDEV,ULTOSC,TAN,COS,SUB,SIN
3587,min,-1.0,198.32563229434373,1.087924301858805,21.08576818261499,-7.563578925871882,-0.9999976653379427,2.907600000000002,-0.9795807869183055
3587,max,1.0,303.3754025701698,22.431654379421314,67.1147346235337,54.100308994055574,0.9966562814000909,27.62239999999997,0.9998292112566016
