stock,minmax,BOP,TEMA,STDDEV,ULTOSC,TAN,COS,SUB,SIN
3592,min,-1.0,293.2471343868229,1.7599839287524461,30.694902932569896,-46.263860860064895,-0.9999465083451874,2.88900000000001,-0.9991055552951085
3592,max,1.0,391.05781660485025,15.485118012128778,80.07747839019527,506.70589429703875,0.9999788993639265,26.00150000000002,0.9999980525925678
