stock,minmax,BOP,TEMA,STDDEV,ULTOSC,TAN,COS,SUB,SIN
3617,min,-1.0,183.55437735554344,1.2028761133654555,23.24624363012037,-124.717923286805,-0.999533716775817,3.3925999999999874,-0.9997823025496254
3617,max,1.0,284.5294452917915,16.761146106472886,63.767265230832926,230.3682149715852,0.9984793222210958,31.216200000000015,0.999990578528202
