stock,minmax,BOP,TEMA,STDDEV,ULTOSC,TAN,COS,SUB,SIN
3680,min,-1.0,298.2165306331336,2.177314563943494,24.84610794423044,-33.17526222538537,-0.9967434435121553,4.414600000000007,-0.999546010874856
3680,max,0.9555563609675214,414.18313347726865,19.14351396043914,67.58808714126701,5.61823928104519,0.9999992160182385,30.489800000000002,0.9845261903921853
