stock,minmax,BOP,TEMA,STDDEV,ULTOSC,TAN,COS,SUB,SIN
3702,min,-0.9544681655016045,48.85626809174323,0.09813651712371547,33.8087946951109,-72.87526548923958,-0.9999999621569617,0.35880000000000223,-0.9809339285335524
3702,max,0.9545583372697233,72.67316631440792,2.3035317539789113,82.24381556947128,15.273682593219073,0.9994124141079322,4.715100000000007,0.9999058655958364
