stock,minmax,BOP,TEMA,STDDEV,ULTOSC,TAN,COS,SUB,SIN
3704,min,-1.0,41.55350092528493,0.2868289706476802,24.0505525863882,-203.20017943887035,-0.9973856951106149,0.6744999999999948,-0.9994460679011326
3704,max,1.0,57.54881905136167,4.313920725929614,68.81954392711314,30.03144646971445,0.9997312988678434,7.512799999999999,0.999987890842119
