stock,minmax,BOP,TEMA,STDDEV,ULTOSC,TAN,COS,SUB,SIN
4105,min,-1.0,71.50180178474051,0.0605259945647753,21.93986795525788,-17.47182185455371,-0.9953215360330584,0.28709999999999525,-0.9992579130906978
4105,max,0.9411800860479447,81.94830428206119,1.5420143138197644,58.72749618284845,45.822213439311184,0.9998437780321473,3.7325000000000017,0.9997619529624305
