stock,minmax,BOP,TEMA,STDDEV,ULTOSC,TAN,COS,SUB,SIN
4915,min,-1.0,59.57919939694436,0.13628776320300814,23.214892310064148,-38.24206918362183,-0.9991530295733788,0.5780999999999992,-0.9996582845723737
4915,max,0.949981839879623,69.41033794922757,3.1350066567072585,66.57853551350878,11.113117964145012,0.999996210300237,5.974499999999999,0.9837476080276871
