stock,minmax,BOP,TEMA,STDDEV,ULTOSC,TAN,COS,SUB,SIN
4953,min,-1.0,101.78245143359527,0.30459058430826524,27.939939209922876,-28.174384437813845,-0.9925358475987999,0.9632000000000005,-0.9993707097030892
4953,max,1.0,153.67631480575704,12.237572572598586,63.49531362357086,24.780851170675987,0.9979795257316043,18.301900000000018,0.9991867809394721
