stock,minmax,BOP,TEMA,STDDEV,ULTOSC,TAN,COS,SUB,SIN
4967,min,-1.0,58.10279489047811,0.36110696476248805,24.395968355945758,-161.23555963803662,-0.99964745596635,1.1820000000000022,-0.9999807674966553
4967,max,0.9583333333333358,93.87083071338719,6.800176468298993,68.52996303527992,17.85933923397458,0.9988587716774113,8.300000000000011,0.998436062165547
