stock,minmax,BOP,TEMA,STDDEV,ULTOSC,TAN,COS,SUB,SIN
5347,min,-1.0,63.56030491602472,0.18552115348943995,24.051442641984025,-15.065410689405084,-0.99906467970418,0.4749999999999943,-0.9961954401676314
5347,max,0.9285606858174174,79.11088793086608,3.060335135503245,74.63678156026967,1334.40311354404,0.9993426194578274,5.604299999999995,0.9999997192008893
