stock,minmax,BOP,TEMA,STDDEV,ULTOSC,TAN,COS,SUB,SIN
5347,min,-1.0,64.61541171532197,0.1886115436721824,24.05069695110669,-19.530249194862275,-0.9998070289436598,0.48279999999999745,-0.9989722252537838
5347,max,0.9285450107256386,80.42411468220827,3.1111166745102423,74.63700328420212,146.62501421917557,0.99967587043891,5.697400000000002,0.9999767438018237
