stock,minmax,BOP,TEMA,STDDEV,ULTOSC,TAN,COS,SUB,SIN
5903,min,-1.0,173.81444790645665,0.0,13.29163509258702,-6.606646396294916,-0.989313951793469,0.0,-0.9887378156607988
5903,max,1.0,202.61561773254923,3.5697093777339086,71.40874726001243,66.10560516232447,0.999878144585946,6.301000000000016,0.9998856018753604
