stock,minmax,BOP,TEMA,STDDEV,ULTOSC,TAN,COS,SUB,SIN
6121,min,-1.0,285.21175797958864,0.4243609815982912,33.6694920408018,-16.27356075756774,-0.9999617774233829,1.897800000000018,-0.9981173177917797
6121,max,1.0,352.4547027452842,10.418904715846239,73.11709529570368,8.418273264662803,0.9995719223079073,15.182500000000005,0.9930183636999117
