stock,minmax,BOP,TEMA,STDDEV,ULTOSC,TAN,COS,SUB,SIN
6139,min,-0.9444483240223464,55.8256634293648,0.6271128268498322,34.18133654260426,-72.51075600277998,-0.9999949307439916,1.1936999999999998,-0.999904916930448
6139,max,0.9799928770452305,141.8791411873638,10.003448774217976,82.71952464894335,33.051540365424835,0.9988853034572461,17.183999999999997,0.999542608013555
