stock,minmax,BOP,TEMA,STDDEV,ULTOSC,TAN,COS,SUB,SIN
6147,min,-1.0,60.502031303138594,0.09335005939589297,23.666954965227806,-88.04028813422268,-0.9992914833618761,0.28590000000001226,-0.9999354992040694
6147,max,0.9230645031081016,68.26385382711973,1.3550249281799673,69.40418724172963,11.511863400403868,0.9887341473023006,2.5726999999999975,0.9962482891008351
