stock,minmax,BOP,TEMA,STDDEV,ULTOSC,TAN,COS,SUB,SIN
6235,min,-1.0,108.99813526359043,1.1705183337276328,23.03049223120683,-73.2611353020213,-0.9979379248353752,0.0,-0.9999068544667868
6235,max,0.9411771800747811,164.78704307285403,16.48832701611627,65.90553620050834,17.76476611493075,0.9993143686876185,19.508399999999995,0.998419405739147
