stock,minmax,BOP,TEMA,STDDEV,ULTOSC,TAN,COS,SUB,SIN
6235,min,-1.0,108.07189388369937,1.1605666667656296,23.030501467379377,-5.588633574613539,-0.9875580013482215,0.0,-0.9843656465231351
6235,max,0.9411721772133426,163.3867048516384,16.348221265079594,65.90528027867201,21.144507812353233,0.9983779632254112,19.342600000000004,0.9988835300090616
