stock,minmax,BOP,TEMA,STDDEV,ULTOSC,TAN,COS,SUB,SIN
6245,min,-1.0,85.76730156250474,0.3579055652208181,26.8586678386159,-826.874560668735,-0.9999796972117677,0.9564999999999912,-0.9998652486934057
6245,max,1.0,107.17425052787027,6.835419611524902,75.2364553603008,9.087694334074746,0.999138762105282,8.609300000000005,0.9999992687089364
