stock,minmax,BOP,TEMA,STDDEV,ULTOSC,TAN,COS,SUB,SIN
6282,min,-1.0,36.977297408419446,0.07375341622067676,23.921626397625904,-16.508979282506868,-0.9999948000500608,0.49270000000000636,-0.9981704829468875
6282,max,0.9230849292256452,54.560403544613,3.270436084317389,64.727536476001,6.688631337235222,0.999853749830327,7.1936000000000035,0.9954126588841817
