stock,minmax,BOP,TEMA,STDDEV,ULTOSC,TAN,COS,SUB,SIN
6285,min,-1.0,87.1585117229445,0.7197452149106661,28.96554282476445,-10.138416657738704,-0.9988171901738483,1.8858000000000033,-0.9951708032427066
6285,max,0.9090838973409682,141.40721683387653,5.855231713057219,67.95392301304607,9.244461165922374,0.998592411312743,10.843599999999995,0.9922444666483428
