stock,minmax,BOP,TEMA,STDDEV,ULTOSC,TAN,COS,SUB,SIN
6415,min,-0.9714270933921927,257.62887606733193,1.0426876190895251,28.574689436423945,-32.054359774768734,-0.9995856714666677,5.467799999999954,-0.9995137283813256
6415,max,0.9807681891689045,426.1721897219671,23.60420686550402,71.16537464387527,31.130391158084134,0.999957998391416,32.80680000000001,0.9994844569913715
