stock,minmax,BOP,TEMA,STDDEV,ULTOSC,TAN,COS,SUB,SIN
6446,min,-1.0,309.2310228486534,0.20000000042055036,25.94538154561896,-224.42224449858668,-0.9977962794945308,4.5,-0.9980801614308696
6446,max,0.9230769230769231,368.3451109309824,21.483482026900088,68.43510362701912,4.638010543505064,0.9999610927573088,35.0,0.9999900726865629
