stock,minmax,BOP,TEMA,STDDEV,ULTOSC,TAN,COS,SUB,SIN
6488,min,-1.0,436.1605312979333,0.9478178086582285,17.197414878803638,-7.758085989759583,-0.9957492893972649,3.3857999999999606,-0.9999943631548996
6488,max,0.9499984494040544,548.643138249279,22.341106822448197,71.87252729288201,297.82771931958763,0.9954723587420302,40.62969999999996,0.9917947867431041
