stock,minmax,BOP,TEMA,STDDEV,ULTOSC,TAN,COS,SUB,SIN
6515,min,-1.0,550.4363200091171,2.2197756614076747,20.708755586619272,-391.5777407094954,-0.9973696027547813,8.898900000000026,-0.999996739141997
6515,max,0.9473664599579503,836.4201175957237,60.82059102858749,57.84312991510081,30.428657033334684,0.9999903912090821,93.9326000000001,0.9998650490391912
