stock,minmax,BOP,TEMA,STDDEV,ULTOSC,TAN,COS,SUB,SIN
6523,min,-1.0,115.57779407953329,0.35635544957907533,18.71457396631185,-75.6410257238538,-0.9981712487146509,0.9392999999999887,-0.9999126227722822
6523,max,1.0,152.24842730897018,7.454478676717538,60.514982152165885,12.621337067799681,0.9984271521180541,12.857700000000023,0.9997907771729517
