stock,minmax,BOP,TEMA,STDDEV,ULTOSC,TAN,COS,SUB,SIN
6538,min,-0.958333333333334,98.08228293997006,0.7067757703779742,14.822485573847452,-12.834764877914221,-0.993587215115393,1.9235999999999933,-0.9986224473707922
6538,max,1.0,175.5846133738171,12.307075716252768,81.4754164235359,59.51955366629466,0.9909787924207056,21.640500000000003,0.9998588896919246
