stock,minmax,BOP,TEMA,STDDEV,ULTOSC,TAN,COS,SUB,SIN
6591,min,-1.0,46.11312516414816,0.07648000002452263,22.473538024366064,-21.44068632298764,-0.9949128851397164,0.2867999999999995,-0.9993561619135577
6591,max,1.0,51.49769954473417,4.318787248569285,68.27642451282162,27.85395565937732,0.9970229124808705,5.162300000000002,0.9989141125915206
