stock,minmax,BOP,TEMA,STDDEV,ULTOSC,TAN,COS,SUB,SIN
6741,min,-1.0,91.70681758424378,0.37042408126157905,17.864078648652733,-22.19170848246579,-0.9982039637118694,1.2870999999999952,-0.9989862572955398
6741,max,1.0,133.44191589757824,5.315258286101501,55.609450064271435,28.8146654819642,0.9991732962807949,9.405500000000004,0.9993983405304847
