stock,minmax,BOP,TEMA,STDDEV,ULTOSC,TAN,COS,SUB,SIN
6806,min,-1.0,89.40116980755455,0.5029301796232664,21.831433287182943,-18.72772571714477,-0.997938107746155,1.3851999999999975,-0.9997475918939032
6806,max,1.0,116.51700209073047,5.510862857155652,61.55310302849776,44.499089648791816,0.9996322647009975,9.348800000000011,0.9997416424863075
