stock,minmax,BOP,TEMA,STDDEV,ULTOSC,TAN,COS,SUB,SIN
8016,min,-0.9444508952416316,208.29352772533014,0.4687710999806948,34.74654905142743,-12.709299247860033,-0.9994257140439639,2.392300000000006,-0.9996138987914891
8016,max,0.949995297363389,286.24380404372965,11.68605355258072,82.18692861092546,35.975648567773625,0.9997081329637871,23.4444,0.99884582839545
