stock,minmax,BOP,TEMA,STDDEV,ULTOSC,TAN,COS,SUB,SIN
8109,min,-1.0,85.77254982386455,0.2406582771902365,27.595142898144815,-89.83215282413428,-0.999932227659484,0.4712999999999994,-0.999938046474034
8109,max,1.0,107.10780483396235,4.573088736683189,74.6463005683789,11.849729921628027,0.999943604163721,8.483199999999997,0.9964580620012435
