stock,minmax,BOP,TEMA,STDDEV,ULTOSC,TAN,COS,SUB,SIN
8210,min,-1.0,160.84424518704168,0.6666027770400195,30.97605357646915,-30.415164224147514,-0.9997156468005097,3.9314999999999998,-0.9994599453027404
8210,max,1.0,232.452050658468,19.224220959300883,70.16472207097912,18.326591062435835,0.9911723673160175,33.4178,0.9986996172410538
