stock,minmax,BOP,TEMA,STDDEV,ULTOSC,TAN,COS,SUB,SIN
8255,min,-1.0,160.07496914002627,0.47858130590185055,20.655431934159353,-52.32848260069042,-0.9999610570007805,1.465299999999985,-0.9998174529621905
8255,max,1.0,177.45875088570327,9.65633295892089,64.48977596956908,21.033706102016854,0.9993346051564796,14.979299999999995,0.9953309972818918
