stock,minmax,BOP,TEMA,STDDEV,ULTOSC,TAN,COS,SUB,SIN
8299,min,-0.949997442062721,358.72433124673415,2.012474196960434,29.479181277830286,-11.575385740267418,-0.9998584978933991,4.886700000000019,-0.998558409578672
8299,max,0.9749985931272992,478.28001658705745,17.04452740117784,67.11363623031609,407.16757829326576,0.9986564427778901,34.207100000000025,0.9999969840671915
