stock,minmax,BOP,TEMA,STDDEV,ULTOSC,TAN,COS,SUB,SIN
8349,min,-1.0,47.28056426954838,0.09076254736570918,30.379695653612593,-42.13539378720457,-0.9966786863896993,0.2669999999999959,-0.999718490877357
8349,max,1.0,56.340278118057995,1.4960173961579244,63.21943719369681,25.90812186401489,0.9859742070650525,2.2661999999999978,0.9992559309950333
