stock,minmax,BOP,TEMA,STDDEV,ULTOSC,TAN,COS,SUB,SIN
9939,min,-1.0,96.63712512480726,0.3606637015248905,32.40460423477179,-13.07404955702905,-0.9995172961281996,0.4819999999999993,-0.9878770653770207
9939,max,1.0,111.74315910737499,3.366918287691936,74.8302457868946,10.070452567134094,0.9862429547202547,6.265699999999995,0.9970876117546693
