stock,minmax,BOP,TEMA,STDDEV,ULTOSC,TAN,COS,SUB,SIN
9939,min,-1.0,97.11522797028903,0.36244900662351753,32.40430506969611,-11.873331023353895,-0.9999777435103331,0.4843000000000046,-0.9922550117016823
9939,max,1.0,112.29599417482417,3.383566584302079,74.82964025078525,7.988044105916694,0.9769262124038204,6.296700000000001,0.996472054561093
