stock,minmax,BOP,TEMA,STDDEV,ULTOSC,TAN,COS,SUB,SIN
9958,min,-1.0,122.62260518578036,1.231560042542722,24.97608088047838,-23.408792774274072,-0.9998092284619389,2.4651000000000067,-0.9993383051006868
9958,max,0.8125047539362578,182.6268677254792,11.526002677701447,69.97640308123636,27.475176921086344,0.9987995788413864,18.241500000000002,0.9901040981007094
