stock,minmax,BOP,MINUS_DM,STDDEV,ADXR,TAN,COS,HT_DCPHASE,SIN
1795,min,-0.959998057372274,13.278386016572831,0.9582377838952024,18.14317408000325,-76.57996417163534,-0.9995165875987889,-44.496175751831856,-0.9999147520096164
1795,max,1.959998057372274,23.986791458317406,27.08096248102115,20.832667685801923,84.34624271582891,1.9995074159899966,355.0265452179344,1.9987030716065441
