stock,minmax,BOP,MINUS_DM,STDDEV,ADXR,TAN,COS,HT_DCPHASE,SIN
2204,min,-1.0,1.2072572613435115,0.2747664200766547,17.975602443321847,-1060.1583924275283,-0.9715002556801358,-32.15258956310282,-0.9999995551350364
2204,max,1.9199782708620599,4.807924503193653,3.4780325165045536,37.13742667532572,1176.16462553626,1.9712373234933191,346.9920697184139,1.9999624030534564
