stock,minmax,BOP,MINUS_DM,STDDEV,ADXR,TAN,COS,HT_DCPHASE,SIN
2351,min,-1.0,5.880197051151151,0.4849250152280068,14.70901108089765,-5.893839036047318,-0.9993855619485659,-44.34725572009097,-0.9987296942225253
2351,max,1.9500041276262023,14.303196078811734,9.852958912616698,28.23009222349643,25.71443887311952,1.9879024583211853,357.75924830240956,1.9846394577356028
