stock,minmax,BOP,MINUS_DM,STDDEV,ADXR,TAN,COS,HT_DCPHASE,SIN
2375,min,-1.0,3.074232424089601,0.22256224296157914,12.485550511040893,-12.098812468396371,-0.9997088607617738,-42.569747599962284,-0.998280186319
2375,max,1.9666700816173184,7.877091572535969,4.820468531720408,25.84231717459125,29.12759348223892,1.9943328589422724,349.53019312227923,1.9948818504700874
