stock,minmax,BOP,MINUS_DM,STDDEV,ADXR,TAN,COS,HT_DCPHASE,SIN
2382,min,-0.9411956238603809,0.8424199216616866,0.10534815427053684,11.66302929717569,-36.62807767763967,-0.9989309887446353,26.560359400285524,-0.9996183887810502
2382,max,1.941195623860381,3.451183898032237,3.925363285167337,47.92857607778267,72.8148717305515,1.998853633106203,179.4931375093044,1.9992459121318737
