stock,minmax,BOP,MINUS_DM,STDDEV,ADXR,TAN,COS,HT_DCPHASE,SIN
2449,min,-1.0,0.4320545193453105,0.08224783523517476,19.017890398915274,-60.291796456169884,-0.999855177090338,-41.535019466699396,-0.9998624806019604
2449,max,2.0,3.4978234490309985,2.4693044903891437,40.939608817983654,75.58549134954292,1.9989435489469165,353.90193671021115,1.9977316187215588
