stock,minmax,BOP,MINUS_DM,STDDEV,ADXR,TAN,COS,HT_DCPHASE,SIN
3034,min,-0.964283900209039,6.418703954733264,0.6199403467018612,19.557174811027647,-12.07079172143415,-0.9999983332692975,-40.92256981596779,-0.996586544878725
3034,max,1.9415578707000112,52.33353076671206,12.815082918685352,42.75172517191663,24.14264228488973,1.9984433472453909,355.6449683769942,1.9931724939424578
