stock,minmax,BOP,MINUS_DM,STDDEV,ADXR,TAN,COS,HT_DCPHASE,SIN
3406,min,-1.0,18.57660904929089,1.5146109908897893,11.771574778088338,-60.086403254773984,-0.9991302188363473,-41.311308708755405,-0.990397572183118
3406,max,2.0,54.48094383574686,10.210980561372486,16.12769352075283,434.122994164863,1.980929615654512,355.73064691498655,1.990393998306986
