stock,minmax,BOP,MINUS_DM,STDDEV,ADXR,TAN,COS,HT_DCPHASE,SIN
3669,min,-1.0,2.094761119630063,0.10036453557565171,11.962156726903135,-37.03924967345519,-0.999215844426627,-40.73202058169977,-0.9999255708767227
3669,max,2.0,3.202732438415277,1.075591887086775,23.164900890391205,118.99686364709564,1.9961129549652177,348.1550244883391,1.9997254141233785
