stock,minmax,BOP,MINUS_DM,STDDEV,ADXR,TAN,COS,HT_DCPHASE,SIN
4768,min,-1.0,8.372588857318867,0.35971500044805105,12.058890797805635,-24.540209803234625,-0.99264055663133,-42.41889938412152,-0.9982806429930294
4768,max,2.0,24.006093298334577,9.083383227059258,14.563324791152013,27.286544090200127,1.9845357287524004,356.16531609461805,1.9974514168079942
