stock,minmax,BOP,MINUS_DM,STDDEV,ADXR,TAN,COS,HT_DCPHASE,SIN
5388,min,-1.0,2.785312117794972,0.26893774298105705,14.528793799174583,-566.477216345056,-0.9999799590802689,-42.1729757243437,-0.9998959274561792
5388,max,2.0,6.713687640507134,2.3223367923790073,10.63235405710747,635.7851604516205,1.9975813147798753,354.50965489414193,1.9998943693247253
