stock,minmax,BOP,MINUS_DM,STDDEV,ADXR,TAN,COS,HT_DCPHASE,SIN
5876,min,-0.9614953570284942,1.1153286115649967,0.08036717244941784,11.919648300447475,-23.67894966947683,-0.49914043799756347,-41.80837847825535,-0.9940763422174431
5876,max,1.961495357028494,2.8552139230280336,1.0708815989323817,12.75946741699209,33.44947681665538,1.498762258464604,352.11421864738054,1.9931857791429284
