stock,minmax,BOP,MINUS_DM,STDDEV,ADXR,TAN,COS,HT_DCPHASE,SIN
5903,min,-1.0,2.959688589211379,0.2376005048155781,12.855650577489325,-17.630509339012267,-0.999857066715048,-36.40906434236285,-0.9911944864880833
5903,max,2.0,10.80223341531574,5.26272269637363,23.76158115432801,25.116076188614002,1.9850062742584846,351.0899851875761,1.9895897861735088
