stock,minmax,BOP,MINUS_DM,STDDEV,ADXR,TAN,COS,HT_DCPHASE,SIN
6143,min,-1.0,3.732625899911618,0.3153776504605161,21.649914166351355,-47.447873001676676,-0.9990904443439305,-40.084221172811795,-0.999777980124189
6143,max,2.0,12.939461684500149,6.46500365887694,17.86272169352006,60.015008042861126,1.9947884469586663,348.9404964611941,1.9966270338273258
