stock,minmax,BOP,MINUS_DM,STDDEV,ADXR,TAN,COS,HT_DCPHASE,SIN
6515,min,-0.9761897776669436,29.513036957279937,3.0580150395771,16.691955921110328,-20.91516913021678,-0.9969029008059509,-41.81178356084746,-0.9941683745318494
6515,max,1.9761897776669435,119.02925223347752,58.840407105335785,25.36760450894954,104.61114627809323,1.995983043255617,346.46551225728984,1.994097004754658
